Brand,Model,Year,Kilometres_Driven,Fuel_Type,Transmission,Owner_Count,Engine_CC,Mileage_kmpl,Selling_Price
Maruti,Swift,2014,145500.0,Diesel,Manual,1,1248.0,23.4,450000.0
Skoda,Rapid,2014,120000.0,Diesel,Manual,2,1498.0,21.14,370000.0
Honda,City,2006,140000.0,Petrol,Manual,3,1497.0,17.7,158000.0
Hyundai,i20,2010,127000.0,Diesel,Manual,1,1396.0,23.0,225000.0
Maruti,Swift,2007,120000.0,Petrol,Manual,1,1298.0,16.1,130000.0
Hyundai,Xcent,2017,45000.0,Petrol,Manual,1,1197.0,20.14,440000.0
Maruti,Wagon,2007,175000.0,LPG,Manual,1,1061.0,17.3,96000.0
Maruti,800,2001,5000.0,Petrol,Manual,2,796.0,16.1,45000.0
Toyota,Etios,2011,90000.0,Diesel,Manual,1,1364.0,23.59,350000.0
Ford,Figo,2013,169000.0,Diesel,Manual,1,1399.0,20.0,200000.0
Renault,Duster,2014,68000.0,Diesel,Manual,2,1461.0,19.01,500000.0
Maruti,Zen,2005,100000.0,Petrol,Manual,2,993.0,17.3,92000.0
Maruti,Swift,2009,140000.0,Diesel,Manual,2,1248.0,19.3,280000.0
Maruti,Swift,2007,80000.0,Petrol,Manual,2,1197.0,21.21,200000.0
Maruti,Wagon,2009,90000.0,Petrol,Manual,2,1061.0,18.9,180000.0
Mahindra,KUV,2016,40000.0,Petrol,Manual,1,1198.0,18.15,400000.0
Maruti,Ertiga,2016,70000.0,Diesel,Manual,2,1248.0,24.52,778000.0
Hyundai,i20,2012,53000.0,Diesel,Manual,2,1396.0,23.0,500000.0
Maruti,Alto,2002,80000.0,Petrol,Manual,2,796.0,19.7,150000.0
Hyundai,i20,2016,100000.0,Diesel,Manual,1,1396.0,22.54,680000.0
Mahindra,Verito,2011,100000.0,Diesel,Manual,2,1461.0,21.0,174000.0
Honda,WR-V,2017,50000.0,Diesel,Manual,1,1498.0,25.5,950000.0
Maruti,Swift,2015,40000.0,Diesel,Manual,1,1248.0,26.59,525000.0
Maruti,SX4,2012,72000.0,Diesel,Manual,1,1248.0,21.5,600000.0
Tata,Tigor,2018,35000.0,Petrol,Manual,1,1199.0,20.3,500000.0
Maruti,Baleno,2016,45000.0,Petrol,Manual,1,1197.0,21.4,575000.0
Maruti,Alto,2017,28000.0,Petrol,Manual,1,796.0,24.7,275000.0
Chevrolet,Enjoy,2013,70000.0,Diesel,Manual,1,1248.0,18.2,300000.0
Maruti,Wagon,2009,120000.0,Petrol,Manual,1,1061.0,18.9,220000.0
Maruti,Omni,2018,25000.0,Petrol,Manual,1,796.0,16.8,254999.0
Maruti,Vitara,2017,70000.0,Diesel,Manual,1,1248.0,24.3,670000.0
Fiat,Palio,2003,50000.0,Petrol,Manual,2,1248.0,20.3,70000.0
Maruti,Omni,2012,35000.0,Petrol,Manual,2,796.0,14.0,150000.0
Hyundai,i20,2018,2388.0,Petrol,Manual,1,1197.0,18.6,730000.0
Maruti,Vitara,2017,16200.0,Diesel,Manual,1,1248.0,24.3,650000.0
Maruti,Alto,2019,10000.0,CNG,Manual,2,796.0,33.44,330000.0
Maruti,Alto,2019,15000.0,Petrol,Manual,1,998.0,23.95,366000.0
Hyundai,Verna,2019,5000.0,Petrol,Manual,1,1591.0,17.0,1149000.0
Datsun,GO,2016,42000.0,Petrol,Manual,1,1198.0,20.63,150000.0
Tata,Safari,2011,60000.0,Diesel,Manual,2,2179.0,13.93,425000.0
Maruti,800,2012,76000.0,Petrol,Manual,1,796.0,16.1,150000.0
Jeep,Compass,2019,5000.0,Petrol,Automatic,1,1368.0,16.0,2100000.0
Honda,City,2018,28900.0,Petrol,Manual,1,1497.0,17.8,925000.0
Honda,City,2013,86300.0,Petrol,Manual,1,1497.0,16.8,425000.0
Maruti,Swift,2018,23300.0,Petrol,Automatic,1,1197.0,18.5,675000.0
Maruti,Vitara,2018,32600.0,Diesel,Manual,1,1248.0,24.3,819999.0
Maruti,Alto,2018,10300.0,Petrol,Manual,1,998.0,23.95,390000.0
Toyota,Fortuner,2014,77000.0,Diesel,Manual,1,2982.0,12.55,1500000.0
Toyota,Innova,2013,99000.0,Diesel,Manual,1,2494.0,12.99,700000.0
Mercedes-Benz,B,2014,27800.0,Diesel,Automatic,2,2143.0,14.8,1450000.0
Honda,Amaze,2015,49800.0,Diesel,Manual,1,1498.0,24.7,425000.0
Mitsubishi,Pajero,2013,151000.0,Diesel,Manual,1,2477.0,13.5,1090000.0
Honda,City,2015,54700.0,Diesel,Manual,1,1498.0,26.0,600000.0
Maruti,Ciaz,2018,64000.0,Petrol,Manual,1,1462.0,20.65,850000.0
Honda,Jazz,2015,63000.0,Diesel,Manual,1,1498.0,27.3,525000.0
Toyota,Innova,2016,127700.0,Diesel,Automatic,2,2755.0,11.36,1650000.0
Toyota,Innova,2016,99000.0,Diesel,Manual,1,2494.0,12.99,950000.0
Audi,A6,2013,33900.0,Diesel,Automatic,2,1968.0,17.68,1750000.0
Toyota,Corolla,2018,25000.0,Petrol,Automatic,1,1798.0,14.28,1590000.0
Audi,A6,2013,50000.0,Diesel,Automatic,1,1968.0,18.53,1689999.0
Mercedes-Benz,New,2013,59000.0,Diesel,Automatic,1,2143.0,14.84,1425000.0
Tata,Manza,2011,120000.0,Diesel,Manual,1,1248.0,21.12,265000.0
Hyundai,i10,2011,110000.0,Petrol,Manual,3,1197.0,20.36,190000.0
Hyundai,i20,2013,60000.0,Diesel,Manual,1,1396.0,21.27,425000.0
Maruti,Swift,2015,147000.0,Diesel,Manual,2,1248.0,26.59,630000.0
Ford,Figo,2017,25000.0,Petrol,Manual,3,1196.0,18.16,600000.0
Maruti,Baleno,2019,30000.0,Petrol,Manual,1,1197.0,21.4,650000.0
Volkswagen,Ameo,2016,40000.0,Diesel,Manual,1,1498.0,22.0,540000.0
Honda,City,2015,135000.0,Diesel,Manual,1,1498.0,25.1,630000.0
Maruti,Wagon,2018,30000.0,Petrol,Automatic,1,998.0,20.51,448000.0
Volkswagen,Ameo,2017,80000.0,Diesel,Manual,1,1498.0,21.66,500000.0
Maruti,Vitara,2016,70000.0,Diesel,Manual,1,1248.0,24.3,745000.0
Maruti,Vitara,2019,9850.0,Diesel,Automatic,1,1248.0,24.3,1025000.0
Hyundai,i10,2011,60000.0,Petrol,Manual,2,1197.0,20.36,235000.0
Maruti,Swift,2016,70000.0,Diesel,Manual,1,1248.0,25.2,630000.0
Toyota,Fortuner,2015,78000.0,Diesel,Manual,2,2982.0,12.55,1700000.0
Maruti,Swift,2013,120000.0,Diesel,Manual,2,1248.0,22.9,450000.0
Maruti,Ertiga,2012,120000.0,Petrol,Manual,2,1373.0,16.02,450000.0
Tata,Indica,2003,70000.0,Diesel,Manual,1,1396.0,18.8,50000.0
Volkswagen,Vento,2013,170000.0,Diesel,Manual,1,1598.0,20.54,450000.0
Toyota,Innova,2016,140000.0,Diesel,Manual,1,2494.0,12.99,1200000.0
Ford,EcoSport,2015,90000.0,Diesel,Manual,1,1498.0,22.77,610000.0
BMW,X1,2016,30000.0,Petrol,Automatic,2,1998.0,15.71,2500000.0
Maruti,Celerio,2017,10000.0,Petrol,Manual,1,998.0,23.1,484999.0
Datsun,GO,2016,49000.0,Petrol,Manual,1,1198.0,19.02,275000.0
Maruti,Alto,2016,32000.0,Petrol,Manual,1,796.0,24.7,315000.0
Maruti,Alto,2016,38000.0,Petrol,Manual,1,796.0,24.7,275000.0
Maruti,Swift,2015,78000.0,Diesel,Manual,1,1197.0,21.21,475000.0
Hyundai,i10,2012,28000.0,Petrol,Manual,1,1086.0,19.81,290000.0
Maruti,Omni,2017,32000.0,Petrol,Manual,1,796.0,14.0,280000.0
Maruti,Wagon,2010,44000.0,LPG,Manual,1,998.0,26.2,225000.0
Volkswagen,Polo,2015,42000.0,Petrol,Manual,1,1198.0,16.47,455000.0
Hyundai,i10,2015,45000.0,Petrol,Manual,2,1086.0,19.81,351000.0
Volkswagen,Vento,2012,12000.0,Petrol,Manual,2,1598.0,15.04,535000.0
Maruti,Zen,2009,55500.0,Petrol,Manual,1,998.0,18.2,175000.0
Hyundai,i20,2013,61500.0,Petrol,Manual,1,1197.0,18.5,525000.0
Maruti,Swift,2016,150000.0,Diesel,Manual,1,1248.0,26.59,600000.0
Hyundai,Xcent,2016,72000.0,Petrol,Automatic,1,1197.0,19.1,565000.0
Maruti,Alto,2008,68000.0,Petrol,Manual,3,796.0,19.7,120000.0
Hyundai,i20,2017,110000.0,Diesel,Manual,1,1396.0,22.54,725000.0
Maruti,Wagon,2009,77000.0,Petrol,Manual,2,998.0,21.79,185000.0
Tata,Manza,2010,100000.0,Diesel,Manual,2,1248.0,18.8,200000.0
Maruti,Swift,2019,10000.0,Petrol,Manual,1,1197.0,21.21,615000.0
Maruti,Eeco,2016,100000.0,Petrol,Manual,3,1196.0,15.37,270000.0
Maruti,Baleno,2018,35000.0,Petrol,Manual,1,1197.0,21.4,610000.0
Mahindra,Scorpio,2014,70000.0,Diesel,Automatic,2,2179.0,11.79,625000.0
Ford,Freestyle,2020,5000.0,Petrol,Manual,2,1194.0,19.0,400000.0
Hyundai,Verna,2017,37800.0,Petrol,Manual,1,1591.0,17.0,866000.0
Volkswagen,Passat,2010,114000.0,Petrol,Manual,1,1798.0,14.3,700000.0
Tata,Indica,2010,48000.0,Petrol,Manual,1,1172.0,15.8,300000.0
Mahindra,XUV500,2019,32000.0,Diesel,Manual,1,2179.0,15.1,1700000.0
Tata,Indigo,2016,100000.0,Diesel,Manual,1,1405.0,19.09,375000.0
Hyundai,Verna,2013,150000.0,Diesel,Manual,2,1582.0,22.32,522000.0
Hyundai,i20,2013,69000.0,Diesel,Manual,1,1396.0,21.9,451999.0
Toyota,Corolla,2009,100000.0,Petrol,Manual,2,1798.0,14.53,300000.0
Maruti,Celerio,2020,13000.0,Petrol,Manual,1,998.0,21.63,475000.0
Maruti,Vitara,2016,60000.0,Diesel,Manual,1,1248.0,24.3,780000.0
Maruti,Swift,2017,40000.0,Petrol,Manual,1,1197.0,20.85,595000.0
Maruti,Wagon,2017,35000.0,Petrol,Manual,1,998.0,20.51,440000.0
Maruti,Swift,2010,120000.0,Diesel,Manual,2,1197.0,21.21,300000.0
Nissan,Terrano,2014,70000.0,Diesel,Manual,3,1461.0,20.45,400000.0
Hyundai,Creta,2016,50000.0,Diesel,Manual,1,1582.0,19.67,1140000.0
Ford,EcoSport,2017,76139.0,Diesel,Manual,1,1498.0,23.0,850000.0
Maruti,Swift,2012,175000.0,Diesel,Manual,4,1248.0,19.3,370000.0
Renault,KWID,2018,25000.0,Petrol,Manual,1,999.0,23.01,350000.0
Maruti,Celerio,2015,40000.0,Petrol,Manual,2,998.0,23.1,360000.0
Maruti,Alto,2008,65000.0,Petrol,Manual,4,796.0,19.7,105000.0
Maruti,Ertiga,2013,90000.0,Diesel,Manual,2,1248.0,20.77,625000.0
Hyundai,Santro,2009,80000.0,Petrol,Manual,2,1086.0,17.92,135000.0
Maruti,Ertiga,2015,110000.0,Diesel,Manual,2,1248.0,20.77,700000.0
Honda,Amaze,2019,1303.0,Petrol,Manual,1,1198.0,17.8,690000.0
Audi,Q5,2018,31800.0,Diesel,Automatic,1,1968.0,17.01,3975000.0
Lexus,ES,2019,20000.0,Petrol,Automatic,1,2487.0,22.37,5150000.0
Jaguar,XF,2017,45000.0,Diesel,Automatic,1,1999.0,19.33,3200000.0
Jeep,Wrangler,2017,17000.0,Petrol,Automatic,1,3604.0,9.5,4100000.0
Land Rover,Discovery,2019,21000.0,Diesel,Automatic,1,1999.0,12.83,4500000.0
Mercedes-Benz,S-Class,2017,37000.0,Diesel,Automatic,1,2987.0,13.5,6000000.0
BMW,5,2018,29500.0,Diesel,Automatic,1,1995.0,22.48,3790000.0
BMW,X1,2017,27000.0,Diesel,Automatic,1,1995.0,16.78,2150000.0
BMW,X4,2019,7500.0,Diesel,Automatic,1,1995.0,16.78,5800000.0
Skoda,Superb,2018,50000.0,Petrol,Automatic,1,1798.0,14.67,1864999.0
Mercedes-Benz,E-Class,2016,35000.0,Diesel,Automatic,1,2143.0,15.0,2700000.0
MG,Hector,2019,19000.0,Petrol,Automatic,1,1451.0,13.96,1750000.0
Honda,City,2017,41000.0,Petrol,Automatic,1,1497.0,18.0,795000.0
Toyota,Corolla,2013,39000.0,Petrol,Automatic,1,1798.0,14.28,625000.0
Volvo,XC40,2018,22000.0,Diesel,Automatic,1,1969.0,18.0,3400000.0
Audi,Q7,2015,53000.0,Diesel,Automatic,1,2967.0,12.07,2650000.0
Maruti,Ciaz,2015,40000.0,Diesel,Manual,1,1248.0,26.21,535000.0
Mercedes-Benz,S-Class,2017,47000.0,Diesel,Automatic,1,2987.0,13.5,5850000.0
BMW,5,2010,72200.0,Petrol,Automatic,2,2497.0,10.8,975000.0
Hyundai,Elantra,2016,49900.0,Petrol,Manual,1,1797.0,16.3,805000.0
Jaguar,XE,2017,9000.0,Diesel,Automatic,1,1999.0,13.6,2625000.0
Tata,Nexon,2018,11000.0,Petrol,Manual,1,1198.0,17.0,811000.0
Volkswagen,Vento,2011,49000.0,Petrol,Manual,1,1598.0,15.04,375000.0
Hyundai,Elantra,2012,95000.0,Petrol,Manual,1,1797.0,16.3,550000.0
Skoda,Rapid,2016,11000.0,Petrol,Automatic,1,1598.0,14.3,645000.0
Mercedes-Benz,CLA,2018,18000.0,Petrol,Automatic,1,1991.0,15.04,2550000.0
Maruti,Ertiga,2014,46100.0,Petrol,Manual,1,1373.0,16.02,599000.0
Mercedes-Benz,New,2017,16000.0,Petrol,Automatic,1,1991.0,14.74,2700000.0
Honda,City,2017,18000.0,Petrol,Automatic,1,1497.0,15.6,875000.0
Toyota,Glanza,2019,9654.0,Petrol,Automatic,1,1197.0,19.56,894999.0
Maruti,Alto,2011,11000.0,Petrol,Manual,1,998.0,23.95,175000.0
Maruti,Swift,2012,24300.0,Petrol,Manual,1,1197.0,21.21,340000.0
Toyota,Innova,2016,42163.0,Diesel,Automatic,2,2755.0,11.36,1525000.0
Tata,Nexon,2018,8000.0,Diesel,Automatic,1,1497.0,21.5,1025000.0
BMW,3,2016,30000.0,Diesel,Automatic,1,1995.0,22.69,2150000.0
Toyota,Camry,2016,41000.0,Petrol,Automatic,1,2494.0,19.16,1900000.0
BMW,5,2016,12000.0,Diesel,Automatic,1,1995.0,18.12,2900000.0
Toyota,Camry,2009,71000.0,Petrol,Automatic,1,2362.0,12.1,450000.0
Maruti,Ertiga,2016,20000.0,Petrol,Manual,1,1373.0,17.5,850000.0
Volvo,XC90,2017,30000.0,Petrol,Automatic,1,1969.0,42.0,10000000.0
Volkswagen,Vento,2011,100000.0,Diesel,Manual,2,1598.0,20.54,300000.0
Ford,Figo,2018,9500.0,Petrol,Manual,1,1196.0,18.16,575000.0
Ford,Figo,2011,120000.0,Diesel,Manual,1,1399.0,20.0,160000.0
Maruti,Swift,2015,36600.0,Petrol,Manual,1,1197.0,20.4,515000.0
Maruti,Wagon,2015,50000.0,Petrol,Automatic,2,998.0,20.51,390000.0
Hyundai,i20,2016,14000.0,Petrol,Manual,2,1197.0,18.6,550000.0
Maruti,800,1999,40000.0,Petrol,Manual,2,796.0,16.1,40000.0
Maruti,Ritz,2010,120000.0,Diesel,Manual,1,1248.0,21.1,220000.0
Hyundai,Grand,2015,70000.0,Petrol,Manual,1,1197.0,18.9,425000.0
Volkswagen,Ameo,2019,13000.0,Petrol,Manual,1,999.0,19.44,480000.0
Hyundai,Grand,2014,60000.0,Petrol,Manual,2,1197.0,18.9,400000.0
Maruti,Swift,2014,35000.0,Petrol,Manual,1,1197.0,19.1,487000.0
Hyundai,Xcent,2016,44000.0,Petrol,Manual,2,1197.0,19.1,386000.0
Honda,City,2005,120000.0,Petrol,Manual,2,1493.0,13.0,100000.0
Toyota,Corolla,2010,60000.0,Diesel,Manual,1,1364.0,21.43,300000.0
Daewoo,Matiz,2000,60000.0,Petrol,Manual,1,796.0,18.5,100000.0
Toyota,Fortuner,2014,30000.0,Diesel,Manual,2,2982.0,13.0,1750000.0
Mahindra,KUV,2016,15000.0,Petrol,Manual,2,1198.0,18.15,450000.0
Tata,Zest,2017,90000.0,Diesel,Manual,1,1248.0,22.95,490000.0
Honda,City,2009,47000.0,Petrol,Manual,2,1497.0,17.0,345000.0
Maruti,Zen,2005,90000.0,Petrol,Manual,1,993.0,17.3,85000.0
Maruti,Wagon,2010,120600.0,Petrol,Manual,2,998.0,18.9,215000.0
Hyundai,Verna,2010,100000.0,Petrol,Manual,3,1599.0,16.2,320000.0
Maruti,Swift,2016,60000.0,Petrol,Manual,2,1197.0,20.85,459999.0
Hyundai,Getz,2005,86000.0,Petrol,Manual,1,1341.0,15.3,65000.0
Hyundai,Elite,2020,5000.0,Petrol,Manual,1,1197.0,18.6,720000.0
Maruti,Ciaz,2017,37000.0,Diesel,Manual,1,1248.0,28.09,800000.0
Tata,Tigor,2019,14000.0,Petrol,Manual,1,1199.0,20.3,520000.0
Maruti,Ertiga,2015,70000.0,Diesel,Manual,1,1248.0,20.77,580000.0
Toyota,Etios,2012,120000.0,Diesel,Manual,1,2494.0,12.99,235000.0
Honda,City,2015,50000.0,Petrol,Manual,1,1497.0,17.4,600000.0
Honda,Brio,2014,60000.0,Petrol,Manual,2,1198.0,19.4,290000.0
Maruti,Wagon,2016,50000.0,CNG,Manual,1,998.0,26.6,360000.0
Maruti,Swift,2017,50000.0,Petrol,Manual,1,1197.0,20.85,550000.0
Hyundai,i20,2013,70000.0,Petrol,Manual,1,1197.0,18.5,375000.0
Maruti,Omni,2003,90000.0,Petrol,Manual,2,1197.0,21.21,40000.0
Maruti,Wagon,2018,35000.0,Petrol,Automatic,1,998.0,20.51,420000.0
Maruti,Swift,2017,20000.0,Petrol,Manual,1,1197.0,21.21,550000.0
Maruti,Alto,2018,20000.0,Petrol,Manual,1,796.0,24.7,270000.0
Maruti,Swift,2018,7800.0,Petrol,Automatic,1,1197.0,22.0,700000.0
Maruti,Swift,2017,20000.0,Petrol,Manual,1,1197.0,20.4,500000.0
Tata,Hexa,2019,15000.0,Diesel,Manual,1,2179.0,17.6,1250000.0
Hyundai,i20,2013,31377.0,Petrol,Manual,2,1197.0,18.5,320000.0
Maruti,Swift,2018,50000.0,Diesel,Manual,1,1248.0,28.4,700000.0
Maruti,Wagon,2015,60000.0,Petrol,Manual,1,998.0,20.51,290000.0
Toyota,Corolla,2012,100000.0,Petrol,Automatic,1,1794.0,14.53,550000.0
Honda,Brio,2012,60000.0,Petrol,Manual,1,1198.0,19.4,265000.0
Maruti,Baleno,2018,5000.0,Petrol,Automatic,1,1197.0,21.4,830000.0
Tata,Safari,2017,60000.0,Diesel,Manual,1,2179.0,14.1,800000.0
Maruti,Alto,2011,25000.0,Petrol,Manual,2,796.0,19.7,160000.0
Renault,KWID,2018,30000.0,Petrol,Manual,1,799.0,25.17,335000.0
Datsun,GO,2017,80000.0,Petrol,Manual,2,1198.0,20.63,329000.0
Maruti,Vitara,2017,75000.0,Diesel,Manual,1,1248.0,24.3,775000.0
Hyundai,Xcent,2020,32000.0,Petrol,Manual,1,1197.0,20.14,524000.0
Maruti,Alto,2015,40000.0,Petrol,Manual,1,796.0,22.74,245000.0
Hyundai,i20,2012,93000.0,Petrol,Manual,2,1197.0,17.0,275000.0
Tata,Zest,2018,60000.0,Petrol,Manual,1,1193.0,17.57,520000.0
Maruti,Swift,2008,120000.0,Petrol,Manual,2,1197.0,21.21,130000.0
Nissan,Sunny,2014,37000.0,Petrol,Manual,1,1498.0,16.95,550000.0
Ford,EcoSport,2018,15000.0,Petrol,Manual,1,1497.0,17.0,910000.0
Nissan,Micra,2015,80000.0,Petrol,Manual,1,1198.0,19.49,300000.0
Maruti,Wagon,2016,140000.0,Petrol,Manual,1,998.0,20.51,350000.0
Mahindra,Ssangyong,2013,70000.0,Diesel,Manual,1,2696.0,12.83,900000.0
Mahindra,Quanto,2013,120000.0,Diesel,Manual,2,1493.0,17.21,300000.0
Maruti,Ritz,2010,110000.0,Diesel,Manual,2,1248.0,21.1,250000.0
Hyundai,Creta,2017,37000.0,Diesel,Manual,1,1582.0,19.67,1100000.0
Renault,KWID,2016,44000.0,Petrol,Manual,1,799.0,25.17,270000.0
Maruti,Ertiga,2015,80000.0,Diesel,Manual,1,1248.0,20.77,640000.0
Mahindra,XUV500,2015,125000.0,Diesel,Manual,1,2179.0,15.1,650000.0
Maruti,Eeco,2017,13500.0,Petrol,Manual,1,1196.0,15.37,409999.0
Hyundai,Santro,2011,75000.0,Petrol,Manual,1,1086.0,17.92,165000.0
Hyundai,Accent,2007,120000.0,Petrol,Manual,2,1495.0,13.2,80000.0
Mahindra,XUV500,2012,120000.0,Diesel,Manual,1,2179.0,15.1,535000.0
Toyota,Innova,2013,70000.0,Diesel,Manual,1,2494.0,12.99,700000.0
Maruti,Swift,2013,70000.0,Diesel,Manual,1,1248.0,23.4,550000.0
Honda,Amaze,2019,15000.0,Petrol,Automatic,1,1199.0,19.0,680000.0
Hyundai,i10,2009,53000.0,Petrol,Manual,2,1197.0,20.36,200000.0
Maruti,Swift,2014,120000.0,Diesel,Manual,2,1248.0,23.4,500000.0
Maruti,Ertiga,2016,70000.0,Diesel,Manual,1,1248.0,24.52,1000000.0
Hyundai,Getz,2008,120000.0,Petrol,Manual,2,1341.0,14.2,110000.0
Hyundai,i20,2012,100000.0,Petrol,Manual,2,1197.0,18.5,320000.0
Tata,Indica,2005,110000.0,Diesel,Manual,2,1396.0,18.8,75000.0
Maruti,Swift,2015,100000.0,Petrol,Manual,1,1197.0,20.4,350000.0
Tata,Indica,2013,162500.0,Diesel,Manual,1,1405.0,19.4,170000.0
Hyundai,i20,2017,39000.0,Diesel,Manual,1,1396.0,22.54,800000.0
Maruti,Ignis,2017,75000.0,Diesel,Manual,1,1248.0,26.8,500000.0
Tata,Hexa,2017,50000.0,Diesel,Automatic,1,2179.0,17.6,1380000.0
Mahindra,Marazzo,2019,40000.0,Diesel,Manual,1,1497.0,17.3,1300000.0
Hyundai,Verna,2013,92500.0,Diesel,Manual,1,1582.0,22.32,530000.0
Maruti,Swift,2012,158000.0,Diesel,Manual,1,1248.0,23.4,360000.0
Maruti,Swift,2012,120000.0,Diesel,Manual,1,1248.0,19.3,310000.0
Honda,City,2015,50000.0,Diesel,Manual,2,1498.0,26.0,725000.0
Maruti,Swift,2012,110000.0,Diesel,Manual,1,1248.0,19.3,340000.0
Hyundai,Xcent,2017,2000.0,Diesel,Manual,2,1186.0,25.4,550000.0
Toyota,Fortuner,2011,181000.0,Diesel,Manual,2,2982.0,11.5,1150000.0
Tata,Tiago,2016,70000.0,Diesel,Manual,1,1047.0,27.28,380000.0
Nissan,Sunny,2013,90000.0,Petrol,Automatic,2,1498.0,17.97,350000.0
Hyundai,Elite,2019,2000.0,Petrol,Manual,1,1197.0,18.6,610000.0
Maruti,Swift,2015,20000.0,Petrol,Manual,1,1197.0,20.85,525000.0
Toyota,Innova,2011,120000.0,Diesel,Manual,1,2494.0,12.8,480000.0
Mahindra,Thar,2017,35000.0,Diesel,Manual,1,2498.0,16.55,780000.0
Maruti,Swift,2012,193000.0,Diesel,Manual,1,1248.0,19.3,320000.0
Maruti,Swift,2014,80000.0,Petrol,Manual,1,1197.0,20.4,375000.0
Datsun,GO,2019,40000.0,Petrol,Manual,1,1198.0,19.02,300000.0
Hyundai,i20,2015,70000.0,Diesel,Manual,4,1396.0,22.54,500000.0
Mahindra,Scorpio,2011,122358.0,Diesel,Manual,1,2179.0,12.05,404000.0
Tata,Sumo,2015,75000.0,Diesel,Manual,1,2956.0,14.07,500000.0
Tata,Tiago,2017,120000.0,Diesel,Manual,1,1047.0,27.28,350000.0
Tata,Zest,2015,40000.0,Petrol,Manual,1,1193.0,17.57,380000.0
Hyundai,Accent,2008,95200.0,Petrol,Manual,3,1495.0,13.2,114999.0
Honda,Brio,2014,33033.0,Petrol,Manual,1,1198.0,19.4,335000.0
Hyundai,Grand,2015,63063.0,Petrol,Automatic,1,1197.0,18.9,465000.0
Tata,Manza,2012,60000.0,Diesel,Manual,1,1248.0,21.02,290000.0
Maruti,Alto,2005,45000.0,Petrol,Manual,2,796.0,19.7,110000.0
Tata,New,2011,80000.0,Diesel,Manual,3,2179.0,11.57,450000.0
Mahindra,Bolero,2009,170000.0,Diesel,Manual,2,2523.0,13.6,400000.0
Mahindra,Bolero,2007,207890.0,Diesel,Manual,2,2523.0,13.6,210000.0
Mercedes-Benz,GL-Class,2018,7976.0,Diesel,Automatic,1,2143.0,17.9,4600000.0
Maruti,Omni,2016,35000.0,Petrol,Manual,1,796.0,16.8,220000.0
Hyundai,Grand,2017,35000.0,Petrol,Manual,1,1197.0,18.9,450000.0
Hyundai,Grand,2017,35000.0,Petrol,Manual,1,1197.0,18.9,450000.0
Hyundai,i10,2013,50000.0,Petrol,Automatic,1,1197.0,16.95,290000.0
Maruti,Swift,2016,20000.0,Petrol,Manual,1,1197.0,20.4,520000.0
Hyundai,i10,2011,20000.0,Petrol,Automatic,1,1197.0,16.95,265000.0
Maruti,Swift,2012,50000.0,Petrol,Manual,2,1197.0,18.6,330000.0
Maruti,Swift,2012,50000.0,Petrol,Manual,2,1197.0,18.6,330000.0
Mahindra,Bolero,2014,120000.0,Diesel,Manual,1,2523.0,15.96,509999.0
Hyundai,Verna,2014,70000.0,Petrol,Manual,1,1591.0,17.1,500000.0
Hyundai,i20,2015,50000.0,Petrol,Manual,1,1197.0,17.19,525000.0
Maruti,Baleno,2019,16500.0,Petrol,Manual,1,1197.0,21.01,675000.0
Hyundai,i20,2010,70000.0,Petrol,Manual,1,1197.0,17.0,300000.0
Maruti,Alto,2005,99361.0,Petrol,Manual,2,796.0,19.7,90000.0
Maruti,Swift,2017,25000.0,Diesel,Manual,1,1248.0,26.59,650000.0
Maruti,Swift,2014,70000.0,Petrol,Manual,2,1197.0,19.1,409000.0
Hyundai,Grand,2015,80000.0,Diesel,Manual,2,1120.0,24.0,395000.0
Maruti,Swift,2010,70000.0,Petrol,Manual,2,1197.0,21.21,215000.0
Maruti,Swift,2014,70000.0,Petrol,Manual,2,1197.0,19.1,400000.0
Chevrolet,Beat,2012,60000.0,Petrol,Manual,3,1199.0,18.6,120000.0
Tata,Tigor,2018,10000.0,Petrol,Automatic,1,1199.0,20.3,645000.0
Maruti,800,2006,80000.0,Petrol,Manual,1,796.0,16.1,81000.0
Honda,City,2017,30000.0,Diesel,Manual,1,1498.0,25.6,1300000.0
Honda,City,2017,33000.0,Diesel,Manual,1,1498.0,25.6,1250000.0
Maruti,Ertiga,2013,90000.0,Petrol,Manual,3,1373.0,16.02,535000.0
Nissan,Terrano,2014,80100.0,Diesel,Manual,2,1461.0,19.01,555000.0
Honda,City,2014,120000.0,Petrol,Manual,1,1497.0,17.4,725000.0
Mahindra,Willys,1983,10000.0,Diesel,Manual,3,2179.0,15.96,300000.0
Renault,KWID,2016,40000.0,Petrol,Manual,1,799.0,25.17,229999.0
Toyota,Innova,2013,160000.0,Diesel,Manual,2,2494.0,12.99,800000.0
Maruti,Wagon,2017,47000.0,Petrol,Manual,1,998.0,20.51,409999.0
Hyundai,Creta,2018,25000.0,Diesel,Manual,1,1396.0,21.38,1210000.0
Tata,Tiago,2017,26000.0,Petrol,Manual,1,1199.0,23.84,400000.0
Hyundai,Grand,2018,29000.0,Diesel,Manual,1,1186.0,24.0,520000.0
Maruti,Baleno,2016,50000.0,Petrol,Automatic,1,1197.0,21.4,650000.0
Maruti,Swift,2011,58000.0,Petrol,Manual,3,1298.0,16.1,325000.0
Maruti,Swift,2012,120000.0,Petrol,Automatic,1,1197.0,17.4,420000.0
Maruti,Swift,2014,50000.0,Petrol,Manual,1,1197.0,20.4,400000.0
Hyundai,i20,2010,80000.0,Petrol,Manual,4,1197.0,17.0,254999.0
Maruti,Zen,2003,60000.0,Petrol,Manual,4,993.0,17.3,65000.0
Maruti,Celerio,2017,36000.0,Petrol,Manual,1,998.0,23.1,351000.0
Toyota,Innova,2007,120000.0,Diesel,Manual,3,2494.0,12.8,404000.0
Maruti,Ritz,2011,185000.0,Diesel,Manual,3,1248.0,21.1,185000.0
Nissan,Micra,2011,50000.0,Diesel,Manual,1,1461.0,23.08,250000.0
Maruti,Zen,2002,100000.0,Petrol,Manual,4,993.0,17.3,60000.0
Hyundai,Verna,2013,50000.0,Petrol,Manual,2,1591.0,17.1,500000.0
Maruti,Zen,2007,80000.0,Petrol,Manual,2,998.0,18.2,85000.0
Hyundai,Santro,2005,60000.0,Petrol,Manual,2,1197.0,19.81,85000.0
Maruti,Alto,2005,80000.0,Petrol,Manual,4,796.0,19.7,85000.0
Maruti,Swift,2011,90000.0,Diesel,Manual,4,1248.0,19.3,265000.0
Maruti,A-Star,2010,162000.0,Petrol,Manual,2,998.0,19.0,130000.0
Maruti,Ertiga,2013,110000.0,Diesel,Manual,3,1248.0,20.77,480000.0
Maruti,Swift,2008,120000.0,Diesel,Manual,3,1248.0,17.8,170000.0
Nissan,Micra,2011,45000.0,Diesel,Manual,1,1461.0,23.08,275000.0
Maruti,Wagon,2005,90000.0,Petrol,Manual,2,998.0,18.9,89000.0
Ford,Figo,2010,90000.0,Diesel,Manual,2,1399.0,20.0,170000.0
Mahindra,XUV300,2019,16500.0,Petrol,Manual,1,1197.0,17.0,1090000.0
Hyundai,Creta,2017,67000.0,Diesel,Automatic,1,1582.0,17.01,1100000.0
Maruti,Swift,2018,52000.0,Petrol,Manual,1,1197.0,22.0,610000.0
Datsun,GO,2016,40000.0,Petrol,Manual,1,1198.0,20.63,335000.0
Hyundai,Grand,2015,40000.0,Petrol,Manual,1,1197.0,18.9,434999.0
Toyota,Fortuner,2018,35000.0,Diesel,Manual,1,2755.0,14.24,3000000.0
Renault,KWID,2018,13000.0,Petrol,Manual,1,799.0,20.71,390000.0
Honda,Brio,2012,40000.0,Petrol,Manual,1,1198.0,18.5,325000.0
Volkswagen,Ameo,2019,10000.0,Petrol,Manual,1,1198.0,17.0,640000.0
Nissan,Sunny,2012,9000.0,Petrol,Manual,1,1498.0,16.95,450000.0
Toyota,Etios,2013,70000.0,Diesel,Manual,2,1364.0,23.59,400000.0
Hyundai,i10,2009,60000.0,Petrol,Manual,1,1197.0,20.36,215000.0
Renault,Duster,2014,40000.0,Diesel,Manual,1,1461.0,20.45,570000.0
Mahindra,XUV500,2012,93000.0,Diesel,Manual,1,2179.0,15.1,680000.0
Toyota,Innova,2008,80000.0,Diesel,Manual,4,2494.0,12.8,325000.0
Tata,Indigo,2011,50000.0,Petrol,Manual,2,1193.0,15.64,150000.0
Hyundai,Elantra,2013,68000.0,Petrol,Automatic,1,1797.0,14.5,690000.0
Mercedes-Benz,New,2013,25000.0,Diesel,Automatic,1,2143.0,14.84,1550000.0
Tata,Nano,2012,18000.0,Petrol,Manual,1,624.0,25.4,64000.0
Nissan,Micra,2013,120000.0,Diesel,Manual,1,1461.0,23.08,250000.0
Maruti,Wagon,2005,35000.0,Petrol,Manual,1,998.0,18.9,65000.0
Maruti,Swift,2016,60000.0,Diesel,Manual,2,1248.0,26.59,550000.0
Hyundai,i10,2010,70000.0,Petrol,Manual,4,1197.0,20.36,140000.0
Renault,KWID,2016,30000.0,Petrol,Manual,1,799.0,25.17,300000.0
Volkswagen,GTI,2016,70000.0,Petrol,Automatic,1,1798.0,16.34,800000.0
Jaguar,XE,2017,9000.0,Diesel,Automatic,1,1999.0,13.6,2625000.0
Lexus,ES,2019,20000.0,Petrol,Automatic,1,2487.0,22.37,5150000.0
Jaguar,XF,2017,45000.0,Diesel,Automatic,1,1999.0,19.33,3200000.0
Tata,Safari,2015,110000.0,Diesel,Manual,1,2179.0,14.1,503000.0
Volvo,XC40,2019,20000.0,Diesel,Automatic,1,1969.0,18.0,3800000.0
Toyota,Camry,2016,68089.0,Petrol,Automatic,1,2494.0,19.16,2000000.0
Maruti,Wagon,2013,58343.0,Petrol,Manual,1,998.0,21.79,225000.0
Maruti,Baleno,2018,38817.0,Diesel,Manual,1,1248.0,27.39,740000.0
Honda,Jazz,2016,56494.0,Petrol,Manual,1,1199.0,18.2,550000.0
Toyota,Innova,2013,79328.0,Diesel,Manual,2,2494.0,12.99,750000.0
Maruti,Swift,2019,5621.0,Petrol,Automatic,1,1197.0,22.0,650000.0
Toyota,Etios,2017,25538.0,Petrol,Manual,1,1496.0,16.78,625000.0
Maruti,Swift,2018,69779.0,Petrol,Automatic,1,1197.0,22.0,600000.0
Hyundai,Grand,2017,56290.0,Diesel,Manual,1,1186.0,24.0,450000.0
BMW,X4,2019,7500.0,Diesel,Automatic,1,1995.0,16.78,5400000.0
BMW,X4,2019,8500.0,Diesel,Automatic,1,1995.0,16.78,5500000.0
Honda,Amaze,2019,7032.0,Petrol,Automatic,1,1199.0,19.0,779000.0
Skoda,Rapid,2016,11000.0,Petrol,Automatic,1,1598.0,14.3,645000.0
Volvo,V40,2018,2000.0,Diesel,Automatic,1,1984.0,16.8,2475000.0
Hyundai,i10,2010,106000.0,Petrol,Manual,3,1197.0,20.36,150000.0
Toyota,Etios,2012,162000.0,Diesel,Manual,3,2494.0,12.99,265000.0
Honda,CR-V,2009,120000.0,Petrol,Automatic,2,2354.0,11.1,500000.0
Maruti,Swift,2015,90000.0,Diesel,Manual,1,1248.0,26.59,480000.0
Hyundai,Verna,2014,70000.0,Diesel,Manual,3,1582.0,22.32,535000.0
Toyota,Innova,2005,240000.0,Diesel,Manual,3,2494.0,12.8,250000.0
Maruti,SX4,2012,100000.0,Diesel,Manual,2,1248.0,21.5,300000.0
Hyundai,Verna,2009,214000.0,Petrol,Manual,2,1599.0,13.9,340000.0
Hyundai,Verna,2009,214000.0,Diesel,Manual,2,1493.0,16.8,340000.0
Maruti,Alto,2016,50000.0,Petrol,Manual,1,796.0,22.74,240000.0
Honda,City,2018,1000.0,Petrol,Automatic,1,1497.0,18.0,1085000.0
Maruti,Swift,2017,19000.0,Diesel,Automatic,1,1248.0,28.4,750000.0
Tata,Indigo,2012,265000.0,Diesel,Manual,2,1405.0,17.0,95000.0
Maruti,Eeco,2020,35000.0,CNG,Manual,1,1196.0,20.88,409999.0
Maruti,Alto,2014,80000.0,Petrol,Manual,2,998.0,23.95,215000.0
Mahindra,XUV500,2016,50000.0,Diesel,Automatic,1,2179.0,16.0,1290000.0
Maruti,Alto,2010,80000.0,Petrol,Manual,1,998.0,20.92,150000.0
Hyundai,EON,2013,50000.0,Petrol,Manual,2,814.0,21.1,219000.0
Tata,Tiago,2018,100000.0,Petrol,Manual,1,1199.0,23.84,325000.0
Maruti,Eeco,2013,120000.0,Petrol,Manual,2,1196.0,15.1,260000.0
Jaguar,XE,2017,9000.0,Diesel,Automatic,1,1999.0,13.6,2625000.0
Lexus,ES,2019,20000.0,Petrol,Automatic,1,2487.0,22.37,5150000.0
Jaguar,XF,2017,45000.0,Diesel,Automatic,1,1999.0,19.33,3200000.0
Tata,Safari,2015,110000.0,Diesel,Manual,1,2179.0,14.1,503000.0
Volvo,XC40,2019,20000.0,Diesel,Automatic,1,1969.0,18.0,3800000.0
Toyota,Camry,2016,68089.0,Petrol,Automatic,1,2494.0,19.16,2000000.0
Maruti,Wagon,2013,58343.0,Petrol,Manual,1,998.0,21.79,225000.0
Maruti,Baleno,2018,38817.0,Diesel,Manual,1,1248.0,27.39,740000.0
Honda,Jazz,2016,56494.0,Petrol,Manual,1,1199.0,18.2,550000.0
Toyota,Innova,2013,79328.0,Diesel,Manual,2,2494.0,12.99,750000.0
Maruti,Swift,2019,5621.0,Petrol,Automatic,1,1197.0,22.0,650000.0
Toyota,Etios,2017,25538.0,Petrol,Manual,1,1496.0,16.78,625000.0
Maruti,Swift,2018,69779.0,Petrol,Automatic,1,1197.0,22.0,600000.0
Hyundai,Grand,2017,56290.0,Diesel,Manual,1,1186.0,24.0,450000.0
BMW,X4,2019,7500.0,Diesel,Automatic,1,1995.0,16.78,5400000.0
BMW,X4,2019,8500.0,Diesel,Automatic,1,1995.0,16.78,5500000.0
Honda,Amaze,2019,7032.0,Petrol,Automatic,1,1199.0,19.0,779000.0
Skoda,Rapid,2016,11000.0,Petrol,Automatic,1,1598.0,14.3,645000.0
Volvo,V40,2018,2000.0,Diesel,Automatic,1,1984.0,16.8,2475000.0
Honda,Amaze,2019,40000.0,Diesel,Automatic,1,1498.0,23.8,700000.0
Hyundai,Creta,2017,45000.0,Diesel,Manual,1,1396.0,21.38,950000.0
Maruti,Alto,2010,80000.0,Petrol,Manual,2,796.0,19.7,160000.0
Hyundai,Xcent,2015,135000.0,Diesel,Manual,2,1120.0,24.4,409999.0
Toyota,Innova,2015,120000.0,Diesel,Manual,2,2494.0,12.99,840000.0
Toyota,Etios,2013,67000.0,Diesel,Manual,1,1364.0,23.59,450000.0
Maruti,Swift,2017,50000.0,Diesel,Manual,1,1248.0,28.4,900000.0
Toyota,Innova,2008,134000.0,Diesel,Manual,2,2494.0,12.8,570000.0
Nissan,Micra,2011,110000.0,Diesel,Manual,2,1461.0,23.08,254999.0
Maruti,800,2009,40000.0,Petrol,Manual,1,796.0,16.1,130000.0
Maruti,Swift,2013,120000.0,Diesel,Manual,2,1248.0,23.4,530000.0
Volkswagen,Polo,2015,110000.0,Diesel,Manual,2,1498.0,20.14,520000.0
Mahindra,Verito,2011,170000.0,Diesel,Manual,2,1461.0,21.0,229999.0
Maruti,800,2004,80000.0,Petrol,Manual,2,796.0,16.1,81000.0
Maruti,Swift,2016,47000.0,Diesel,Manual,1,1248.0,25.2,600000.0
Hyundai,Xcent,2015,93000.0,Petrol,Manual,1,1197.0,19.1,409999.0
Maruti,800,2010,70000.0,Petrol,Manual,2,796.0,16.1,120000.0
Maruti,Celerio,2014,50000.0,Petrol,Manual,1,998.0,23.1,320000.0
Ford,Figo,2015,70000.0,Diesel,Manual,1,1399.0,20.0,292000.0
Tata,Safari,2012,80000.0,Diesel,Manual,1,2179.0,13.93,390000.0
Ford,Figo,2016,44000.0,Petrol,Manual,1,1196.0,18.16,550000.0
Maruti,Celerio,2014,25000.0,Petrol,Manual,1,998.0,23.1,385000.0
Hyundai,Creta,2016,25000.0,Petrol,Manual,1,1591.0,15.29,800000.0
Maruti,Swift,2019,10000.0,Petrol,Manual,1,1197.0,21.21,675000.0
Tata,Hexa,2018,50000.0,Diesel,Manual,1,2179.0,17.6,1525000.0
Ford,EcoSport,2018,30000.0,Diesel,Manual,1,1498.0,23.0,950000.0
Hyundai,i20,2015,50000.0,Diesel,Manual,2,1396.0,21.19,610000.0
Hyundai,i20,2012,120000.0,Diesel,Manual,1,1396.0,22.54,525000.0
Honda,Amaze,2019,40000.0,Diesel,Automatic,1,1498.0,23.8,700000.0
Mahindra,Bolero,2015,80000.0,Diesel,Manual,1,2523.0,15.96,375000.0
Nissan,Terrano,2015,90000.0,Diesel,Manual,1,1461.0,20.45,580000.0
Maruti,Swift,2015,50000.0,Petrol,Manual,2,1197.0,20.4,434999.0
Datsun,RediGO,2020,2136.0,Petrol,Manual,1,999.0,22.5,350000.0
Toyota,Innova,2012,250000.0,Diesel,Manual,1,2494.0,12.99,730000.0
Hyundai,i20,2015,35000.0,Petrol,Manual,1,1197.0,18.6,600000.0
Toyota,Innova,2015,120000.0,Diesel,Manual,1,2494.0,12.99,1050000.0
Maruti,Baleno,2017,70000.0,Diesel,Manual,1,1248.0,27.39,735000.0
Renault,Duster,2018,18000.0,Diesel,Manual,1,1461.0,19.6,1050000.0
Chevrolet,Enjoy,2016,110000.0,Diesel,Manual,2,1248.0,18.2,420000.0
Maruti,SX4,2017,60000.0,Diesel,Manual,1,1248.0,23.65,800000.0
Toyota,Fortuner,2015,60000.0,Diesel,Automatic,1,2982.0,12.55,2000000.0
Maruti,Swift,2016,147000.0,Diesel,Manual,2,1248.0,26.59,600000.0
Toyota,Fortuner,2015,130000.0,Diesel,Automatic,1,2982.0,12.55,1900000.0
Chevrolet,Captiva,2011,99500.0,Diesel,Manual,3,1991.0,11.5,500000.0
Tata,Indica,2011,110000.0,Diesel,Manual,2,1405.0,17.0,200000.0
Nissan,Micra,2016,35000.0,Petrol,Manual,1,1198.0,19.49,370000.0
Hyundai,Verna,2010,110000.0,Diesel,Manual,2,1493.0,16.2,260000.0
Mahindra,KUV,2016,100000.0,Diesel,Manual,1,1198.0,25.32,280000.0
Maruti,Ertiga,2014,21000.0,Petrol,Manual,1,1373.0,16.02,610000.0
Ford,Fiesta,2013,60000.0,Diesel,Manual,2,1498.0,23.5,300000.0
Tata,Indigo,2010,40000.0,Diesel,Manual,1,1405.0,16.6,140000.0
Hyundai,i10,2008,50000.0,Petrol,Manual,1,1086.0,19.81,229999.0
Maruti,A-Star,2010,65000.0,Petrol,Manual,2,998.0,19.0,200000.0
Maruti,Wagon,2011,80000.0,Petrol,Manual,1,998.0,18.9,200000.0
Hyundai,Verna,2015,119000.0,Diesel,Manual,1,1582.0,23.9,560000.0
Maruti,Ertiga,2016,80000.0,Diesel,Manual,1,1248.0,24.52,750000.0
Maruti,Swift,2017,90000.0,Diesel,Manual,1,1248.0,25.2,585000.0
Hyundai,Verna,2016,20000.0,Petrol,Manual,1,1591.0,17.01,760000.0
Maruti,Swift,2014,80000.0,Diesel,Manual,2,1248.0,25.2,430000.0
Mahindra,KUV,2020,44665.0,Diesel,Manual,1,1198.0,25.32,480000.0
Kia,Seltos,2019,10000.0,Diesel,Manual,1,1493.0,20.8,643000.0
Hyundai,Xcent,2018,60000.0,Petrol,Manual,1,1197.0,20.14,500000.0
Honda,Brio,2016,22000.0,Petrol,Manual,1,1198.0,18.5,425000.0
Maruti,Alto,2014,25000.0,Petrol,Manual,1,796.0,22.74,250000.0
Maruti,Celerio,2016,70000.0,Diesel,Manual,1,793.0,27.62,285000.0
Maruti,Swift,2008,123000.0,Petrol,Manual,3,1298.0,17.5,160000.0
Volkswagen,Vento,2011,70000.0,Diesel,Manual,2,1598.0,20.54,250000.0
Chevrolet,Beat,2013,70000.0,Petrol,Manual,2,1199.0,18.6,170000.0
Toyota,Etios,2013,45000.0,Diesel,Manual,1,1364.0,23.59,409999.0
Hyundai,Grand,2015,40000.0,Petrol,Automatic,1,1197.0,18.9,400000.0
Maruti,Swift,2019,30000.0,Diesel,Manual,1,1248.0,28.4,700000.0
Honda,Civic,2007,90000.0,Petrol,Automatic,1,1799.0,12.9,350000.0
Maruti,Ertiga,2016,34000.0,Petrol,Manual,2,1373.0,17.5,660000.0
Maruti,Alto,2017,25000.0,Petrol,Manual,1,796.0,24.7,268000.0
Maruti,Alto,2016,50000.0,Petrol,Manual,1,796.0,22.74,270000.0
Chevrolet,Beat,2013,50000.0,Diesel,Manual,1,936.0,25.44,300000.0
Tata,Tiago,2017,90000.0,Petrol,Manual,1,1199.0,23.84,450000.0
Chevrolet,Beat,2012,70000.0,Diesel,Manual,2,936.0,25.44,220000.0
Tata,New,2009,146000.0,Diesel,Manual,2,2179.0,13.93,250000.0
Ford,Figo,2012,85000.0,Petrol,Manual,2,1196.0,15.6,300000.0
Tata,Indica,2009,201850.0,Diesel,Manual,2,1396.0,17.88,88000.0
Maruti,Swift,2016,30000.0,Diesel,Manual,1,1248.0,26.59,561000.0
Maruti,Swift,2018,15000.0,Diesel,Manual,1,1248.0,28.4,755000.0
Datsun,RediGO,2017,25000.0,Petrol,Manual,1,799.0,22.7,235000.0
Maruti,Alto,2011,90000.0,Petrol,Manual,1,998.0,20.92,165000.0
Maruti,Swift,2008,80000.0,Diesel,Manual,2,1248.0,19.3,190000.0
Tata,Indica,2011,50000.0,Diesel,Manual,1,1396.0,17.2,110000.0
Mahindra,Bolero,2012,80000.0,Diesel,Manual,2,2523.0,13.6,320000.0
Maruti,Swift,2010,110000.0,Diesel,Manual,2,1197.0,21.21,330000.0
Hyundai,i20,2016,38000.0,Petrol,Manual,1,1197.0,18.6,540000.0
Hyundai,EON,2013,60000.0,Petrol,Manual,1,814.0,21.1,180000.0
Maruti,Eeco,2016,100000.0,Petrol,Manual,3,1196.0,15.37,270000.0
Maruti,Swift,2012,30000.0,Petrol,Manual,1,1197.0,17.5,450000.0
Maruti,Swift,2014,30000.0,Petrol,Manual,1,1197.0,19.1,450000.0
Chevrolet,Beat,2015,50000.0,Petrol,Manual,1,1199.0,18.6,200000.0
Tata,Tiago,2017,42000.0,Petrol,Manual,1,1199.0,23.84,425000.0
Chevrolet,Sail,2016,30000.0,Petrol,Manual,1,1199.0,18.2,400000.0
Maruti,Alto,2009,60000.0,Petrol,Manual,3,796.0,19.7,125000.0
Jeep,Compass,2018,14000.0,Diesel,Manual,1,1956.0,17.1,1600000.0
Honda,City,2015,22000.0,Petrol,Manual,1,1497.0,17.4,900000.0
Volkswagen,Vento,2012,90000.0,Diesel,Manual,1,1598.0,20.54,450000.0
Maruti,Alto,2011,46000.0,Petrol,Manual,1,998.0,20.92,210000.0
Hyundai,i20,2018,20000.0,Petrol,Manual,1,1197.0,18.6,801000.0
Tata,Venture,2014,15000.0,Diesel,Manual,1,1405.0,15.42,317000.0
Maruti,Ertiga,2015,40000.0,Petrol,Manual,2,1373.0,16.02,600000.0
Hyundai,i20,2014,30000.0,Petrol,Manual,2,1197.0,18.5,330000.0
Hyundai,EON,2017,15000.0,Petrol,Manual,2,814.0,21.1,320000.0
Maruti,Estilo,2010,50000.0,Petrol,Manual,1,1197.0,21.21,160000.0
Hyundai,Getz,2007,110000.0,Petrol,Manual,2,1341.0,15.3,120000.0
Maruti,Alto,2009,70000.0,Petrol,Manual,2,796.0,19.7,130000.0
Chevrolet,Sail,2015,80000.0,Petrol,Manual,1,1199.0,18.2,220000.0
Maruti,Swift,2008,50000.0,Diesel,Manual,3,1197.0,21.21,229999.0
Tata,Zest,2015,110000.0,Petrol,Manual,1,1193.0,17.57,340000.0
Ford,Classic,2013,70000.0,Diesel,Manual,2,1399.0,19.68,200000.0
Maruti,Alto,2002,50000.0,Petrol,Manual,2,796.0,19.7,140000.0
Toyota,Innova,2013,190000.0,Diesel,Manual,1,2494.0,12.99,1000000.0
Mahindra,Bolero,2010,100000.0,Diesel,Manual,2,2523.0,13.6,495000.0
Maruti,Alto,2015,60000.0,Petrol,Manual,1,796.0,22.74,236000.0
Maruti,Wagon,2015,40000.0,Petrol,Manual,1,998.0,20.51,390000.0
Maruti,Swift,2009,90000.0,Diesel,Manual,2,1248.0,19.3,275000.0
Tata,Safari,2015,110000.0,Diesel,Manual,1,2179.0,14.1,503000.0
Maruti,Vitara,2017,32000.0,Diesel,Manual,1,1248.0,24.3,775000.0
Toyota,Innova,2016,30000.0,Diesel,Automatic,1,2755.0,11.36,1800000.0
Hyundai,Creta,2016,58000.0,Diesel,Manual,1,1582.0,19.67,850000.0
Maruti,Vitara,2018,5000.0,Diesel,Manual,1,1248.0,24.3,750000.0
Hyundai,i20,2018,25000.0,Petrol,Manual,1,1197.0,18.6,570000.0
Hyundai,Grand,2018,32000.0,Petrol,Manual,1,1197.0,18.9,580000.0
Honda,Jazz,2016,30000.0,Petrol,Manual,1,1199.0,18.7,484999.0
Honda,BR-V,2017,43000.0,Petrol,Manual,1,1497.0,15.4,700000.0
Hyundai,Verna,2012,60000.0,Petrol,Manual,1,1497.0,17.7,415000.0
Nissan,Micra,2015,50000.0,Petrol,Automatic,1,1198.0,19.34,325000.0
Ford,Figo,2018,14200.0,Petrol,Manual,1,1196.0,18.16,550000.0
Hyundai,EON,2017,10000.0,Petrol,Manual,1,814.0,21.1,300000.0
Datsun,RediGO,2018,25000.0,Petrol,Manual,1,799.0,22.7,217000.0
Ford,Freestyle,2018,19100.0,Petrol,Manual,1,1194.0,19.0,700000.0
Hyundai,Santro,2019,25000.0,Petrol,Automatic,4,1086.0,20.3,466000.0
Ford,EcoSport,2014,54000.0,Diesel,Manual,1,1498.0,23.0,484999.0
Nissan,Sunny,2018,35000.0,Diesel,Manual,1,1461.0,22.71,670000.0
Hyundai,Grand,2018,20000.0,Petrol,Manual,2,1197.0,18.9,500000.0
Maruti,SX4,2016,52000.0,Diesel,Manual,1,1248.0,23.65,675000.0
Hyundai,i20,2011,120000.0,Diesel,Manual,2,1396.0,23.0,220000.0
Jeep,Compass,2017,50000.0,Diesel,Manual,1,1956.0,17.1,1650000.0
Maruti,Ertiga,2013,120000.0,Diesel,Manual,2,1248.0,20.77,630000.0
Tata,Manza,2010,90000.0,Diesel,Manual,2,1248.0,18.8,250000.0
Maruti,Wagon,2004,120000.0,Petrol,Manual,3,998.0,18.9,120000.0
Skoda,Rapid,2015,101500.0,Diesel,Manual,2,1498.0,21.14,300000.0
Hyundai,Verna,2013,75000.0,Diesel,Automatic,1,1582.0,22.32,525000.0
Maruti,Alto,2011,97500.0,Petrol,Manual,1,1197.0,21.21,204999.0
Maruti,Alto,2011,97500.0,Petrol,Manual,1,1197.0,21.21,204999.0
Mahindra,Scorpio,2016,100000.0,Diesel,Manual,1,1997.0,15.4,1100000.0
Renault,Duster,2012,55735.0,Diesel,Manual,2,1461.0,19.01,480000.0
Mahindra,XUV500,2014,80000.0,Diesel,Manual,2,2179.0,15.1,605000.0
Maruti,Alto,2016,50000.0,Petrol,Manual,2,796.0,24.7,250000.0
Ford,Figo,2013,70000.0,Diesel,Manual,2,1399.0,20.0,245000.0
Hyundai,i10,2012,76000.0,Petrol,Manual,4,1197.0,20.36,210000.0
Maruti,Swift,2020,1500.0,Petrol,Manual,1,1197.0,21.21,730000.0
Mahindra,Bolero,2012,76000.0,Diesel,Manual,1,2523.0,15.96,500000.0
Maruti,Wagon,2015,40000.0,Petrol,Manual,1,998.0,20.51,400000.0
Hyundai,EON,2015,60000.0,Petrol,Manual,2,814.0,21.1,280000.0
Toyota,Innova,2009,170000.0,Diesel,Manual,3,2494.0,12.8,561000.0
Mitsubishi,Pajero,2013,181491.0,Diesel,Manual,1,2477.0,13.5,950000.0
Chevrolet,Beat,2016,53319.0,Diesel,Manual,1,936.0,25.44,375000.0
Volkswagen,Ameo,2017,40906.0,Diesel,Manual,1,1498.0,21.66,700000.0
Toyota,Etios,2012,31711.0,Petrol,Manual,2,1496.0,17.6,375000.0
Hyundai,EON,2012,43755.0,Petrol,Manual,2,814.0,21.1,270000.0
Renault,KWID,2016,66693.0,Petrol,Manual,1,799.0,25.17,300000.0
Maruti,Zen,2010,59549.0,Petrol,Manual,1,998.0,19.0,225000.0
Toyota,Innova,2015,94385.0,Diesel,Manual,1,2494.0,12.99,1350000.0
Maruti,Zen,2010,73730.0,Petrol,Manual,1,998.0,18.2,200000.0
Hyundai,Verna,2011,221889.0,Diesel,Manual,1,1582.0,22.32,400000.0
Honda,Amaze,2013,116104.0,Diesel,Manual,1,1498.0,25.8,500000.0
Maruti,Swift,2015,150546.0,Petrol,Manual,1,1197.0,22.0,500000.0
Toyota,Fortuner,2013,148120.0,Diesel,Manual,1,2755.0,14.24,1500000.0
Ford,Ecosport,2015,20000.0,Petrol,Manual,2,1499.0,15.8,555000.0
Hyundai,Grand,2018,30000.0,Petrol,Automatic,1,1197.0,18.9,580000.0
Tata,Aria,2011,142000.0,Diesel,Manual,3,2179.0,13.7,337000.0
Tata,Sumo,2011,20000.0,Diesel,Manual,1,1948.0,12.2,175000.0
Tata,Manza,2009,120000.0,Diesel,Manual,2,1248.0,18.8,180000.0
Hyundai,i10,2011,80000.0,Petrol,Manual,1,1086.0,19.81,200000.0
Tata,Indigo,2016,60000.0,Diesel,Manual,1,1405.0,19.09,260000.0
Renault,KWID,2016,25000.0,Petrol,Manual,1,999.0,23.01,350000.0
Mahindra,Bolero,2011,50000.0,Diesel,Manual,2,2523.0,13.6,409999.0
Mahindra,TUV,2017,126000.0,Diesel,Manual,1,1493.0,18.49,655000.0
Maruti,Swift,2015,170000.0,Diesel,Manual,1,1248.0,26.59,370000.0
Maruti,Alto,2013,24000.0,Petrol,Manual,1,796.0,22.74,200000.0
Maruti,Ertiga,2017,100000.0,Diesel,Manual,2,1248.0,24.52,800000.0
Tata,Tiago,2019,10000.0,Petrol,Manual,1,1199.0,24.0,550000.0
Ford,Figo,2012,70000.0,Diesel,Manual,2,1399.0,20.0,300000.0
Maruti,Omni,2017,40000.0,Petrol,Manual,1,796.0,16.8,220000.0
Maruti,Wagon,2011,110000.0,Petrol,Manual,1,998.0,18.9,196000.0
Hyundai,i10,2008,80000.0,Petrol,Manual,2,1086.0,19.81,135000.0
Tata,Bolt,2015,16500.0,Petrol,Manual,1,1193.0,17.57,299000.0
Maruti,Alto,2017,30000.0,Petrol,Manual,1,998.0,23.95,300000.0
Maruti,Ertiga,2017,80000.0,Diesel,Manual,1,1248.0,24.52,720000.0
Tata,Safari,2016,50000.0,Diesel,Manual,3,2179.0,14.1,650000.0
Maruti,Alto,2016,25000.0,Petrol,Manual,1,998.0,23.95,300000.0
Hyundai,Grand,2019,20000.0,Diesel,Manual,1,1186.0,24.0,750000.0
Renault,KWID,2016,60000.0,Petrol,Manual,1,799.0,25.17,260000.0
Maruti,Swift,2011,70000.0,Diesel,Manual,2,1248.0,22.9,300000.0
Mahindra,Bolero,2014,50000.0,Diesel,Manual,2,2523.0,15.96,600000.0
Honda,Accord,2004,100000.0,Petrol,Automatic,2,2997.0,9.0,275000.0
Maruti,Alto,2015,52000.0,Petrol,Manual,1,998.0,23.95,250000.0
Maruti,Swift,2014,80000.0,Diesel,Manual,1,1248.0,23.4,420000.0
Hyundai,EON,2015,50000.0,Petrol,Manual,1,814.0,21.1,235000.0
Mahindra,Scorpio,2016,60000.0,Diesel,Manual,1,2179.0,15.4,1100000.0
Maruti,Alto,2019,25000.0,Petrol,Manual,1,998.0,23.95,360000.0
Hyundai,Grand,2014,50000.0,Diesel,Manual,2,1120.0,24.0,380000.0
Ford,EcoSport,2016,125000.0,Diesel,Manual,1,1498.0,22.77,650000.0
Maruti,Wagon,2016,80000.0,Petrol,Manual,1,998.0,20.51,350000.0
Mahindra,Bolero,2017,70000.0,Diesel,Manual,1,2523.0,15.96,700000.0
Hyundai,i20,2010,90000.0,Diesel,Manual,3,1396.0,23.0,270000.0
Tata,Bolt,2017,50000.0,Diesel,Manual,1,1248.0,22.95,450000.0
Mahindra,Thar,2016,101000.0,Diesel,Manual,1,2498.0,16.55,630000.0
Mahindra,Xylo,2010,168000.0,Diesel,Manual,1,2498.0,14.0,229999.0
Mahindra,Xylo,2010,168000.0,Diesel,Manual,1,2498.0,14.0,229999.0
Maruti,Wagon,2011,40000.0,Petrol,Manual,1,998.0,18.9,270000.0
Tata,Indica,2009,28900.0,Petrol,Manual,2,1172.0,0.0,135000.0
Maruti,Wagon,2012,20000.0,Petrol,Manual,1,998.0,18.9,275000.0
Jaguar,XE,2017,9000.0,Diesel,Automatic,1,1999.0,13.6,2625000.0
Lexus,ES,2019,20000.0,Petrol,Automatic,1,2487.0,22.37,5150000.0
Jaguar,XF,2017,45000.0,Diesel,Automatic,1,1999.0,19.33,3200000.0
Tata,Safari,2015,110000.0,Diesel,Manual,1,2179.0,14.1,503000.0
Volvo,XC40,2019,20000.0,Diesel,Automatic,1,1969.0,18.0,3800000.0
Toyota,Camry,2016,68089.0,Petrol,Automatic,1,2494.0,19.16,2000000.0
Maruti,Wagon,2013,58343.0,Petrol,Manual,1,998.0,21.79,225000.0
Maruti,Baleno,2018,38817.0,Diesel,Manual,1,1248.0,27.39,740000.0
Honda,Jazz,2016,56494.0,Petrol,Manual,1,1199.0,18.2,550000.0
Toyota,Innova,2013,79328.0,Diesel,Manual,2,2494.0,12.99,750000.0
Maruti,Swift,2019,5621.0,Petrol,Automatic,1,1197.0,22.0,650000.0
Toyota,Etios,2017,25538.0,Petrol,Manual,1,1496.0,16.78,625000.0
Maruti,Swift,2018,69779.0,Petrol,Automatic,1,1197.0,22.0,600000.0
Hyundai,Grand,2017,56290.0,Diesel,Manual,1,1186.0,24.0,450000.0
BMW,X4,2019,7500.0,Diesel,Automatic,1,1995.0,16.78,5400000.0
BMW,X4,2019,8500.0,Diesel,Automatic,1,1995.0,16.78,5500000.0
Honda,Amaze,2019,7032.0,Petrol,Automatic,1,1199.0,19.0,779000.0
Skoda,Rapid,2016,11000.0,Petrol,Automatic,1,1598.0,14.3,645000.0
Volvo,V40,2018,2000.0,Diesel,Automatic,1,1984.0,16.8,2475000.0
Mahindra,TUV,2015,165000.0,Diesel,Manual,1,1493.0,18.49,634000.0
Maruti,A-Star,2012,98500.0,Petrol,Manual,2,998.0,19.0,235000.0
Hyundai,i10,2008,98000.0,Petrol,Manual,3,1197.0,20.36,275000.0
Mahindra,Thar,2014,40000.0,Diesel,Manual,2,2498.0,16.55,700000.0
Fiat,Grande,2013,90000.0,Diesel,Manual,1,1248.0,20.3,400000.0
Maruti,Alto,2012,90000.0,Petrol,Manual,3,796.0,19.7,215000.0
Hyundai,Getz,2009,110000.0,Diesel,Manual,2,1493.0,17.1,150000.0
Maruti,S-Cross,2018,77800.0,Diesel,Manual,1,1248.0,25.1,950000.0
Mahindra,TUV,2015,100000.0,Diesel,Manual,1,1493.0,18.49,730000.0
Tata,Indica,2012,120000.0,Diesel,Manual,2,1405.0,19.0,135000.0
Hyundai,Xcent,2016,80000.0,Petrol,Manual,2,1197.0,19.1,350000.0
Mahindra,KUV,2018,21000.0,Petrol,Manual,2,1198.0,18.15,535000.0
Maruti,Swift,2018,100000.0,Petrol,Manual,2,1197.0,19.0,455000.0
Maruti,Swift,2019,25000.0,Petrol,Manual,1,1197.0,21.21,655000.0
Ford,EcoSport,2019,30000.0,Diesel,Manual,3,1498.0,23.0,800000.0
Toyota,Yaris,2018,25000.0,Petrol,Automatic,1,1496.0,17.8,1100000.0
Mercedes-Benz,E-Class,2016,40000.0,Diesel,Automatic,1,2143.0,13.0,3000000.0
Toyota,Fortuner,2012,160000.0,Diesel,Automatic,1,2982.0,11.5,1225000.0
Mahindra,KUV,2018,51492.0,Petrol,Manual,1,1198.0,18.15,340000.0
Volkswagen,Vento,2011,72000.0,Diesel,Manual,2,1598.0,20.54,300000.0
Ford,Figo,2016,60000.0,Petrol,Manual,1,1196.0,18.16,370000.0
Mahindra,Bolero,2013,136000.0,Diesel,Manual,2,2523.0,15.96,330000.0
Hyundai,Santro,2014,60000.0,Petrol,Manual,1,1086.0,17.92,238000.0
Hyundai,Santro,2006,110000.0,Petrol,Manual,2,1197.0,19.81,72000.0
Hyundai,Santro,2013,90000.0,Petrol,Manual,1,1086.0,17.92,200000.0
Nissan,Sunny,2014,91000.0,Diesel,Manual,4,1461.0,22.71,320000.0
Hyundai,Santro,2009,90000.0,Petrol,Manual,4,1086.0,17.92,114999.0
Maruti,Wagon,2015,50000.0,Petrol,Manual,2,998.0,20.51,320000.0
Hyundai,i10,2010,20000.0,Petrol,Manual,1,1086.0,19.81,210000.0
Mahindra,Xylo,2011,120000.0,Diesel,Manual,1,2489.0,14.0,200000.0
Maruti,Wagon,2009,150000.0,Petrol,Manual,2,1061.0,18.9,135000.0
Tata,Indigo,2015,52000.0,Diesel,Manual,1,1405.0,19.09,350000.0
Mahindra,Bolero,2014,167000.0,Diesel,Manual,2,2523.0,13.6,350000.0
Maruti,Swift,2017,40000.0,Diesel,Manual,1,1248.0,28.4,680000.0
Maruti,Swift,2010,190000.0,Diesel,Manual,2,1248.0,17.8,200000.0
Renault,KWID,2016,50000.0,Petrol,Manual,1,999.0,23.01,300000.0
Mahindra,Xylo,2011,70000.0,Diesel,Manual,2,2498.0,14.0,270000.0
Maruti,Wagon,2012,80000.0,Petrol,Manual,2,998.0,18.9,225000.0
Mahindra,Bolero,2008,120000.0,Diesel,Manual,1,2523.0,13.6,250000.0
Mahindra,TUV,2015,40000.0,Diesel,Manual,2,1493.0,18.49,590000.0
Hyundai,EON,2015,17000.0,Petrol,Manual,1,814.0,21.1,290000.0
Maruti,Zen,2010,180000.0,Petrol,Manual,2,998.0,19.0,100000.0
Maruti,Celerio,2016,50000.0,Petrol,Manual,1,998.0,23.1,395000.0
Hyundai,EON,2014,65000.0,Petrol,Manual,2,814.0,21.1,195000.0
Tata,Nano,2011,10000.0,Petrol,Manual,3,624.0,26.0,45000.0
Mahindra,Bolero,2009,70000.0,Diesel,Manual,2,2523.0,13.6,270000.0
Chevrolet,Tavera,2014,90000.0,Diesel,Manual,2,2499.0,13.58,600000.0
Hyundai,i20,2015,50000.0,Diesel,Manual,1,1396.0,22.54,715000.0
Hyundai,Elite,2019,10000.0,Petrol,Manual,1,1197.0,18.6,600000.0
Mahindra,TUV,2019,25000.0,Diesel,Manual,1,1493.0,18.49,875000.0
Mahindra,Scorpio,2011,100000.0,Diesel,Manual,2,2179.0,13.5,420000.0
Honda,CR-V,2007,70000.0,Petrol,Automatic,2,2354.0,10.1,325000.0
Datsun,GO,2017,30000.0,Petrol,Manual,1,1198.0,20.63,385000.0
Mahindra,KUV,2016,40000.0,Petrol,Manual,1,1198.0,18.15,300000.0
Hyundai,i20,2012,135000.0,Diesel,Manual,1,1396.0,21.9,335000.0
Maruti,Celerio,2014,35000.0,Petrol,Manual,1,998.0,23.1,300000.0
Hyundai,Accent,2004,120000.0,Petrol,Manual,2,1495.0,13.2,80000.0
Mahindra,Bolero,2012,120000.0,Diesel,Manual,1,2523.0,15.96,400000.0
Tata,Indigo,2012,190000.0,Diesel,Manual,2,1396.0,19.09,168000.0
Mahindra,Bolero,2016,120000.0,Diesel,Manual,1,2523.0,15.96,550000.0
Toyota,Etios,2012,120000.0,Diesel,Manual,2,2494.0,12.99,300000.0
Mahindra,Bolero,2011,175000.0,Diesel,Manual,3,2523.0,13.6,320000.0
Mahindra,Bolero,2011,175000.0,Diesel,Manual,3,2523.0,15.96,320000.0
Nissan,Sunny,2011,25000.0,Petrol,Manual,2,1498.0,16.95,350000.0
Tata,Manza,2013,80000.0,Diesel,Manual,1,1248.0,21.02,280000.0
Hyundai,Xcent,2017,70000.0,Diesel,Manual,2,1120.0,24.4,550000.0
Hyundai,Xcent,2018,10000.0,Petrol,Manual,1,1197.0,20.14,500000.0
Ford,Freestyle,2019,6000.0,Petrol,Manual,1,1194.0,19.0,700000.0
Skoda,Rapid,2013,90000.0,Diesel,Manual,2,1598.0,20.5,380000.0
Mahindra,Bolero,2012,110000.0,Diesel,Manual,2,2523.0,15.96,340000.0
Mahindra,Bolero,2007,120000.0,Diesel,Manual,3,2523.0,13.6,160000.0
Toyota,Innova,2014,50000.0,Diesel,Manual,1,2494.0,12.99,750000.0
Hyundai,Grand,2018,20000.0,Petrol,Automatic,1,1197.0,18.9,531000.0
Renault,KWID,2017,35000.0,Petrol,Manual,1,999.0,23.01,300000.0
Volkswagen,Polo,2014,60000.0,Diesel,Manual,2,1498.0,20.14,350000.0
Chevrolet,Beat,2010,68000.0,Petrol,Manual,4,1199.0,18.6,150000.0
Maruti,Swift,2015,30000.0,Petrol,Manual,1,1197.0,20.4,450000.0
Mahindra,XUV500,2017,54000.0,Diesel,Manual,1,2179.0,16.0,1625000.0
Maruti,Swift,2006,65000.0,Petrol,Manual,3,1197.0,21.21,140000.0
Mahindra,Bolero,2004,80000.0,Diesel,Manual,3,2179.0,15.96,250000.0
Tata,Indica,2006,120000.0,Diesel,Manual,3,1405.0,16.8,85000.0
Hyundai,Grand,2018,30000.0,Petrol,Manual,1,1197.0,18.9,450000.0
Maruti,Zen,2011,55113.0,Petrol,Manual,1,1197.0,21.21,170000.0
Tata,Tiago,2017,50000.0,Diesel,Manual,1,1047.0,27.28,360000.0
Maruti,Alto,2020,6000.0,Petrol,Manual,1,998.0,23.95,390000.0
Maruti,Eeco,2011,50000.0,Petrol,Manual,2,1196.0,15.37,145000.0
Mahindra,Scorpio,2012,90000.0,Diesel,Manual,3,2179.0,12.05,540000.0
Toyota,Innova,2008,126000.0,Diesel,Manual,3,2494.0,12.8,290000.0
Tata,Indigo,2013,90000.0,Diesel,Manual,1,1396.0,25.0,300000.0
Ford,Figo,2017,80000.0,Petrol,Manual,1,1196.0,18.16,565000.0
Mahindra,Scorpio,2011,70000.0,Diesel,Manual,2,2609.0,10.5,441000.0
Hyundai,Santro,2003,80000.0,Petrol,Manual,2,1197.0,19.81,50000.0
Hyundai,EON,2011,80000.0,Petrol,Manual,2,814.0,21.1,180000.0
Hyundai,EON,2013,80000.0,Petrol,Manual,2,814.0,21.1,200000.0
Maruti,Alto,2005,150000.0,Petrol,Manual,2,796.0,19.7,85000.0
Tata,Indica,2006,110000.0,Diesel,Manual,4,1396.0,17.88,67500.0
Maruti,Vitara,2016,110000.0,Diesel,Manual,2,1248.0,24.3,700000.0
Volkswagen,Polo,2010,80000.0,Diesel,Manual,4,1199.0,22.07,275000.0
Hyundai,Grand,2019,20000.0,Petrol,Manual,1,1197.0,18.9,600000.0
Mahindra,Xylo,2011,120000.0,Diesel,Manual,1,2489.0,13.0,250000.0
Mahindra,Bolero,2016,120000.0,Diesel,Manual,1,2523.0,15.96,600000.0
Fiat,Linea,2010,80000.0,Diesel,Manual,2,1248.0,20.4,200000.0
Hyundai,Grand,2015,91500.0,Diesel,Manual,2,1120.0,24.0,425000.0
Maruti,Swift,2012,120000.0,Diesel,Manual,2,1248.0,19.3,420000.0
Hyundai,i20,2012,100000.0,Diesel,Manual,2,1396.0,23.0,321000.0
Mahindra,Xylo,2012,120000.0,Diesel,Manual,4,2498.0,14.0,350000.0
Honda,Amaze,2017,80000.0,Petrol,Manual,1,1198.0,17.8,490000.0
Mahindra,Scorpio,2015,90000.0,Diesel,Manual,1,2523.0,15.4,680000.0
Maruti,Alto,2016,70000.0,Petrol,Manual,1,998.0,23.95,298000.0
Hyundai,Santro,1999,110000.0,Petrol,Manual,2,1197.0,19.81,80000.0
Mahindra,Scorpio,2011,150000.0,Diesel,Manual,4,2179.0,13.5,450000.0
Skoda,Superb,2010,60000.0,Petrol,Automatic,2,1598.0,16.6,400000.0
Tata,Indica,2012,40000.0,Diesel,Manual,1,1248.0,22.3,250000.0
Ford,Endeavour,2013,110000.0,Diesel,Automatic,3,2953.0,12.8,1075000.0
Hyundai,Grand,2017,20000.0,Petrol,Manual,1,1197.0,18.9,500000.0
Ford,Freestyle,2019,10000.0,Petrol,Manual,1,1194.0,19.0,681000.0
Mahindra,XUV500,2014,90000.0,Diesel,Manual,2,2179.0,15.1,650000.0
Chevrolet,Aveo,2008,70000.0,Petrol,Manual,2,1150.0,15.26,80000.0
Mahindra,Bolero,2009,120000.0,Diesel,Manual,1,2523.0,13.6,290000.0
Mahindra,Scorpio,2006,120000.0,Diesel,Manual,2,2179.0,10.5,220000.0
Hyundai,Santro,2009,90000.0,Petrol,Manual,2,1086.0,0.0,120000.0
Datsun,RediGO,2017,80000.0,Petrol,Manual,1,799.0,22.7,229999.0
Mahindra,Bolero,2003,132478.0,Diesel,Manual,2,2523.0,13.6,150000.0
Maruti,Swift,2014,45000.0,Petrol,Manual,1,1197.0,19.1,500000.0
Tata,Indigo,2013,120000.0,Diesel,Manual,1,1396.0,19.09,175000.0
Ford,Freestyle,2019,10000.0,Petrol,Manual,1,1194.0,19.0,720000.0
Maruti,800,2012,51000.0,Petrol,Manual,1,796.0,16.1,100000.0
Honda,Civic,2009,105000.0,Petrol,Automatic,2,1799.0,12.9,250000.0
Mahindra,XUV500,2014,100000.0,Diesel,Manual,1,2179.0,15.1,810000.0
Maruti,Alto,2010,30000.0,Petrol,Manual,3,796.0,19.7,165000.0
Chevrolet,Tavera,2016,60000.0,Diesel,Manual,2,1994.0,12.2,409999.0
Maruti,Swift,2013,86000.0,Diesel,Manual,2,1248.0,22.9,430000.0
Datsun,GO,2015,15000.0,Petrol,Manual,1,1198.0,20.62,300000.0
Maruti,Swift,2011,137500.0,Diesel,Manual,3,1248.0,19.3,350000.0
Renault,KWID,2018,60000.0,Petrol,Manual,1,999.0,23.01,400000.0
Chevrolet,Enjoy,2016,70000.0,Diesel,Manual,1,1248.0,18.2,420000.0
Maruti,Wagon,2015,5000.0,Petrol,Manual,1,998.0,20.51,430000.0
Maruti,Swift,2017,30000.0,Petrol,Manual,1,1197.0,20.4,573000.0
Hyundai,EON,2015,40000.0,Petrol,Manual,1,814.0,21.1,210000.0
Renault,Duster,2015,60000.0,Diesel,Manual,1,1461.0,19.01,600000.0
Honda,City,2008,70000.0,Petrol,Manual,3,1497.0,17.7,150000.0
Tata,Tigor,2019,15000.0,Petrol,Manual,1,1199.0,20.3,550000.0
Maruti,Swift,2011,110000.0,Diesel,Manual,2,1248.0,19.3,320000.0
Maruti,800,2000,70000.0,Petrol,Manual,4,796.0,16.1,80000.0
Honda,Amaze,2019,10000.0,Diesel,Manual,1,1498.0,27.4,800000.0
Maruti,Ertiga,2013,60000.0,Petrol,Manual,1,1373.0,16.02,500000.0
Tata,Manza,2011,110000.0,Diesel,Manual,2,1248.0,18.8,229999.0
Maruti,Ertiga,2013,60000.0,Petrol,Manual,1,1373.0,16.02,500000.0
Hyundai,i20,2015,35000.0,Petrol,Manual,1,1197.0,18.6,630000.0
Maruti,Omni,2016,70000.0,Petrol,Manual,2,796.0,16.8,190000.0
Tata,Manza,2011,110000.0,Diesel,Manual,2,1248.0,18.8,229999.0
Mahindra,Bolero,2011,100000.0,Diesel,Manual,2,2523.0,13.6,450000.0
Maruti,Alto,2008,120000.0,Petrol,Manual,1,796.0,19.7,95000.0
Maruti,Omni,2009,90000.0,Petrol,Manual,4,796.0,19.7,101000.0
Honda,Amaze,2016,70000.0,Diesel,Manual,2,1498.0,25.8,500000.0
Toyota,Innova,2014,88000.0,Diesel,Manual,2,2494.0,12.99,1019999.0
Hyundai,EON,2012,38000.0,Petrol,Manual,1,814.0,21.1,244000.0
Maruti,Wagon,2013,90000.0,Petrol,Manual,2,998.0,20.51,250000.0
Maruti,Baleno,2016,60000.0,Petrol,Manual,1,1197.0,21.4,660000.0
Hyundai,i20,2010,60000.0,Petrol,Manual,1,1197.0,18.5,270000.0
Maruti,Ritz,2012,156060.0,Diesel,Manual,1,1248.0,23.2,280000.0
Hyundai,Creta,2017,60000.0,Diesel,Manual,1,1582.0,19.67,1050000.0
Maruti,Swift,2017,70000.0,Petrol,Manual,1,1197.0,20.85,525000.0
Hyundai,Verna,2017,35000.0,Diesel,Manual,1,1582.0,23.9,850000.0
Mahindra,XUV500,2016,50000.0,Diesel,Manual,1,1997.0,16.0,1165000.0
Maruti,Swift,2012,50000.0,Petrol,Manual,2,1197.0,18.6,345000.0
Hyundai,Santro,2007,100000.0,Petrol,Manual,2,1086.0,17.8,95000.0
Maruti,Alto,2015,15000.0,Petrol,Manual,1,796.0,22.74,241000.0
Maruti,Alto,2015,20000.0,Petrol,Manual,1,796.0,22.74,235000.0
Ford,EcoSport,2015,80000.0,Diesel,Manual,1,1498.0,22.77,615000.0
Mahindra,Verito,2014,110000.0,Diesel,Manual,2,1461.0,20.8,350000.0
Maruti,Wagon,2014,35000.0,Petrol,Manual,1,998.0,20.51,350000.0
Maruti,Wagon,2014,35000.0,Petrol,Manual,1,998.0,20.51,380000.0
Tata,Sumo,2017,140000.0,Diesel,Manual,1,2956.0,14.07,400000.0
Maruti,Zen,2010,40000.0,Petrol,Manual,1,998.0,19.0,220000.0
Tata,Sumo,2008,110000.0,Diesel,Manual,3,2179.0,14.4,270000.0
Maruti,Ritz,2012,70000.0,Petrol,Manual,2,1197.0,18.5,275000.0
Tata,Indica,2009,100000.0,Diesel,Manual,2,1405.0,17.0,125000.0
Hyundai,i10,2015,20000.0,Petrol,Manual,1,1086.0,19.81,360000.0
Hyundai,Grand,2019,15000.0,Petrol,Manual,1,1197.0,18.9,550000.0
Ford,Fiesta,2011,70000.0,Petrol,Manual,2,1388.0,16.6,200000.0
Mahindra,KUV,2016,20000.0,Petrol,Manual,1,1198.0,18.15,327000.0
Hyundai,i10,2016,15000.0,Petrol,Manual,1,1086.0,19.81,425000.0
Maruti,Swift,2017,107000.0,Diesel,Manual,1,1248.0,28.4,620000.0
Tata,Indica,2011,54000.0,Diesel,Manual,2,1248.0,18.4,130000.0
Maruti,Alto,2009,58000.0,Petrol,Manual,1,796.0,19.7,120000.0
Mahindra,Scorpio,2011,110000.0,Diesel,Manual,2,2179.0,12.05,400000.0
Hyundai,Verna,2007,90000.0,Diesel,Manual,4,1493.0,16.8,185000.0
Hyundai,EON,2015,43000.0,Petrol,Manual,2,998.0,20.3,204999.0
Maruti,Swift,2017,43000.0,Diesel,Manual,1,1248.0,28.4,625000.0
Maruti,Ertiga,2013,60000.0,Diesel,Manual,1,1248.0,20.77,600000.0
Tata,Indigo,2011,150000.0,Petrol,Manual,1,1396.0,12.8,150000.0
Renault,KWID,2017,35000.0,Petrol,Manual,1,999.0,23.01,300000.0
Chevrolet,Sail,2013,46000.0,Petrol,Manual,1,1199.0,18.2,229999.0
Maruti,Omni,2018,10000.0,Petrol,Manual,1,796.0,16.8,220000.0
Hyundai,i20,2016,35000.0,Petrol,Manual,1,1197.0,18.6,576000.0
Renault,KWID,2016,50000.0,Petrol,Manual,1,799.0,25.17,265000.0
Maruti,Esteem,2005,60000.0,Petrol,Manual,3,1197.0,21.21,50000.0
Hyundai,Verna,2011,80000.0,Diesel,Manual,1,1582.0,22.32,300000.0
Tata,Tigor,2017,110000.0,Diesel,Manual,1,1047.0,24.7,420000.0
Maruti,Ertiga,2015,14000.0,Diesel,Manual,1,1248.0,20.77,750000.0
Maruti,Alto,2012,60000.0,CNG,Manual,2,796.0,30.46,165000.0
Renault,KWID,2017,28000.0,Petrol,Manual,1,799.0,25.17,290000.0
Hyundai,EON,2011,57000.0,Petrol,Manual,1,814.0,21.1,160000.0
Maruti,Swift,2017,50000.0,Diesel,Manual,1,1248.0,26.59,695000.0
Maruti,Wagon,2012,70000.0,LPG,Manual,1,998.0,26.2,231000.0
Toyota,Corolla,2015,60000.0,Diesel,Manual,1,1364.0,21.43,1050000.0
Hyundai,i20,2013,70000.0,Petrol,Manual,1,1197.0,18.5,400000.0
Hyundai,i20,2016,40000.0,Petrol,Manual,1,1197.0,18.6,500000.0
Tata,Manza,2010,120000.0,Diesel,Manual,2,1248.0,21.12,150000.0
Mahindra,Xylo,2016,140000.0,Diesel,Manual,2,2179.0,14.02,400000.0
Tata,Indigo,2010,100000.0,Diesel,Manual,2,1405.0,17.0,120000.0
Mahindra,Xylo,2014,120000.0,Diesel,Manual,2,2179.0,14.02,480000.0
Tata,Indigo,2013,120000.0,Diesel,Manual,2,1405.0,19.09,200000.0
Ford,Fiesta,2012,64000.0,Diesel,Manual,2,1399.0,17.8,300000.0
Maruti,Celerio,2015,25000.0,Petrol,Manual,1,998.0,23.1,350000.0
Renault,Triber,2019,12000.0,Petrol,Manual,1,999.0,20.0,580000.0
Chevrolet,Beat,2012,70000.0,Diesel,Manual,2,936.0,25.44,200000.0
Mahindra,Scorpio,2016,120000.0,Diesel,Manual,1,2179.0,11.0,750000.0
Renault,KWID,2016,90000.0,Petrol,Manual,1,799.0,25.17,261000.0
Chevrolet,Sail,2015,40000.0,Petrol,Manual,1,1199.0,18.2,371000.0
Mahindra,Bolero,2010,300000.0,Diesel,Manual,3,2523.0,13.6,320000.0
Tata,Indigo,2012,120000.0,Diesel,Manual,2,1396.0,19.09,204999.0
Hyundai,Accent,2003,90000.0,Petrol,Manual,2,1495.0,13.2,110000.0
Ford,Fusion,2009,100000.0,Diesel,Manual,4,1399.0,17.7,150000.0
Mahindra,Bolero,2016,90000.0,Diesel,Manual,2,2523.0,15.96,625000.0
Mahindra,Scorpio,2017,50000.0,Diesel,Manual,2,1997.0,15.4,1300000.0
Skoda,Octavia,2015,168000.0,Diesel,Manual,1,1968.0,20.6,900000.0
Ford,Figo,2010,110000.0,Diesel,Manual,2,1399.0,20.0,180000.0
Mahindra,Bolero,2010,120000.0,Diesel,Manual,2,2523.0,13.6,421000.0
Tata,Indigo,2012,120000.0,Diesel,Manual,2,1396.0,19.09,204999.0
Honda,WR-V,2017,40000.0,Diesel,Manual,1,1498.0,25.5,900000.0
Honda,City,2006,110000.0,Petrol,Manual,2,1497.0,17.7,165000.0
Hyundai,i20,2010,100000.0,Diesel,Manual,4,1396.0,21.9,270000.0
Maruti,Vitara,2017,40000.0,Diesel,Manual,1,1248.0,24.3,750000.0
Hyundai,Elite,2019,30000.0,Petrol,Manual,1,1197.0,18.6,750000.0
Maruti,800,2002,80000.0,Petrol,Manual,3,796.0,16.1,40000.0
Ford,Figo,2011,90000.0,Diesel,Manual,2,1399.0,20.0,190000.0
Toyota,Innova,2009,200000.0,Diesel,Manual,3,2494.0,12.8,395000.0
Toyota,Fortuner,2010,125000.0,Diesel,Manual,2,2982.0,11.5,800000.0
Hyundai,i20,2011,80000.0,Petrol,Manual,1,1197.0,17.0,315000.0
Audi,A4,2014,44000.0,Diesel,Automatic,2,1968.0,16.55,1600000.0
Toyota,Etios,2013,90000.0,Diesel,Manual,1,1364.0,23.59,409999.0
Hyundai,Grand,2018,32000.0,Petrol,Manual,1,1197.0,18.9,580000.0
Hyundai,i20,2013,70000.0,Petrol,Manual,1,1197.0,18.5,340000.0
Hyundai,EON,2015,43000.0,Petrol,Manual,1,814.0,21.1,270000.0
Tata,Zest,2017,80000.0,Diesel,Manual,1,1248.0,22.95,280000.0
Tata,Indica,2012,60000.0,Diesel,Manual,1,1248.0,22.3,130000.0
Hyundai,EON,2014,18945.0,Petrol,Manual,1,814.0,21.1,260000.0
Hyundai,Grand,2018,70000.0,Diesel,Manual,1,1186.0,24.0,710000.0
Maruti,Eeco,2013,100000.0,Petrol,Manual,3,1196.0,15.1,204999.0
Datsun,GO,2017,60000.0,Petrol,Manual,1,1198.0,20.62,300000.0
Maruti,Swift,2009,144000.0,Diesel,Manual,2,1248.0,19.3,180000.0
Mahindra,TUV,2016,120000.0,Diesel,Manual,1,1493.0,18.49,700000.0
Hyundai,i20,2012,107825.0,Diesel,Manual,2,1396.0,21.9,320000.0
Maruti,Alto,2020,15000.0,Petrol,Manual,1,796.0,22.05,370000.0
Renault,KWID,2018,10000.0,Petrol,Manual,1,799.0,25.17,340000.0
Maruti,XL6,2019,1620.0,Petrol,Manual,1,1462.0,19.01,1040000.0
Hyundai,i20,2018,30000.0,Diesel,Manual,1,1396.0,21.19,750000.0
Mahindra,TUV,2018,70000.0,Diesel,Manual,1,2179.0,18.49,600000.0
Mahindra,Bolero,2016,70000.0,Diesel,Manual,1,2523.0,15.96,550000.0
Toyota,Innova,2013,95000.0,Diesel,Manual,2,2494.0,12.99,600000.0
Tata,Tigor,2017,50000.0,Diesel,Manual,1,1047.0,24.7,550000.0
Honda,City,2015,160000.0,Diesel,Manual,1,1498.0,25.1,750000.0
Hyundai,Santro,2019,10000.0,Petrol,Manual,1,1086.0,20.3,450000.0
Maruti,Ertiga,2012,100000.0,Diesel,Manual,3,1248.0,20.77,400000.0
Maruti,Swift,2016,50000.0,Diesel,Manual,2,1248.0,25.2,520000.0
Maruti,Alto,2013,60000.0,Petrol,Manual,2,998.0,20.2,199000.0
Chevrolet,Beat,2012,110000.0,Diesel,Manual,1,936.0,25.44,150000.0
Hyundai,i20,2016,80000.0,Diesel,Manual,3,1396.0,21.19,540000.0
Maruti,SX4,2011,85000.0,Diesel,Manual,2,1248.0,21.5,250000.0
Maruti,Wagon,2010,90000.0,Petrol,Manual,2,1061.0,18.9,200000.0
Tata,Indica,2011,90000.0,Diesel,Manual,2,1396.0,25.0,130000.0
Maruti,800,2007,90000.0,Petrol,Manual,1,796.0,16.1,90000.0
Hyundai,Verna,2012,120000.0,Diesel,Manual,2,1582.0,22.32,450000.0
Hyundai,Verna,2009,120000.0,Diesel,Manual,1,1493.0,18.1,280000.0
Tata,New,2007,160000.0,Diesel,Manual,2,2956.0,13.93,280000.0
Maruti,Zen,2006,141000.0,Petrol,Manual,2,993.0,17.3,120000.0
Maruti,Swift,2008,100000.0,Diesel,Manual,2,1248.0,17.8,290000.0
Hyundai,Creta,2019,15000.0,Diesel,Manual,1,1396.0,22.1,1000000.0
Maruti,Swift,2012,108000.0,Diesel,Manual,1,1248.0,19.3,415000.0
Maruti,Swift,2012,108000.0,Diesel,Manual,1,1248.0,23.4,415000.0
Chevrolet,Beat,2015,55000.0,Diesel,Manual,1,936.0,25.44,240000.0
Tata,Indica,2010,37944.0,Diesel,Manual,1,1248.0,18.4,250000.0
Ford,Figo,2011,90400.0,Diesel,Manual,1,1399.0,20.0,175000.0
Hyundai,Verna,2008,85000.0,Diesel,Manual,2,1493.0,16.8,220000.0
Maruti,Zen,2003,120000.0,Diesel,Manual,3,1527.0,20.8,85000.0
Maruti,Swift,2019,5000.0,Petrol,Manual,1,1197.0,21.21,675000.0
Renault,Duster,2016,50000.0,Diesel,Manual,1,1461.0,19.87,535000.0
Renault,Triber,2019,5000.0,Petrol,Manual,1,999.0,20.0,675000.0
Maruti,Vitara,2016,90000.0,Diesel,Manual,1,1248.0,24.3,800000.0
Maruti,Ertiga,2012,96000.0,Diesel,Manual,2,1248.0,20.77,425000.0
Maruti,Eeco,2011,80000.0,Petrol,Manual,3,1196.0,15.37,150000.0
Maruti,Zen,2007,60000.0,Petrol,Manual,2,1061.0,18.2,90000.0
Mahindra,XUV500,2015,90000.0,Diesel,Manual,1,2179.0,15.1,850000.0
Toyota,Innova,2008,193623.0,Diesel,Manual,2,2494.0,12.8,330000.0
Hyundai,i20,2017,63186.0,Diesel,Manual,1,1396.0,22.54,850000.0
Mahindra,Bolero,2008,219000.0,Diesel,Manual,2,2523.0,13.6,305000.0
Toyota,Innova,2013,110000.0,Diesel,Manual,2,2494.0,12.99,910000.0
Toyota,Innova,2012,151000.0,Diesel,Manual,1,2494.0,12.8,1100000.0
Maruti,Baleno,2019,5000.0,Petrol,Automatic,1,1197.0,21.4,675000.0
Maruti,Alto,2010,91500.0,Petrol,Manual,1,796.0,19.7,150000.0
Maruti,Swift,2015,23000.0,Diesel,Manual,1,1248.0,25.2,550000.0
Volkswagen,Vento,2012,40000.0,Diesel,Manual,1,1598.0,20.54,350000.0
Maruti,Ritz,2012,70000.0,Diesel,Manual,1,1248.0,23.2,300000.0
Toyota,Innova,2018,10000.0,Diesel,Automatic,1,2755.0,11.36,1745000.0
Mahindra,Scorpio,2014,90000.0,Diesel,Manual,2,2523.0,14.0,611000.0
Honda,Brio,2016,68000.0,Petrol,Manual,1,1198.0,19.4,400000.0
Hyundai,Elantra,2013,120000.0,Diesel,Manual,1,1582.0,22.7,700000.0
Chevrolet,Sail,2013,65000.0,Diesel,Manual,1,1248.0,22.1,300000.0
Hyundai,Getz,2005,85000.0,Petrol,Manual,1,1341.0,15.3,65000.0
Maruti,Wagon,2011,94000.0,Petrol,Manual,3,998.0,18.9,200000.0
Hyundai,i20,2015,100000.0,Diesel,Manual,1,1396.0,22.54,650000.0
Hyundai,i20,2015,80000.0,Diesel,Manual,1,1396.0,22.54,650000.0
Volkswagen,Polo,2013,80000.0,Diesel,Manual,3,1199.0,22.07,350000.0
Tata,Indica,2011,140500.0,Diesel,Manual,3,1396.0,17.88,75000.0
Maruti,Swift,2010,143000.0,Petrol,Manual,1,1298.0,17.5,240000.0
Maruti,Alto,2013,60000.0,Petrol,Manual,1,998.0,20.92,240000.0
Tata,Indica,2011,120000.0,Diesel,Manual,2,1248.0,18.4,180000.0
Hyundai,Santa,2014,80000.0,Diesel,Automatic,2,2199.0,13.01,900000.0
Mahindra,Thar,2014,63000.0,Diesel,Manual,2,2523.0,18.06,425000.0
Chevrolet,Spark,2009,120000.0,Petrol,Manual,3,995.0,18.0,95000.0
Maruti,Swift,2018,100000.0,Diesel,Manual,1,1248.0,28.4,811000.0
Hyundai,Verna,2018,60000.0,Petrol,Manual,1,1591.0,17.0,1100000.0
Chevrolet,Tavera,2013,90000.0,Diesel,Manual,1,2499.0,13.58,600000.0
Maruti,Ertiga,2014,50000.0,Diesel,Manual,2,1248.0,20.77,550000.0
Mahindra,Scorpio,2015,70000.0,Diesel,Manual,1,2179.0,15.4,715000.0
Mahindra,Xylo,2010,40000.0,Diesel,Manual,1,2179.0,15.96,300000.0
Tata,Indigo,2006,120000.0,Diesel,Manual,3,1405.0,16.1,100000.0
Mahindra,Scorpio,2013,195000.0,Diesel,Manual,1,2523.0,14.0,500000.0
Maruti,Wagon,2013,40000.0,Petrol,Manual,1,998.0,20.51,350000.0
Tata,Indica,2008,40000.0,Diesel,Manual,1,1405.0,16.8,100000.0
Tata,Safari,2012,120000.0,Diesel,Manual,1,2179.0,13.93,325000.0
Maruti,Wagon,2012,360003.0,Petrol,Manual,2,998.0,18.9,220000.0
Maruti,800,1999,60000.0,Petrol,Manual,2,796.0,16.1,55000.0
Renault,KWID,2016,20000.0,Petrol,Manual,1,799.0,25.17,330000.0
Mahindra,Bolero,2014,37000.0,Diesel,Manual,1,2523.0,15.96,480000.0
Maruti,S-Cross,2018,57000.0,Diesel,Manual,2,1248.0,25.1,950000.0
Hyundai,Verna,2011,110000.0,Diesel,Manual,2,1493.0,16.2,300000.0
Hyundai,Verna,2006,110000.0,Petrol,Manual,4,1599.0,13.9,170000.0
Toyota,Innova,2013,120000.0,Diesel,Manual,2,2494.0,12.99,850000.0
Tata,Tigor,2019,8079.0,Diesel,Manual,1,1047.0,24.7,900000.0
Toyota,Innova,2015,114368.0,Diesel,Manual,2,2494.0,12.99,1325000.0
Ford,Fiesta,2012,79990.0,Diesel,Manual,2,1399.0,17.8,350000.0
Ford,Figo,2012,81632.0,Diesel,Manual,1,1399.0,20.0,425000.0
Ford,Aspire,2016,155201.0,Diesel,Manual,1,1498.0,26.1,600000.0
Ford,Ecosport,2014,101504.0,Diesel,Manual,1,1498.0,22.7,750000.0
Ford,Fiesta,2012,90165.0,Diesel,Manual,1,1399.0,17.8,450000.0
Ford,Figo,2010,86017.0,Diesel,Manual,2,1498.0,25.5,325000.0
Mahindra,XUV500,2013,85036.0,Diesel,Manual,2,2179.0,15.1,900000.0
Fiat,Punto,2013,160254.0,Diesel,Manual,2,1248.0,20.3,350000.0
Ford,EcoSport,2013,125531.0,Diesel,Manual,2,1498.0,22.77,600000.0
Hyundai,Verna,2019,10000.0,Petrol,Manual,1,1591.0,17.0,1100000.0
Tata,Tiago,2017,20000.0,Petrol,Manual,1,1199.0,23.84,520000.0
Mahindra,Scorpio,2015,170000.0,Diesel,Manual,1,2179.0,15.4,885000.0
Tata,Nexon,2018,40000.0,Diesel,Automatic,1,1497.0,21.5,950000.0
Honda,City,2008,120000.0,Petrol,Manual,2,1497.0,17.0,229999.0
Maruti,Ritz,2013,100000.0,Diesel,Manual,3,1248.0,23.2,409999.0
Ford,Fiesta,2011,110000.0,Diesel,Manual,3,1399.0,17.8,300000.0
Tata,Indica,2008,120000.0,Diesel,Manual,3,1405.0,16.8,175000.0
Maruti,Alto,2000,206000.0,Petrol,Manual,4,796.0,19.7,108000.0
Maruti,Celerio,2017,40000.0,Petrol,Manual,2,998.0,23.1,425000.0
Chevrolet,Optra,2011,170000.0,Diesel,Manual,4,1991.0,16.52,272000.0
Hyundai,i10,2013,70000.0,Petrol,Manual,1,1086.0,19.81,310000.0
Hyundai,Creta,2017,105000.0,Diesel,Manual,1,1396.0,21.38,1125000.0
Hyundai,Xcent,2014,46000.0,Petrol,Manual,2,1197.0,19.1,450000.0
Volkswagen,Polo,2011,80000.0,Diesel,Manual,2,1199.0,22.07,388000.0
Hyundai,Verna,2011,60000.0,Petrol,Manual,1,1599.0,16.2,400000.0
Honda,City,2015,70000.0,Diesel,Manual,3,1498.0,25.1,760000.0
Maruti,Alto,2009,90000.0,Petrol,Manual,1,796.0,19.7,120000.0
Maruti,Swift,2019,25000.0,Diesel,Manual,1,1248.0,28.4,757000.0
Maruti,Alto,2015,53000.0,Petrol,Manual,2,796.0,22.74,270000.0
Tata,Sumo,2011,90000.0,Diesel,Manual,2,2179.0,13.55,250000.0
Toyota,Innova,2011,60000.0,Diesel,Manual,1,2494.0,12.8,800000.0
Toyota,Fortuner,2014,150000.0,Diesel,Manual,1,2982.0,13.0,1380000.0
Mahindra,Thar,2014,24000.0,Diesel,Manual,1,2498.0,16.55,700000.0
Honda,Mobilio,2016,100000.0,Diesel,Manual,2,1498.0,24.2,450000.0
Mahindra,KUV,2018,6000.0,Petrol,Manual,1,1198.0,18.15,650000.0
Mahindra,XUV500,2013,49700.0,Diesel,Manual,1,2179.0,15.1,950000.0
Toyota,Innova,2007,80000.0,Diesel,Manual,2,2494.0,12.8,626000.0
Toyota,Qualis,2000,100000.0,Diesel,Manual,1,2494.0,12.99,200000.0
Maruti,Swift,2019,10000.0,Petrol,Automatic,1,1197.0,21.21,600000.0
Renault,KWID,2019,21000.0,Petrol,Manual,1,799.0,25.17,290000.0
Maruti,Alto,2013,25000.0,Petrol,Manual,1,998.0,20.92,215000.0
Renault,KWID,2016,22000.0,Petrol,Manual,1,799.0,25.17,250000.0
Maruti,Ertiga,2017,50000.0,Diesel,Manual,1,1248.0,24.52,750000.0
Maruti,Alto,2016,20000.0,Petrol,Manual,2,998.0,23.95,250000.0
Honda,BRV,2017,15000.0,Petrol,Automatic,1,1497.0,15.4,950000.0
Ford,Figo,2018,30000.0,Diesel,Manual,1,1498.0,25.83,793000.0
Hyundai,Creta,2015,74000.0,Diesel,Manual,1,1582.0,19.67,750000.0
Honda,Jazz,2017,6550.0,Petrol,Automatic,1,1199.0,18.2,725000.0
Hyundai,Grand,2016,30000.0,Diesel,Manual,1,1120.0,24.0,480000.0
BMW,X6,2013,56000.0,Diesel,Automatic,1,2993.0,11.2,3750000.0
Maruti,Swift,2018,41779.0,Petrol,Manual,1,1197.0,21.21,795000.0
Honda,Jazz,2016,54000.0,Petrol,Manual,1,1199.0,18.7,625000.0
Mercedes-Benz,E-Class,2016,31000.0,Diesel,Automatic,1,2143.0,13.0,2900000.0
Maruti,Ignis,2017,37000.0,Diesel,Automatic,1,1248.0,26.8,625000.0
Chevrolet,Cruze,2011,90000.0,Diesel,Automatic,2,1991.0,18.1,440000.0
Toyota,Corolla,2018,13534.0,Petrol,Manual,1,1798.0,14.28,1400000.0
Toyota,Corolla,2017,7000.0,Petrol,Automatic,2,1794.0,14.53,1450000.0
Mercedes-Benz,GLA,2017,23000.0,Diesel,Automatic,1,2143.0,17.9,2700000.0
Toyota,Innova,2019,43000.0,Diesel,Automatic,1,2755.0,11.36,1925000.0
Kia,Seltos,2020,5000.0,Diesel,Automatic,1,1493.0,17.8,1900000.0
Maruti,Ciaz,2017,70000.0,Diesel,Manual,1,1248.0,28.09,844999.0
Skoda,Rapid,2016,99000.0,Diesel,Automatic,1,1498.0,21.66,650000.0
Maruti,Swift,2018,15000.0,Petrol,Manual,1,1197.0,22.0,750000.0
BMW,6,2018,28156.0,Diesel,Automatic,1,2993.0,17.09,6000000.0
Honda,Jazz,2015,30000.0,Petrol,Manual,1,1199.0,18.7,610000.0
Toyota,Fortuner,2018,100000.0,Diesel,Automatic,1,2755.0,12.9,2940000.0
Hyundai,Creta,2017,63309.0,Diesel,Manual,1,1582.0,19.67,1150000.0
Toyota,Innova,2016,94000.0,Diesel,Automatic,1,2755.0,11.36,1825000.0
Hyundai,Elite,2018,29000.0,Petrol,Automatic,1,1197.0,17.4,890000.0
Jaguar,XE,2017,9000.0,Diesel,Automatic,1,1999.0,13.6,2625000.0
Lexus,ES,2019,20000.0,Petrol,Automatic,1,2487.0,22.37,5150000.0
Jaguar,XF,2017,45000.0,Diesel,Automatic,1,1999.0,19.33,3200000.0
Tata,Safari,2015,110000.0,Diesel,Manual,1,2179.0,14.1,503000.0
Volvo,XC40,2019,20000.0,Diesel,Automatic,1,1969.0,18.0,3800000.0
Toyota,Camry,2016,68089.0,Petrol,Automatic,1,2494.0,19.16,2000000.0
Maruti,Wagon,2013,58343.0,Petrol,Manual,1,998.0,21.79,225000.0
Maruti,Baleno,2018,38817.0,Diesel,Manual,1,1248.0,27.39,740000.0
Honda,Jazz,2016,56494.0,Petrol,Manual,1,1199.0,18.2,550000.0
Toyota,Innova,2013,79328.0,Diesel,Manual,2,2494.0,12.99,750000.0
Maruti,Swift,2019,5621.0,Petrol,Automatic,1,1197.0,22.0,650000.0
Toyota,Etios,2017,25538.0,Petrol,Manual,1,1496.0,16.78,625000.0
Maruti,Swift,2018,69779.0,Petrol,Automatic,1,1197.0,22.0,600000.0
Hyundai,Grand,2017,56290.0,Diesel,Manual,1,1186.0,24.0,450000.0
BMW,X4,2019,7500.0,Diesel,Automatic,1,1995.0,16.78,5400000.0
BMW,X4,2019,8500.0,Diesel,Automatic,1,1995.0,16.78,5500000.0
Honda,Amaze,2019,7032.0,Petrol,Automatic,1,1199.0,19.0,779000.0
Skoda,Rapid,2016,11000.0,Petrol,Automatic,1,1598.0,14.3,645000.0
Volvo,V40,2018,2000.0,Diesel,Automatic,1,1984.0,16.8,2475000.0
Jaguar,XE,2017,9000.0,Diesel,Automatic,1,1999.0,13.6,2625000.0
Lexus,ES,2019,20000.0,Petrol,Automatic,1,2487.0,22.37,5150000.0
Jaguar,XF,2017,45000.0,Diesel,Automatic,1,1999.0,19.33,3200000.0
Tata,Safari,2015,110000.0,Diesel,Manual,1,2179.0,14.1,503000.0
Volvo,XC40,2019,20000.0,Diesel,Automatic,1,1969.0,18.0,3800000.0
Toyota,Camry,2016,68089.0,Petrol,Automatic,1,2494.0,19.16,2000000.0
Maruti,Wagon,2013,58343.0,Petrol,Manual,1,998.0,21.79,225000.0
Maruti,Baleno,2018,38817.0,Diesel,Manual,1,1248.0,27.39,740000.0
Honda,Jazz,2016,56494.0,Petrol,Manual,1,1199.0,18.2,550000.0
Toyota,Innova,2013,79328.0,Diesel,Manual,2,2494.0,12.99,750000.0
Maruti,Swift,2019,5621.0,Petrol,Automatic,1,1197.0,22.0,650000.0
Toyota,Etios,2017,25538.0,Petrol,Manual,1,1496.0,16.78,625000.0
Maruti,Swift,2018,69779.0,Petrol,Automatic,1,1197.0,22.0,600000.0
Hyundai,Grand,2017,56290.0,Diesel,Manual,1,1186.0,24.0,450000.0
BMW,X4,2019,7500.0,Diesel,Automatic,1,1995.0,16.78,5400000.0
BMW,X4,2019,8500.0,Diesel,Automatic,1,1995.0,16.78,5500000.0
Honda,Amaze,2019,7032.0,Petrol,Automatic,1,1199.0,19.0,779000.0
Skoda,Rapid,2016,11000.0,Petrol,Automatic,1,1598.0,14.3,645000.0
Volvo,V40,2018,2000.0,Diesel,Automatic,1,1984.0,16.8,2475000.0
Jaguar,XE,2017,9000.0,Diesel,Automatic,1,1999.0,13.6,2625000.0
Lexus,ES,2019,20000.0,Petrol,Automatic,1,2487.0,22.37,5150000.0
Jaguar,XF,2017,45000.0,Diesel,Automatic,1,1999.0,19.33,3200000.0
Tata,Safari,2015,110000.0,Diesel,Manual,1,2179.0,14.1,503000.0
Volvo,XC40,2019,20000.0,Diesel,Automatic,1,1969.0,18.0,3800000.0
Toyota,Camry,2016,68089.0,Petrol,Automatic,1,2494.0,19.16,2000000.0
Maruti,Wagon,2013,58343.0,Petrol,Manual,1,998.0,21.79,225000.0
Maruti,Baleno,2018,38817.0,Diesel,Manual,1,1248.0,27.39,740000.0
Honda,Jazz,2016,56494.0,Petrol,Manual,1,1199.0,18.2,550000.0
Toyota,Innova,2013,79328.0,Diesel,Manual,2,2494.0,12.99,750000.0
Maruti,Swift,2019,5621.0,Petrol,Automatic,1,1197.0,22.0,650000.0
Toyota,Etios,2017,25538.0,Petrol,Manual,1,1496.0,16.78,625000.0
Maruti,Swift,2018,69779.0,Petrol,Automatic,1,1197.0,22.0,600000.0
Hyundai,Grand,2017,56290.0,Diesel,Manual,1,1186.0,24.0,450000.0
BMW,X4,2019,7500.0,Diesel,Automatic,1,1995.0,16.78,5400000.0
BMW,X4,2019,8500.0,Diesel,Automatic,1,1995.0,16.78,5500000.0
Honda,Amaze,2019,7032.0,Petrol,Automatic,1,1199.0,19.0,779000.0
Skoda,Rapid,2016,11000.0,Petrol,Automatic,1,1598.0,14.3,645000.0
Volvo,V40,2018,2000.0,Diesel,Automatic,1,1984.0,16.8,2475000.0
Jaguar,XE,2017,9000.0,Diesel,Automatic,1,1999.0,13.6,2625000.0
Lexus,ES,2019,20000.0,Petrol,Automatic,1,2487.0,22.37,5150000.0
Jaguar,XF,2017,45000.0,Diesel,Automatic,1,1999.0,19.33,3200000.0
Tata,Safari,2015,110000.0,Diesel,Manual,1,2179.0,14.1,503000.0
Volvo,XC40,2019,20000.0,Diesel,Automatic,1,1969.0,18.0,3800000.0
Toyota,Camry,2016,68089.0,Petrol,Automatic,1,2494.0,19.16,2000000.0
Maruti,Wagon,2013,58343.0,Petrol,Manual,1,998.0,21.79,225000.0
Maruti,Baleno,2018,38817.0,Diesel,Manual,1,1248.0,27.39,740000.0
Honda,Jazz,2016,56494.0,Petrol,Manual,1,1199.0,18.2,550000.0
Toyota,Innova,2013,79328.0,Diesel,Manual,2,2494.0,12.99,750000.0
Maruti,Swift,2019,5621.0,Petrol,Automatic,1,1197.0,22.0,650000.0
Toyota,Etios,2017,25538.0,Petrol,Manual,1,1496.0,16.78,625000.0
Maruti,Swift,2018,69779.0,Petrol,Automatic,1,1197.0,22.0,600000.0
Hyundai,Grand,2017,56290.0,Diesel,Manual,1,1186.0,24.0,450000.0
BMW,X4,2019,7500.0,Diesel,Automatic,1,1995.0,16.78,5400000.0
BMW,X4,2019,8500.0,Diesel,Automatic,1,1995.0,16.78,5500000.0
Honda,Amaze,2019,7032.0,Petrol,Automatic,1,1199.0,19.0,779000.0
Skoda,Rapid,2016,11000.0,Petrol,Automatic,1,1598.0,14.3,645000.0
Volvo,V40,2018,2000.0,Diesel,Automatic,1,1984.0,16.8,2475000.0
Tata,Indigo,2017,155000.0,Diesel,Manual,1,1396.0,25.0,385000.0
Maruti,Celerio,2016,35000.0,Petrol,Automatic,1,998.0,23.1,400000.0
Hyundai,Grand,2018,50000.0,Diesel,Manual,1,1186.0,24.0,550000.0
Chevrolet,Tavera,2010,185000.0,Diesel,Manual,1,2499.0,14.8,270000.0
Tata,Indigo,2013,175000.0,Diesel,Manual,2,1396.0,19.09,200000.0
Renault,KWID,2016,11500.0,Petrol,Manual,1,799.0,25.17,310000.0
Hyundai,Xcent,2019,3000.0,Diesel,Manual,1,1186.0,25.4,700000.0
Chevrolet,Sail,2015,80000.0,Diesel,Manual,2,1248.0,22.1,480000.0
Maruti,Alto,2005,40000.0,Petrol,Manual,2,796.0,19.7,90000.0
Maruti,Alto,2005,40000.0,Petrol,Manual,2,796.0,19.7,80000.0
Maruti,Ritz,2015,90000.0,Diesel,Manual,1,1248.0,23.2,350000.0
Maruti,SX4,2017,100000.0,Diesel,Manual,1,1248.0,23.65,600000.0
Mahindra,Scorpio,2011,120000.0,Diesel,Manual,3,2179.0,13.5,350000.0
Maruti,Vitara,2018,50000.0,Diesel,Manual,1,1248.0,24.3,770000.0
Mahindra,Verito,2012,25000.0,Diesel,Manual,1,1461.0,21.03,350000.0
Mahindra,Scorpio,2011,50000.0,Diesel,Manual,3,2179.0,12.05,600000.0
Mahindra,TUV,2016,71000.0,Diesel,Manual,1,1493.0,18.49,750000.0
Maruti,Wagon,2016,40000.0,Petrol,Manual,1,998.0,20.51,340000.0
Hyundai,Elite,2018,31800.0,Petrol,Manual,1,1197.0,18.6,650000.0
Hyundai,i10,2014,65000.0,Petrol,Manual,1,1197.0,20.36,300000.0
Maruti,Alto,2014,15000.0,Petrol,Manual,2,796.0,22.74,204999.0
Mahindra,Verito,2012,70000.0,Diesel,Manual,2,1461.0,20.8,254999.0
Ford,Figo,2017,5000.0,Petrol,Manual,1,1196.0,18.16,650000.0
Hyundai,EON,2017,50000.0,Petrol,Manual,2,814.0,21.1,280000.0
Tata,Indica,2011,80000.0,Diesel,Manual,1,1396.0,17.2,100000.0
Chevrolet,Tavera,2014,70000.0,Diesel,Manual,2,2499.0,13.58,575000.0
Maruti,Vitara,2017,40000.0,Diesel,Manual,1,1248.0,24.3,780000.0
Mahindra,Bolero,2013,157000.0,Diesel,Manual,1,2523.0,15.96,467000.0
Mahindra,Scorpio,2015,90000.0,Diesel,Manual,1,2179.0,15.4,1050000.0
Hyundai,i10,2011,80000.0,Petrol,Manual,2,1086.0,19.81,225000.0
Hyundai,Santro,2004,90000.0,Petrol,Manual,3,1197.0,19.81,90000.0
Hyundai,Santro,2004,80000.0,Petrol,Automatic,3,1197.0,19.81,80000.0
Toyota,Etios,2012,80000.0,Diesel,Manual,1,2494.0,12.99,300000.0
Mahindra,Verito,2012,70000.0,Diesel,Manual,2,1461.0,21.03,260000.0
Chevrolet,Spark,2009,50000.0,Petrol,Manual,2,995.0,16.0,90000.0
Ford,Figo,2012,60000.0,Diesel,Manual,1,1399.0,20.0,280000.0
Mahindra,Verito,2014,106000.0,Diesel,Manual,2,1461.0,20.8,350000.0
Mahindra,Scorpio,2006,80000.0,Diesel,Manual,2,2179.0,10.5,229999.0
Mahindra,Bolero,2016,80000.0,Diesel,Manual,2,2523.0,15.96,550000.0
Toyota,Innova,2013,110000.0,Diesel,Manual,2,2494.0,12.99,850000.0
Mahindra,Bolero,2011,120000.0,Diesel,Manual,3,2523.0,13.6,370000.0
Maruti,Alto,2013,27000.0,Petrol,Manual,1,998.0,20.92,250000.0
Maruti,Alto,2007,70000.0,Petrol,Manual,2,796.0,19.7,95000.0
Maruti,Wagon,2010,70000.0,Petrol,Manual,2,1061.0,18.9,180000.0
Mahindra,NuvoSport,2016,50000.0,Diesel,Automatic,1,1493.0,17.45,650000.0
Hyundai,Xcent,2018,60000.0,Diesel,Manual,1,1186.0,25.4,530000.0
Maruti,Swift,2017,15000.0,Petrol,Manual,1,1197.0,22.0,610000.0
Maruti,Zen,2011,40000.0,Petrol,Manual,1,1197.0,21.21,200000.0
Mahindra,Xylo,2010,135000.0,Diesel,Manual,1,2498.0,14.0,265000.0
Tata,Tiago,2018,26300.0,Petrol,Manual,1,1199.0,23.84,560000.0
Mahindra,Bolero,2014,120000.0,Diesel,Manual,1,2523.0,15.96,430000.0
Maruti,Swift,2017,35000.0,Diesel,Manual,1,1248.0,28.4,711000.0
Maruti,Swift,2015,30000.0,Petrol,Manual,1,1197.0,20.85,511000.0
Mahindra,Bolero,2012,165000.0,Diesel,Manual,1,2523.0,15.96,450000.0
Tata,Zest,2015,50000.0,Petrol,Manual,1,1193.0,17.57,325000.0
Renault,Scala,2013,120000.0,Diesel,Manual,1,1461.0,21.64,434999.0
Ford,Figo,2010,100000.0,Diesel,Manual,2,1399.0,20.0,210000.0
Maruti,Omni,2009,90000.0,Petrol,Manual,3,1197.0,21.21,140000.0
Maruti,SX4,2007,120000.0,Petrol,Manual,2,1586.0,15.0,160000.0
Maruti,Ertiga,2017,70000.0,Petrol,Manual,2,1373.0,17.5,650000.0
Maruti,Swift,2008,90000.0,Diesel,Manual,2,1197.0,21.21,250000.0
Hyundai,i20,2014,72000.0,Petrol,Manual,1,1197.0,18.6,320000.0
Renault,KWID,2017,50000.0,Petrol,Manual,1,999.0,23.01,290000.0
Mahindra,Jeep,1996,5000.0,Diesel,Manual,2,2179.0,15.96,163000.0
Tata,Nano,2013,30000.0,Petrol,Manual,1,624.0,25.4,80000.0
Tata,Safari,2017,20000.0,Diesel,Manual,1,2179.0,14.1,1100000.0
Maruti,Ciaz,2015,110000.0,Diesel,Manual,1,1248.0,26.21,600000.0
Renault,KWID,2017,25000.0,Petrol,Manual,1,799.0,25.17,340000.0
Toyota,Innova,2014,120000.0,Diesel,Manual,1,2494.0,12.99,750000.0
Maruti,Alto,2006,40000.0,Petrol,Manual,1,796.0,19.7,100000.0
Renault,KWID,2019,10000.0,Petrol,Manual,1,799.0,25.17,395000.0
Maruti,Wagon,2010,65000.0,Petrol,Manual,1,1061.0,18.9,200000.0
Maruti,Eeco,2019,10000.0,CNG,Manual,1,1196.0,21.94,450000.0
Mahindra,Verito,2012,110000.0,Petrol,Manual,2,1390.0,13.87,180000.0
Mahindra,Bolero,2008,120000.0,Diesel,Manual,2,2523.0,13.6,190000.0
Maruti,Eeco,2015,72000.0,Petrol,Manual,1,1196.0,15.37,310000.0
Maruti,Ritz,2014,89100.0,Diesel,Manual,2,1248.0,23.2,351000.0
Chevrolet,Optra,2006,94000.0,Petrol,Manual,2,1599.0,17.4,190000.0
Hyundai,EON,2015,120000.0,Petrol,Manual,2,814.0,21.1,225000.0
Chevrolet,Spark,2012,110000.0,Petrol,Manual,1,995.0,16.2,130000.0
Maruti,Ciaz,2018,50000.0,Diesel,Manual,1,1248.0,28.09,1000000.0
Tata,Indica,2004,90000.0,Diesel,Manual,3,1405.0,16.8,55000.0
Chevrolet,Sail,2014,23000.0,Petrol,Manual,1,1199.0,18.2,330000.0
Maruti,Omni,2013,50000.0,Petrol,Manual,1,796.0,16.8,166000.0
Mahindra,Xylo,2013,300000.0,Diesel,Manual,1,2498.0,14.0,200000.0
Maruti,Alto,2011,50000.0,Petrol,Manual,3,998.0,20.92,140000.0
Maruti,Eeco,2017,140000.0,CNG,Manual,1,1196.0,21.94,370000.0
Hyundai,Elite,2019,16000.0,Petrol,Automatic,1,1197.0,17.4,720000.0
Hyundai,i20,2015,126000.0,Diesel,Manual,1,1396.0,21.19,500000.0
Hyundai,Xcent,2019,15000.0,Petrol,Manual,1,1197.0,20.14,570000.0
Maruti,Swift,2010,200000.0,Petrol,Manual,1,1197.0,17.5,210000.0
Maruti,Alto,2009,120000.0,Petrol,Manual,1,796.0,19.7,120000.0
Hyundai,Getz,2005,120000.0,Petrol,Manual,4,1341.0,15.3,95000.0
Hyundai,i10,2010,110000.0,Petrol,Automatic,3,1197.0,16.95,196000.0
Maruti,Eeco,2016,38000.0,Petrol,Manual,1,1196.0,15.37,392000.0
Tata,Manza,2010,104000.0,Petrol,Manual,1,1368.0,15.0,150000.0
Honda,BR-V,2017,120000.0,Petrol,Manual,1,1497.0,15.4,595000.0
Maruti,Vitara,2018,35000.0,Diesel,Automatic,1,1248.0,24.3,833000.0
Maruti,Swift,2011,210000.0,Diesel,Manual,1,1248.0,22.9,280000.0
Maruti,800,2003,35000.0,Petrol,Manual,2,796.0,16.1,35000.0
Maruti,Ritz,2009,85000.0,Diesel,Manual,3,1248.0,21.1,180000.0
Maruti,Wagon,2012,80000.0,Petrol,Manual,1,998.0,18.9,225000.0
Mercedes-Benz,New,2012,50000.0,Diesel,Automatic,1,2143.0,14.84,1400000.0
Hyundai,i20,2009,40000.0,Diesel,Manual,1,1396.0,23.0,340000.0
Toyota,Innova,2010,216000.0,Diesel,Manual,1,2494.0,12.8,550000.0
Maruti,Wagon,2017,65000.0,Petrol,Manual,2,998.0,20.51,400000.0
Hyundai,Getz,2006,100000.0,Petrol,Manual,3,1341.0,15.3,90000.0
Maruti,Ciaz,2015,84000.0,Diesel,Manual,1,1248.0,28.09,650000.0
Toyota,Innova,2012,210000.0,Diesel,Manual,1,2494.0,12.99,730000.0
Chevrolet,Aveo,2010,60000.0,Petrol,Manual,1,1150.0,15.26,125000.0
Hyundai,Getz,2006,100000.0,Petrol,Manual,4,1341.0,15.3,81000.0
Maruti,Swift,2007,78000.0,Petrol,Manual,2,1298.0,16.1,170000.0
Honda,City,2002,161000.0,Petrol,Manual,4,1493.0,13.0,81000.0
Maruti,Alto,2005,70000.0,Petrol,Manual,3,796.0,19.7,95000.0
Tata,Nano,2010,50000.0,Petrol,Manual,3,624.0,26.0,55000.0
Renault,Lodgy,2017,65000.0,Diesel,Manual,1,1461.0,19.98,880000.0
Renault,KWID,2015,50000.0,Petrol,Manual,1,799.0,25.17,200000.0
Maruti,Wagon,2019,25000.0,Petrol,Manual,1,1197.0,20.52,480000.0
Mahindra,Bolero,2013,100000.0,Diesel,Manual,1,2523.0,15.96,480000.0
Hyundai,i20,2018,6000.0,Petrol,Manual,1,1197.0,18.6,700000.0
Honda,BRV,2016,72113.0,Diesel,Manual,1,1498.0,21.9,850000.0
Tata,Indigo,2012,40000.0,Diesel,Manual,1,1396.0,23.57,300000.0
Hyundai,i20,2017,8000.0,Petrol,Manual,1,1197.0,18.6,650000.0
Maruti,Ritz,2010,20000.0,Petrol,Manual,1,1197.0,21.1,220000.0
Tata,Indigo,2014,45000.0,Diesel,Manual,1,1405.0,19.09,300000.0
Maruti,Swift,2014,80000.0,Diesel,Manual,1,1248.0,23.4,450000.0
Maruti,Swift,2014,90000.0,Diesel,Manual,1,1248.0,25.2,400000.0
Maruti,S-Cross,2018,25000.0,Diesel,Manual,1,1248.0,25.1,1030000.0
Tata,Manza,2010,100000.0,Diesel,Manual,2,1248.0,18.8,190000.0
Ford,Fiesta,2006,60000.0,Petrol,Manual,2,1388.0,16.6,140000.0
Hyundai,i20,2018,30000.0,Diesel,Manual,1,1396.0,21.19,800000.0
Mahindra,Scorpio,2007,120000.0,Diesel,Manual,3,2609.0,10.5,229999.0
Tata,Safari,2011,80000.0,Diesel,Manual,2,2179.0,13.93,300000.0
Volkswagen,Vento,2011,69000.0,Diesel,Manual,2,1598.0,20.54,375000.0
Chevrolet,Beat,2010,75000.0,Petrol,Manual,1,1199.0,18.6,140000.0
Maruti,Alto,2004,113000.0,Petrol,Manual,2,796.0,19.7,60000.0
Hyundai,Xcent,2014,90000.0,Diesel,Manual,2,1120.0,24.4,420000.0
Renault,Pulse,2012,100000.0,Diesel,Manual,3,1461.0,23.08,300000.0
Tata,Indica,2012,110000.0,Diesel,Manual,1,1248.0,22.3,150000.0
Ford,EcoSport,2015,90000.0,Diesel,Manual,1,1498.0,22.77,600000.0
Ford,Figo,2011,100000.0,Diesel,Manual,2,1399.0,20.0,204999.0
Hyundai,Xcent,2017,50000.0,Diesel,Manual,1,1186.0,25.4,625000.0
Fiat,Grande,2011,200000.0,Diesel,Manual,1,1248.0,20.5,280000.0
Hyundai,Santa,2014,146000.0,Diesel,Automatic,2,2199.0,13.01,1050000.0
Chevrolet,Optra,2009,80000.0,Petrol,Manual,2,1598.0,12.9,250000.0
Tata,New,2010,96443.0,Diesel,Manual,2,2179.0,11.57,535000.0
Honda,Accord,2009,100000.0,Petrol,Automatic,2,2354.0,11.7,400000.0
Maruti,Swift,2019,10000.0,Petrol,Automatic,1,1197.0,21.21,610000.0
Maruti,Swift,2014,110000.0,Diesel,Manual,1,1248.0,23.4,509999.0
Tata,Safari,2014,86000.0,Diesel,Manual,2,2179.0,14.0,521000.0
Maruti,Swift,2014,100000.0,Diesel,Manual,1,1248.0,23.4,511000.0
Hyundai,i20,2014,91000.0,Diesel,Manual,1,1396.0,22.54,451000.0
Hyundai,i10,2009,100000.0,Petrol,Manual,1,1197.0,20.36,170000.0
Maruti,Swift,2013,120000.0,Diesel,Manual,2,1248.0,23.4,450000.0
Honda,City,2011,90000.0,Petrol,Manual,2,1497.0,17.0,375000.0
Maruti,Alto,2016,60000.0,Petrol,Manual,2,796.0,22.74,305000.0
Renault,KWID,2016,51500.0,Petrol,Manual,1,799.0,25.17,315000.0
Chevrolet,Sail,2016,60000.0,Diesel,Manual,2,1248.0,22.1,250000.0
Ford,Figo,2012,104500.0,Diesel,Manual,2,1399.0,20.0,200000.0
Ford,EcoSport,2018,30000.0,Diesel,Manual,1,1498.0,23.0,950000.0
Renault,Duster,2012,120000.0,Diesel,Manual,3,1461.0,19.01,400000.0
Maruti,Swift,2014,100000.0,Diesel,Manual,2,1248.0,22.9,509999.0
Honda,Civic,2008,90000.0,Petrol,Manual,3,1799.0,13.5,375000.0
Maruti,Wagon,2005,150000.0,Petrol,Manual,3,998.0,18.9,150000.0
Maruti,Wagon,2006,60000.0,Petrol,Automatic,1,998.0,18.9,75000.0
Hyundai,Verna,2015,50000.0,Petrol,Manual,2,1396.0,17.43,465000.0
Hyundai,Grand,2019,10000.0,Diesel,Manual,1,1186.0,24.0,700000.0
Mahindra,Scorpio,2015,120000.0,Diesel,Manual,3,1997.0,15.4,950000.0
Hyundai,i20,2017,40000.0,Petrol,Manual,1,1197.0,18.6,610000.0
Hyundai,Santro,2004,120000.0,Petrol,Manual,2,1197.0,19.81,60000.0
Maruti,Alto,2014,50000.0,Petrol,Manual,1,796.0,22.74,235000.0
Maruti,Eeco,2017,90000.0,Petrol,Manual,1,1196.0,15.37,330000.0
Nissan,Terrano,2014,90000.0,Diesel,Manual,1,1461.0,20.45,472000.0
Maruti,Swift,2019,10000.0,Petrol,Manual,1,1197.0,21.21,585000.0
Mahindra,Supro,2018,10000.0,Diesel,Manual,1,909.0,23.5,500000.0
Maruti,Alto,2019,27000.0,Petrol,Manual,1,998.0,23.95,360000.0
Maruti,Swift,2016,70000.0,Diesel,Manual,1,1248.0,26.59,649000.0
Maruti,Omni,2017,50000.0,Petrol,Manual,1,796.0,16.8,200000.0
Maruti,Swift,2008,60000.0,Petrol,Manual,1,1197.0,21.21,240000.0
Hyundai,Grand,2014,110000.0,Diesel,Manual,1,1120.0,24.0,400000.0
Maruti,Celerio,2015,100000.0,Diesel,Manual,2,793.0,27.62,250000.0
Mahindra,Marazzo,2018,50000.0,Diesel,Manual,1,1497.0,17.3,1200000.0
Maruti,Swift,2009,105000.0,Diesel,Manual,2,1248.0,17.8,250000.0
Toyota,Innova,2013,110000.0,Diesel,Manual,1,2494.0,12.99,819999.0
Mahindra,XUV500,2014,60000.0,Diesel,Manual,2,2179.0,15.1,800000.0
Ford,Ecosport,2013,49102.0,Petrol,Manual,2,999.0,18.88,429000.0
Hyundai,Santro,2010,60000.0,Petrol,Manual,3,1086.0,17.92,150000.0
Maruti,Swift,2010,120000.0,Diesel,Manual,2,1197.0,21.21,315000.0
Chevrolet,Beat,2012,90000.0,Diesel,Manual,1,936.0,25.44,170000.0
Honda,Brio,2014,33033.0,Petrol,Manual,1,1198.0,19.4,335000.0
Hyundai,Grand,2015,63063.0,Petrol,Automatic,1,1197.0,18.9,465000.0
Renault,Duster,2013,81000.0,Diesel,Manual,2,1461.0,19.01,360000.0
Hyundai,Xcent,2018,80000.0,Diesel,Manual,1,1186.0,25.4,570000.0
Renault,Duster,2012,105000.0,Diesel,Manual,2,1461.0,19.01,350000.0
Mahindra,Ingenio,2017,60000.0,Diesel,Manual,1,2179.0,15.96,600000.0
Maruti,Ertiga,2017,227000.0,Petrol,Manual,1,1373.0,17.5,700000.0
Renault,Duster,2012,100000.0,Diesel,Manual,2,1461.0,19.01,375000.0
Maruti,Eeco,2019,60000.0,CNG,Manual,1,1196.0,21.94,450000.0
Hyundai,i20,2013,70000.0,Diesel,Manual,3,1396.0,21.9,325000.0
Volkswagen,Vento,2011,120000.0,Diesel,Manual,3,1598.0,20.54,260000.0
Maruti,Alto,2009,80000.0,Petrol,Manual,3,796.0,19.7,130000.0
Tata,New,2008,120000.0,Diesel,Manual,4,2179.0,11.57,150000.0
Hyundai,Santro,2014,40000.0,Petrol,Manual,1,1086.0,17.92,220000.0
Hyundai,i10,2014,53000.0,Petrol,Manual,1,1197.0,20.36,275000.0
Maruti,Swift,2017,60000.0,Diesel,Manual,1,1248.0,25.2,455000.0
Hyundai,i20,2017,30000.0,Petrol,Manual,1,1197.0,18.6,570000.0
Volkswagen,Vento,2013,100000.0,Diesel,Manual,3,1598.0,20.54,330000.0
Toyota,Innova,2018,70000.0,Diesel,Manual,1,2393.0,13.68,1576000.0
Maruti,Ertiga,2012,98000.0,Diesel,Manual,4,1248.0,20.77,450000.0
Hyundai,EON,2014,60000.0,Petrol,Manual,1,814.0,21.1,250000.0
Hyundai,i10,2010,80000.0,Petrol,Manual,3,1197.0,20.36,165000.0
Mahindra,Ssangyong,2013,117000.0,Diesel,Automatic,1,2696.0,11.18,800000.0
Honda,Jazz,2018,8576.0,Petrol,Manual,1,1199.0,18.7,680000.0
Tata,Tigor,2017,19723.0,Petrol,Automatic,1,1199.0,20.3,525000.0
Honda,City,2016,21446.0,Petrol,Manual,1,1497.0,16.8,825000.0
Maruti,S-Cross,2017,52289.0,Diesel,Manual,1,1248.0,25.1,750000.0
Mahindra,Scorpio,2017,52236.0,Diesel,Manual,1,2179.0,15.4,950000.0
Mahindra,Scorpio,2017,54470.0,Diesel,Manual,1,2179.0,15.4,950000.0
Hyundai,i20,2017,25471.0,Diesel,Manual,1,1396.0,21.9,675000.0
Tata,Tiago,2019,33928.0,Petrol,Manual,1,1199.0,23.84,490000.0
Mahindra,TUV,2018,59736.0,Diesel,Manual,1,1493.0,18.49,775000.0
Honda,City,2009,54290.0,Petrol,Manual,1,1497.0,17.0,350000.0
Honda,Brio,2016,2118.0,Petrol,Manual,1,1198.0,19.4,475000.0
Mahindra,Scorpio,2017,61379.0,Diesel,Manual,1,2179.0,15.4,950000.0
Honda,City,2010,58544.0,Petrol,Manual,2,1497.0,17.4,350000.0
Maruti,Wagon,2016,74381.0,Petrol,Manual,1,998.0,21.79,400000.0
Maruti,800,2001,35000.0,Petrol,Manual,3,796.0,16.1,75000.0
Ford,Ecosport,2017,63982.0,Diesel,Manual,1,1498.0,22.7,850000.0
Maruti,Wagon,2008,65000.0,Petrol,Manual,2,998.0,18.9,175000.0
Mahindra,Bolero,2014,74000.0,Diesel,Manual,1,2523.0,15.96,570000.0
Renault,Duster,2013,56429.0,Diesel,Manual,2,1461.0,19.01,525000.0
Hyundai,i10,2012,56000.0,Petrol,Manual,1,1197.0,20.36,270000.0
Hyundai,Santro,2019,19500.0,Petrol,Manual,1,1086.0,20.3,434999.0
Hyundai,i20,2015,30000.0,Petrol,Manual,1,1197.0,18.6,495000.0
Hyundai,i20,2016,53000.0,Diesel,Manual,1,1396.0,22.54,575000.0
Hyundai,Xcent,2017,5000.0,Petrol,Manual,1,1197.0,20.14,600000.0
Hyundai,Verna,2015,25000.0,Petrol,Manual,1,1591.0,17.01,700000.0
Honda,City,2014,72000.0,Diesel,Manual,1,1498.0,26.0,560000.0
Maruti,Swift,2016,72000.0,Diesel,Manual,1,1197.0,21.21,565000.0
Mahindra,Bolero,2005,80000.0,Diesel,Manual,1,2523.0,13.6,250000.0
Skoda,Rapid,2013,29000.0,Petrol,Manual,2,1598.0,15.0,409999.0
Nissan,Terrano,2016,56832.0,Diesel,Manual,1,1461.0,19.87,495000.0
Hyundai,Elite,2014,30528.0,Petrol,Manual,1,1197.0,18.6,470000.0
Honda,Amaze,2013,65285.0,Diesel,Manual,1,1498.0,24.7,350000.0
Toyota,Innova,2020,20102.0,Diesel,Manual,1,2393.0,13.68,1560000.0
Honda,Jazz,2015,43000.0,Petrol,Manual,1,1199.0,18.7,480000.0
Toyota,Etios,2013,52380.0,Diesel,Manual,1,1364.0,23.59,270000.0
Mahindra,Bolero,2018,74250.0,Diesel,Manual,1,1498.0,21.0,660000.0
Maruti,Ignis,2017,57247.0,Petrol,Automatic,1,1197.0,20.89,490000.0
Maruti,Vitara,2017,52000.0,Diesel,Manual,1,1248.0,24.3,800000.0
Nissan,Sunny,2011,47000.0,Petrol,Manual,2,1498.0,16.95,350000.0
Ford,Fiesta,2011,80000.0,Diesel,Manual,3,1399.0,17.8,170000.0
Tata,Indica,2011,85000.0,Diesel,Manual,2,1248.0,18.0,125000.0
Maruti,Swift,2012,100000.0,Diesel,Manual,1,1248.0,19.3,400000.0
Nissan,Sunny,2011,110000.0,Petrol,Manual,1,1498.0,16.95,250000.0
Fiat,Linea,2010,178000.0,Diesel,Manual,2,1248.0,20.4,190000.0
Maruti,Alto,2010,120000.0,Petrol,Manual,3,796.0,19.7,125000.0
Jeep,Compass,2017,70000.0,Diesel,Manual,1,1956.0,16.3,1950000.0
Audi,Q5,2011,120000.0,Diesel,Automatic,1,1968.0,12.8,1300000.0
Toyota,Innova,2010,155000.0,Diesel,Manual,3,2494.0,12.8,786000.0
Maruti,Wagon,2015,30000.0,Petrol,Manual,1,998.0,20.51,335000.0
Maruti,Wagon,2009,60000.0,Petrol,Manual,3,1061.0,18.9,114999.0
Volkswagen,Polo,2012,70000.0,Diesel,Manual,4,1199.0,22.07,229999.0
Hyundai,i20,2017,40000.0,Diesel,Manual,1,1396.0,22.54,731000.0
Hyundai,Verna,2012,120000.0,Diesel,Manual,1,1582.0,22.32,395000.0
Maruti,Swift,2015,120000.0,Diesel,Manual,1,1248.0,26.59,500000.0
Hyundai,EON,2014,50000.0,Petrol,Manual,3,814.0,21.1,220000.0
Ford,Figo,2013,100000.0,Diesel,Manual,1,1399.0,20.0,240000.0
Hyundai,i20,2010,120000.0,Diesel,Manual,3,1396.0,23.0,215000.0
Maruti,Swift,2012,90000.0,Diesel,Manual,2,1248.0,22.9,400000.0
Maruti,Zen,2012,90000.0,Petrol,Manual,1,998.0,19.0,191000.0
Mahindra,Xylo,2013,100000.0,Diesel,Manual,2,2498.0,14.0,351000.0
Tata,Nano,2015,20000.0,Petrol,Automatic,1,624.0,21.9,250000.0
Hyundai,Verna,2009,90000.0,Diesel,Manual,2,1493.0,18.1,210000.0
Toyota,Etios,2011,120000.0,Petrol,Manual,3,1496.0,17.6,300000.0
Ford,Figo,2017,35000.0,Diesel,Manual,1,1498.0,25.83,700000.0
Hyundai,Sonata,2010,120000.0,Diesel,Manual,2,1991.0,11.8,500000.0
Maruti,800,2002,120000.0,Petrol,Manual,1,796.0,16.1,120000.0
Hyundai,Elite,2019,10000.0,Diesel,Manual,1,1396.0,22.54,850000.0
Mahindra,Jeep,1994,100000.0,Diesel,Manual,2,2179.0,15.96,120000.0
Honda,WR-V,2017,65000.0,Diesel,Manual,2,1498.0,25.5,770000.0
Honda,Civic,2007,90000.0,Petrol,Manual,3,1799.0,13.5,245000.0
Maruti,Alto,2012,90000.0,Petrol,Manual,1,998.0,20.92,250000.0
Hyundai,i20,2016,42323.0,Diesel,Manual,1,1396.0,21.19,651000.0
Honda,City,2013,42462.0,Petrol,Manual,1,1497.0,16.8,480000.0
Maruti,Swift,2015,54723.0,Diesel,Manual,1,1248.0,25.2,470000.0
Honda,Jazz,2016,30000.0,Diesel,Manual,1,1498.0,27.3,500000.0
BMW,X1,2011,42545.0,Diesel,Automatic,1,1998.0,19.62,1075000.0
Maruti,S-Cross,2016,32000.0,Diesel,Manual,1,1248.0,25.1,690000.0
Maruti,Swift,2017,41232.0,Diesel,Manual,1,1197.0,21.21,589000.0
Maruti,Swift,2017,41232.0,Diesel,Manual,1,1197.0,21.21,589000.0
Maruti,Ignis,2018,20375.0,Petrol,Manual,1,1197.0,20.89,480000.0
Maruti,Swift,2013,43978.0,Diesel,Manual,2,1248.0,28.4,450000.0
Maruti,Vitara,2018,50000.0,Diesel,Manual,1,1248.0,24.3,770000.0
Mahindra,Bolero,2015,40200.0,Diesel,Manual,1,1498.0,21.0,445000.0
Hyundai,i20,2018,30000.0,Petrol,Manual,1,1197.0,18.6,700000.0
Maruti,Ertiga,2014,90000.0,Diesel,Manual,1,1248.0,20.77,560000.0
Ford,Ecosport,2013,48000.0,Diesel,Manual,2,1498.0,21.7,475000.0
Honda,Amaze,2014,27233.0,Diesel,Manual,1,1498.0,27.4,465000.0
Maruti,Swift,2017,28832.0,Diesel,Manual,1,1248.0,23.4,520000.0
Tata,Manza,2011,35000.0,Petrol,Manual,1,1368.0,15.0,225000.0
Maruti,Ertiga,2015,35000.0,Petrol,Manual,1,1373.0,16.02,700000.0
Maruti,Vitara,2017,40000.0,Diesel,Manual,1,1248.0,24.3,780000.0
Honda,City,2006,80000.0,Petrol,Manual,2,1497.0,17.7,93150.0
Mahindra,Quanto,2016,30000.0,Diesel,Manual,2,1493.0,17.21,403000.0
Hyundai,i10,2009,50000.0,Petrol,Manual,2,1086.0,19.81,229999.0
Maruti,Swift,2016,40000.0,Diesel,Manual,2,1248.0,26.59,525000.0
Maruti,Ertiga,2014,25000.0,Petrol,Manual,1,1373.0,16.02,560000.0
Mahindra,XUV500,2020,120000.0,Diesel,Manual,1,2179.0,15.1,830000.0
Maruti,Ritz,2011,60000.0,Diesel,Manual,2,1248.0,21.1,250000.0
Mahindra,Bolero,2014,110000.0,Diesel,Manual,1,2523.0,15.96,450000.0
Mahindra,Scorpio,2016,67000.0,Diesel,Manual,1,1997.0,15.4,745000.0
Ford,Figo,2010,50000.0,Diesel,Manual,2,1399.0,20.0,144000.0
Maruti,Zen,2008,40000.0,Petrol,Manual,1,1061.0,18.2,120000.0
Tata,New,2008,120000.0,Diesel,Manual,2,2179.0,11.57,300000.0
Maruti,800,1999,100000.0,Petrol,Manual,1,796.0,16.1,52000.0
Mahindra,Scorpio,2003,98000.0,Diesel,Manual,1,2179.0,10.5,300000.0
Mahindra,Bolero,2009,150000.0,Diesel,Manual,2,2523.0,13.6,270000.0
Chevrolet,Sail,2014,38000.0,Diesel,Manual,1,1248.0,22.1,260000.0
Toyota,Etios,2015,120000.0,Diesel,Manual,1,1364.0,23.59,475000.0
Ford,Figo,2011,103000.0,Diesel,Manual,3,1399.0,20.0,302000.0
Maruti,800,1994,60000.0,Petrol,Manual,1,796.0,16.1,45000.0
Maruti,Vitara,2017,80000.0,Diesel,Manual,1,1248.0,24.3,775000.0
Maruti,Ertiga,2015,50000.0,Diesel,Manual,1,1248.0,20.77,700000.0
Maruti,Swift,2014,90000.0,Diesel,Manual,1,1248.0,25.2,530000.0
Tata,Nexon,2017,70000.0,Diesel,Manual,1,1497.0,21.5,869999.0
Hyundai,Elantra,2006,110000.0,Diesel,Manual,4,1991.0,14.9,155000.0
Tata,Tiago,2019,30000.0,Petrol,Automatic,1,1199.0,23.84,550000.0
Maruti,Swift,2016,80000.0,Diesel,Manual,2,1248.0,26.59,600000.0
Maruti,Swift,2012,110000.0,Diesel,Manual,2,1248.0,19.3,430000.0
Tata,Manza,2010,120000.0,Diesel,Manual,1,1248.0,18.8,246000.0
Maruti,Zen,2003,120000.0,Petrol,Manual,3,993.0,17.3,120000.0
Hyundai,i20,2014,70000.0,Petrol,Manual,2,1197.0,18.6,565000.0
Hyundai,Elite,2018,60000.0,Diesel,Manual,1,1396.0,22.54,850000.0
Maruti,Alto,2006,90000.0,Petrol,Manual,1,796.0,19.7,160000.0
Fiat,Linea,2014,142500.0,Diesel,Manual,1,1248.0,19.5,325000.0
Mahindra,Scorpio,2011,90000.0,Diesel,Manual,3,2179.0,12.05,450000.0
Hyundai,i10,2015,50000.0,Petrol,Manual,1,1086.0,19.81,310000.0
Honda,Amaze,2013,90000.0,Diesel,Manual,3,1498.0,25.8,250000.0
Maruti,Swift,2015,115000.0,Diesel,Manual,2,1248.0,26.59,420000.0
Hyundai,i20,2013,150000.0,Petrol,Automatic,2,1396.0,15.0,330000.0
Maruti,Swift,2015,68000.0,Petrol,Manual,2,1197.0,20.4,405000.0
Mahindra,Bolero,2013,90000.0,Diesel,Manual,2,2523.0,15.96,400000.0
Honda,City,2010,110000.0,Petrol,Automatic,3,1497.0,15.6,409999.0
Mahindra,Bolero,2013,70000.0,Diesel,Manual,2,2523.0,15.96,500000.0
Mahindra,XUV500,2011,80000.0,Diesel,Manual,3,2179.0,15.1,590000.0
Hyundai,Santro,2006,118000.0,Petrol,Manual,1,1197.0,19.81,80000.0
Hyundai,i10,2007,100000.0,Petrol,Manual,2,1086.0,19.81,135000.0
Maruti,Wagon,2004,70000.0,Petrol,Manual,2,998.0,18.9,70000.0
Maruti,800,2004,77000.0,Petrol,Manual,3,796.0,16.1,45000.0
Maruti,Swift,2018,35500.0,Diesel,Manual,1,1248.0,28.4,650000.0
Maruti,Wagon,2018,17500.0,Petrol,Manual,1,998.0,20.51,400000.0
Maruti,Alto,2017,27000.0,Petrol,Manual,1,998.0,23.95,350000.0
Hyundai,Grand,2017,60000.0,Diesel,Manual,1,1186.0,24.0,550000.0
Maruti,Wagon,2016,25000.0,Petrol,Manual,1,998.0,20.51,350000.0
Maruti,Swift,2015,80000.0,Diesel,Manual,1,1248.0,26.59,459999.0
Maruti,Alto,2012,60000.0,Petrol,Manual,2,796.0,19.7,185000.0
Volkswagen,Polo,2013,38000.0,Diesel,Manual,1,1199.0,22.07,550000.0
Maruti,Wagon,2012,100000.0,LPG,Manual,2,998.0,26.2,300000.0
Maruti,Omni,2012,60000.0,Petrol,Manual,3,1197.0,21.21,175000.0
Toyota,Innova,2011,110000.0,Diesel,Manual,1,2494.0,12.8,900000.0
Honda,BR-V,2016,92000.0,Diesel,Manual,1,1498.0,21.9,900000.0
Mahindra,Bolero,2012,180000.0,Diesel,Manual,3,2523.0,15.96,550000.0
Maruti,Baleno,2018,10000.0,Petrol,Manual,1,1197.0,21.4,625000.0
Maruti,Alto,2017,35000.0,Petrol,Manual,2,796.0,24.7,310000.0
Maruti,Swift,2017,35000.0,Diesel,Manual,1,1248.0,28.4,500000.0
Hyundai,Grand,2016,23000.0,Diesel,Manual,1,1120.0,24.0,610000.0
Tata,Indigo,2012,150000.0,Diesel,Manual,3,1396.0,19.09,150000.0
Hyundai,Xcent,2015,70000.0,Diesel,Manual,1,1120.0,24.4,480000.0
Hyundai,i20,2017,40000.0,Petrol,Manual,1,1197.0,18.6,650000.0
Hyundai,i20,2012,100000.0,Diesel,Manual,2,1396.0,21.9,290000.0
Maruti,Alto,2017,50000.0,Petrol,Manual,2,796.0,24.7,300000.0
Maruti,Swift,2010,120000.0,Diesel,Manual,4,1248.0,19.3,270000.0
Hyundai,Xcent,2015,60000.0,Diesel,Manual,2,1120.0,24.4,400000.0
Maruti,Alto,2015,28000.0,Petrol,Manual,2,796.0,22.74,280000.0
Maruti,Swift,2009,60000.0,Petrol,Manual,3,1298.0,17.5,250000.0
Maruti,Swift,2012,80000.0,Diesel,Manual,2,1248.0,19.3,495000.0
Ford,Endeavour,2018,12000.0,Diesel,Automatic,1,3198.0,10.91,3250000.0
Honda,Amaze,2019,4500.0,Petrol,Manual,1,1199.0,19.5,700000.0
Tata,Indigo,2013,70000.0,Diesel,Manual,1,1396.0,25.0,310000.0
Renault,Duster,2017,120000.0,Diesel,Manual,1,1461.0,19.87,650000.0
Honda,Jazz,2015,80000.0,Petrol,Automatic,1,1199.0,19.0,600000.0
Tata,New,2009,150000.0,Diesel,Manual,4,2179.0,11.57,150000.0
Mahindra,Renault,2009,120000.0,Petrol,Manual,1,1390.0,15.7,135000.0
Maruti,Swift,2014,50000.0,Diesel,Manual,1,1248.0,23.4,650000.0
Honda,City,2012,83000.0,Petrol,Manual,1,1497.0,16.8,550000.0
Maruti,Swift,2017,20000.0,Diesel,Manual,1,1248.0,28.4,650000.0
Toyota,Fortuner,2018,49000.0,Diesel,Automatic,1,2755.0,12.9,2900000.0
Honda,Brio,2017,6750.0,Petrol,Manual,1,1198.0,18.5,450000.0
Maruti,Ciaz,2015,26000.0,Petrol,Manual,1,1373.0,20.73,650000.0
Hyundai,Grand,2017,52000.0,Petrol,Manual,1,1197.0,17.0,430000.0
Hyundai,Creta,2017,51000.0,Diesel,Automatic,1,1582.0,17.01,1143000.0
Maruti,Swift,2019,20000.0,Petrol,Automatic,1,1197.0,22.0,700000.0
Maruti,Ritz,2011,18500.0,Petrol,Manual,1,1197.0,18.5,229999.0
Mahindra,TUV,2017,142000.0,Diesel,Manual,1,1493.0,18.49,509999.0
Ford,EcoSport,2016,50478.0,Petrol,Manual,1,1499.0,15.85,670000.0
Tata,Tiago,2019,9200.0,Petrol,Automatic,1,1199.0,23.84,525000.0
Renault,Duster,2016,40000.0,Diesel,Manual,1,1461.0,19.87,515000.0
Maruti,Baleno,2020,5000.0,Petrol,Manual,1,1197.0,21.01,630000.0
Datsun,RediGO,2019,2300.0,Petrol,Manual,1,799.0,22.7,270000.0
Maruti,Alto,2016,40000.0,Petrol,Manual,1,796.0,22.74,300000.0
Mahindra,Xylo,2012,119000.0,Diesel,Manual,1,2489.0,14.0,250000.0
Maruti,Alto,2005,100000.0,Petrol,Manual,4,796.0,19.7,90000.0
Maruti,Ertiga,2017,100000.0,Diesel,Manual,1,1248.0,24.52,750000.0
Maruti,Wagon,2009,50000.0,Petrol,Manual,2,1061.0,18.9,135000.0
Maruti,Eeco,2013,80000.0,Petrol,Manual,2,1196.0,15.1,275000.0
Tata,Nexon,2018,15000.0,Petrol,Manual,1,1198.0,17.0,740000.0
Honda,Amaze,2019,1303.0,Petrol,Manual,1,1198.0,17.8,690000.0
Audi,Q5,2018,31800.0,Diesel,Automatic,1,1968.0,17.01,3975000.0
Lexus,ES,2019,20000.0,Petrol,Automatic,1,2487.0,22.37,5150000.0
Jaguar,XF,2017,45000.0,Diesel,Automatic,1,1999.0,19.33,3200000.0
Jeep,Wrangler,2017,17000.0,Petrol,Automatic,1,3604.0,9.5,4100000.0
Toyota,Yaris,2018,4295.0,Petrol,Manual,1,1496.0,17.1,1000000.0
Toyota,Yaris,2018,5229.0,Petrol,Manual,1,1496.0,17.1,1000000.0
Hyundai,Grand,2019,4701.0,Petrol,Manual,1,1197.0,20.7,550000.0
Maruti,Baleno,2016,6757.0,Petrol,Manual,1,1197.0,21.01,600000.0
Skoda,Rapid,2016,28182.0,Petrol,Automatic,1,1598.0,14.3,675000.0
Nissan,Kicks,2019,11533.0,Petrol,Manual,1,1498.0,14.23,950000.0
Honda,City,2017,11688.0,Petrol,Manual,1,1497.0,17.8,850000.0
Toyota,Camry,2016,68089.0,Petrol,Automatic,1,2494.0,19.16,2000000.0
Toyota,Corolla,2012,57728.0,Petrol,Automatic,1,1794.0,14.53,550000.0
Maruti,Ciaz,2018,23712.0,Diesel,Manual,1,1248.0,28.09,925000.0
Ford,Ecosport,2015,70670.0,Petrol,Automatic,1,1499.0,16.5,625000.0
Maruti,Alto,2014,43381.0,Petrol,Manual,2,796.0,22.74,200000.0
Honda,City,2014,79011.0,Petrol,Automatic,1,1497.0,18.0,635000.0
Honda,Jazz,2016,56494.0,Petrol,Manual,1,1199.0,18.2,550000.0
Maruti,SX4,2014,50000.0,Diesel,Manual,2,1248.0,21.79,425000.0
Maruti,Wagon,2011,40000.0,Petrol,Manual,1,998.0,18.9,220000.0
Hyundai,Grand,2018,10000.0,Petrol,Manual,1,1197.0,18.9,590000.0
Mahindra,Thar,2017,35000.0,Diesel,Manual,1,2498.0,16.55,775000.0
Maruti,Ritz,2015,58500.0,Petrol,Manual,1,1197.0,18.5,350000.0
Maruti,Baleno,2018,20000.0,Petrol,Manual,1,1197.0,21.4,575000.0
Nissan,Micra,2011,43500.0,Petrol,Manual,2,1198.0,18.06,200000.0
Tata,Hexa,2018,30000.0,Diesel,Manual,1,2179.0,17.6,1575000.0
Ford,EcoSport,2015,63000.0,Diesel,Manual,1,1498.0,22.77,600000.0
Mahindra,Bolero,2016,35000.0,Diesel,Manual,1,2523.0,15.96,720000.0
Tata,Indigo,2012,110000.0,Diesel,Manual,2,1396.0,19.09,158000.0
Tata,Hexa,2018,25000.0,Diesel,Manual,1,2179.0,17.6,1575000.0
Hyundai,Xcent,2017,30000.0,Petrol,Automatic,1,1197.0,17.36,580000.0
Mahindra,Bolero,2012,50000.0,Diesel,Manual,1,2523.0,15.96,420000.0
Mahindra,Marazzo,2018,35000.0,Diesel,Manual,1,1497.0,17.3,1200000.0
Renault,KWID,2018,30000.0,Petrol,Manual,1,999.0,23.01,350000.0
Honda,City,2014,56000.0,Petrol,Manual,1,1497.0,17.4,650000.0
Maruti,Wagon,2017,12700.0,Petrol,Manual,1,998.0,20.51,400000.0
Tata,Nexon,2018,35000.0,Diesel,Manual,1,1497.0,21.5,700000.0
Hyundai,Xcent,2017,30000.0,Petrol,Manual,1,1197.0,19.1,520000.0
Mahindra,Scorpio,2012,120000.0,Diesel,Manual,1,2179.0,12.05,450000.0
Tata,Safari,2017,100000.0,Diesel,Manual,1,2179.0,14.1,850000.0
Renault,KWID,2017,34000.0,Petrol,Manual,1,799.0,25.17,350000.0
Mahindra,Xylo,2011,56000.0,Diesel,Manual,1,2489.0,13.0,450000.0
Hyundai,i10,2008,90000.0,Petrol,Manual,1,1086.0,19.81,165000.0
Hyundai,Santro,2010,65000.0,Petrol,Manual,2,1086.0,17.92,160000.0
Tata,New,2011,80000.0,Diesel,Manual,1,2179.0,13.93,300000.0
Mahindra,Scorpio,2012,90000.0,Diesel,Manual,3,2179.0,12.05,550000.0
Maruti,Alto,2015,40000.0,Petrol,Manual,1,998.0,23.95,285000.0
Hyundai,Creta,2016,58000.0,Diesel,Manual,1,1582.0,19.67,850000.0
Ford,Freestyle,2018,19100.0,Petrol,Manual,1,1194.0,19.0,700000.0
Maruti,Ertiga,2018,25000.0,Petrol,Manual,1,1462.0,19.34,900000.0
Maruti,Alto,2005,49455.0,Petrol,Manual,1,796.0,19.7,180000.0
Hyundai,EON,2016,100000.0,Petrol,Manual,1,814.0,21.1,220000.0
Tata,Indica,2013,120000.0,Diesel,Manual,1,1248.0,22.3,120000.0
Hyundai,i20,2010,90000.0,Petrol,Manual,4,1197.0,17.0,220000.0
Chevrolet,Sail,2013,46815.0,Diesel,Manual,2,1248.0,22.1,420000.0
Tata,Indica,2013,110000.0,Diesel,Manual,1,1405.0,19.4,160000.0
Hyundai,EON,2015,80000.0,Petrol,Manual,1,814.0,21.1,250000.0
Maruti,Ertiga,2013,100000.0,Diesel,Manual,3,1248.0,20.77,385000.0
Maruti,Wagon,2014,80000.0,Petrol,Manual,1,998.0,20.51,318000.0
Hyundai,Xcent,2018,40000.0,Petrol,Manual,1,1197.0,20.14,480000.0
Maruti,Celerio,2015,70000.0,Petrol,Manual,3,998.0,23.1,330000.0
Tata,Indica,2011,80000.0,Diesel,Manual,1,1405.0,17.0,152000.0
Maruti,Alto,2014,40000.0,Petrol,Manual,1,796.0,22.74,250000.0
Tata,Indica,2011,80000.0,Diesel,Manual,1,1405.0,17.0,248000.0
Nissan,Micra,2011,60000.0,Petrol,Manual,2,1198.0,18.06,300000.0
Hyundai,i20,2017,50000.0,Petrol,Manual,1,1197.0,18.6,550000.0
Hyundai,i20,2016,30000.0,Diesel,Manual,1,1396.0,22.54,650000.0
Hyundai,Grand,2017,25000.0,Petrol,Manual,1,1197.0,18.9,445000.0
Toyota,Innova,2010,334000.0,Diesel,Manual,1,2494.0,12.8,450000.0
Mahindra,NuvoSport,2016,100000.0,Diesel,Manual,1,1493.0,17.45,600000.0
Renault,Duster,2014,175000.0,Diesel,Manual,1,1461.0,19.01,495000.0
Maruti,SX4,2011,65000.0,Petrol,Automatic,3,1586.0,12.6,220000.0
Maruti,SX4,2011,65000.0,Petrol,Automatic,3,1586.0,12.6,260000.0
Hyundai,Santro,2009,90000.0,Petrol,Manual,1,1086.0,17.92,150000.0
Ford,Figo,2011,80000.0,Diesel,Manual,2,1399.0,20.0,200000.0
Mahindra,Scorpio,2018,110000.0,Diesel,Manual,1,2179.0,16.36,1465000.0
Toyota,Etios,2012,80000.0,Diesel,Manual,2,2494.0,12.99,285000.0
Honda,Civic,2008,60000.0,Petrol,Automatic,3,1339.0,20.0,250000.0
Mahindra,Xylo,2014,160000.0,Diesel,Manual,1,2489.0,14.95,310000.0
Mahindra,Scorpio,2010,100875.0,Diesel,Automatic,1,2179.0,11.79,600000.0
Maruti,Baleno,2018,20000.0,Petrol,Manual,1,1197.0,21.4,560000.0
Maruti,Swift,2016,30000.0,Petrol,Manual,1,1197.0,20.85,500000.0
Hyundai,Grand,2013,118000.0,Diesel,Manual,1,1120.0,24.0,270000.0
Hyundai,Verna,2013,69000.0,Diesel,Manual,3,1582.0,22.32,420000.0
Maruti,Swift,2015,25000.0,Petrol,Manual,2,1197.0,20.85,434999.0
Hyundai,Xcent,2015,100000.0,Petrol,Automatic,1,1197.0,16.9,400000.0
Maruti,Swift,2015,110000.0,Diesel,Manual,1,1248.0,26.59,470000.0
Nissan,Terrano,2015,60000.0,Diesel,Manual,3,1461.0,20.45,480000.0
Hyundai,Santro,2008,128000.0,Petrol,Manual,1,1086.0,0.0,105000.0
Tata,Tiago,2017,120000.0,Diesel,Manual,1,1047.0,27.28,325000.0
Toyota,Etios,2012,80000.0,Diesel,Manual,2,2494.0,12.99,280000.0
Hyundai,Grand,2020,5000.0,Petrol,Automatic,1,1197.0,20.7,675000.0
Hyundai,i10,2009,90000.0,Petrol,Manual,2,1197.0,20.36,170000.0
Hyundai,Creta,2017,90000.0,Diesel,Manual,1,1582.0,19.67,1250000.0
Honda,Accord,2012,144030.0,Petrol,Manual,1,2354.0,12.8,600000.0
Honda,City,2014,200000.0,Diesel,Manual,1,1498.0,25.1,819999.0
Hyundai,i20,2016,29000.0,Petrol,Manual,1,1197.0,18.6,650000.0
Maruti,Wagon,2007,90000.0,LPG,Manual,2,1061.0,17.3,105000.0
Mahindra,Renault,2009,176000.0,Diesel,Manual,2,1461.0,17.0,200000.0
Tata,Indigo,2013,150000.0,Diesel,Manual,1,1396.0,19.09,200000.0
Maruti,Omni,2016,90000.0,Petrol,Manual,1,796.0,16.8,220000.0
Volkswagen,Vento,2014,70000.0,Petrol,Manual,2,1598.0,15.04,500000.0
Mahindra,Renault,2007,99000.0,Diesel,Manual,2,1461.0,19.2,175000.0
Tata,Tiago,2018,5000.0,Petrol,Manual,1,1199.0,23.84,450000.0
Chevrolet,Optra,2008,90000.0,Diesel,Manual,4,1991.0,16.52,210000.0
Maruti,Ritz,2011,89000.0,Diesel,Manual,2,1248.0,21.1,270000.0
Tata,Indica,2006,88000.0,Diesel,Manual,2,1405.0,16.8,110000.0
Maruti,Swift,2015,30000.0,Diesel,Manual,1,1248.0,26.59,480000.0
Maruti,Swift,2016,50000.0,Diesel,Automatic,2,1248.0,26.59,650000.0
Maruti,Swift,2013,80000.0,Diesel,Manual,1,1248.0,23.4,480000.0
Hyundai,i20,2016,40000.0,Diesel,Manual,1,1396.0,22.54,700000.0
Maruti,Ertiga,2015,110000.0,Diesel,Manual,3,1248.0,20.77,650000.0
Hyundai,Creta,2015,48000.0,Diesel,Manual,2,1582.0,19.67,1300000.0
Volkswagen,Jetta,2016,97000.0,Diesel,Automatic,1,1968.0,16.96,1350000.0
Volkswagen,Vento,2016,60000.0,Diesel,Automatic,1,1498.0,22.15,1000000.0
Mercedes-Benz,M-Class,2011,110000.0,Diesel,Automatic,3,2987.0,0.0,1700000.0
Toyota,Yaris,2018,12800.0,Petrol,Automatic,1,1496.0,17.8,1080000.0
Hyundai,EON,2012,40000.0,Petrol,Manual,1,814.0,21.1,170000.0
Maruti,Swift,2017,49000.0,Diesel,Manual,1,1248.0,28.4,610000.0
Maruti,Ritz,2014,25000.0,Petrol,Manual,1,1197.0,18.5,350000.0
Maruti,Alto,2016,65000.0,Petrol,Manual,2,796.0,22.74,260000.0
Fiat,Linea,2015,20000.0,Diesel,Manual,1,1248.0,20.4,700000.0
Volkswagen,Polo,2018,17000.0,Petrol,Manual,1,999.0,18.78,678000.0
Maruti,SX4,2015,15000.0,Diesel,Manual,1,1248.0,23.65,800000.0
Toyota,Etios,2014,120000.0,Diesel,Manual,2,1364.0,23.59,400000.0
Hyundai,i20,2010,49000.0,Petrol,Manual,1,1197.0,18.5,300000.0
Hyundai,i20,2016,29000.0,Petrol,Manual,1,1197.0,18.6,520000.0
Nissan,Terrano,2017,55000.0,Diesel,Automatic,1,1461.0,19.61,850000.0
Mahindra,Marazzo,2019,5000.0,Diesel,Manual,1,1497.0,17.3,1460000.0
Tata,Nexon,2017,35000.0,Diesel,Manual,1,1497.0,21.5,830000.0
Datsun,GO,2018,5000.0,Petrol,Manual,2,1198.0,20.63,430000.0
Ford,EcoSport,2017,60000.0,Diesel,Manual,1,1498.0,22.77,850000.0
Maruti,Swift,2017,70000.0,Petrol,Manual,1,1197.0,20.85,650000.0
Hyundai,Verna,2008,120000.0,Diesel,Manual,2,1493.0,16.8,120000.0
Mahindra,TUV,2016,65100.0,Diesel,Manual,2,1493.0,18.49,730000.0
Maruti,Ignis,2019,20000.0,Petrol,Automatic,1,1197.0,20.89,525000.0
Hyundai,i20,2015,108000.0,Diesel,Manual,1,1396.0,21.19,600000.0
Maruti,Swift,2019,15000.0,Petrol,Manual,1,1197.0,21.21,500000.0
Hyundai,Santro,2009,77000.0,Petrol,Manual,1,1086.0,17.92,150000.0
Maruti,Wagon,2015,18500.0,Petrol,Manual,1,998.0,20.51,409999.0
Mahindra,TUV,2016,120000.0,Diesel,Manual,1,1493.0,18.49,625000.0
Renault,KWID,2015,15200.0,Petrol,Manual,1,799.0,25.17,290000.0
Honda,Mobilio,2015,35000.0,Petrol,Manual,1,1497.0,17.3,500000.0
Hyundai,Verna,2011,80000.0,Diesel,Manual,1,1582.0,22.32,475000.0
Hyundai,EON,2013,70000.0,Petrol,Manual,1,814.0,21.1,190000.0
Mahindra,XUV500,2014,80000.0,Diesel,Manual,2,2179.0,15.1,750000.0
Nissan,Terrano,2014,120000.0,Diesel,Manual,2,1461.0,19.01,525000.0
Chevrolet,Cruze,2012,82000.0,Diesel,Manual,3,1998.0,17.3,495000.0
Jaguar,XE,2017,9000.0,Diesel,Automatic,1,1999.0,13.6,2625000.0
Lexus,ES,2019,20000.0,Petrol,Automatic,1,2487.0,22.37,5150000.0
Jaguar,XF,2017,45000.0,Diesel,Automatic,1,1999.0,19.33,3200000.0
Tata,Safari,2015,110000.0,Diesel,Manual,1,2179.0,14.1,503000.0
Volvo,XC40,2019,20000.0,Diesel,Automatic,1,1969.0,18.0,3800000.0
Toyota,Camry,2016,68089.0,Petrol,Automatic,1,2494.0,19.16,2000000.0
Maruti,Wagon,2013,58343.0,Petrol,Manual,1,998.0,21.79,225000.0
Maruti,Baleno,2018,38817.0,Diesel,Manual,1,1248.0,27.39,740000.0
Honda,Jazz,2016,56494.0,Petrol,Manual,1,1199.0,18.2,550000.0
Toyota,Innova,2013,79328.0,Diesel,Manual,2,2494.0,12.99,750000.0
Maruti,Swift,2019,5621.0,Petrol,Automatic,1,1197.0,22.0,650000.0
Toyota,Etios,2017,25538.0,Petrol,Manual,1,1496.0,16.78,625000.0
Maruti,Swift,2018,69779.0,Petrol,Automatic,1,1197.0,22.0,600000.0
Hyundai,Grand,2017,56290.0,Diesel,Manual,1,1186.0,24.0,450000.0
BMW,X4,2019,7500.0,Diesel,Automatic,1,1995.0,16.78,5400000.0
BMW,X4,2019,8500.0,Diesel,Automatic,1,1995.0,16.78,5500000.0
Honda,Amaze,2019,7032.0,Petrol,Automatic,1,1199.0,19.0,779000.0
Skoda,Rapid,2016,11000.0,Petrol,Automatic,1,1598.0,14.3,645000.0
Volvo,V40,2018,2000.0,Diesel,Automatic,1,1984.0,16.8,2475000.0
Honda,City,2010,60000.0,Petrol,Automatic,2,1497.0,16.8,321000.0
Toyota,Etios,2017,50000.0,Petrol,Manual,1,1197.0,17.71,585000.0
Ford,Figo,2011,70000.0,Diesel,Manual,1,1399.0,20.0,225000.0
Honda,Amaze,2017,70000.0,Diesel,Manual,1,1498.0,25.8,500000.0
Hyundai,i20,2011,90000.0,Diesel,Manual,3,1396.0,23.0,350000.0
Maruti,Ertiga,2016,70000.0,Diesel,Manual,2,1248.0,24.52,756000.0
Maruti,Alto,2014,50000.0,Petrol,Manual,1,796.0,22.74,240000.0
Maruti,Omni,2012,120000.0,Petrol,Manual,2,796.0,19.7,80000.0
Hyundai,i20,2019,5000.0,Petrol,Manual,1,1197.0,17.19,800000.0
Tata,Hexa,2018,25000.0,Diesel,Manual,1,2179.0,17.6,1250000.0
Mahindra,Scorpio,2009,80000.0,Diesel,Manual,3,2179.0,12.05,320000.0
Hyundai,Grand,2017,25000.0,Petrol,Manual,1,1197.0,18.9,509999.0
Tata,Zest,2019,15000.0,Diesel,Manual,1,1248.0,22.95,650000.0
Maruti,Alto,2011,35000.0,Petrol,Manual,2,998.0,20.92,210000.0
Maruti,Alto,2008,80000.0,Petrol,Manual,2,796.0,19.7,110000.0
Tata,Nexon,2017,25000.0,Diesel,Manual,1,1497.0,21.5,665000.0
Volkswagen,Ameo,2017,52000.0,Diesel,Manual,1,1498.0,21.66,555000.0
Volkswagen,Ameo,2017,52000.0,Diesel,Manual,1,1498.0,21.66,560000.0
Mahindra,KUV,2016,80000.0,Diesel,Manual,1,1198.0,25.32,375000.0
Maruti,Swift,2011,77000.0,Diesel,Manual,2,1197.0,21.21,290000.0
Toyota,Fortuner,2017,50000.0,Diesel,Automatic,1,2755.0,15.04,2950000.0
Maruti,Swift,2017,127000.0,Diesel,Manual,1,1248.0,28.4,605000.0
Honda,WR-V,2017,30000.0,Petrol,Manual,1,1199.0,17.5,720000.0
Maruti,Ertiga,2017,70000.0,Diesel,Manual,1,1248.0,24.52,800000.0
Mahindra,XUV500,2017,54000.0,Diesel,Manual,1,2179.0,16.0,1325000.0
Mitsubishi,Pajero,2011,120000.0,Diesel,Manual,2,2835.0,10.5,625000.0
Hyundai,i20,2011,116500.0,Diesel,Manual,1,1396.0,23.0,350000.0
Toyota,Innova,2012,145000.0,Diesel,Manual,2,2494.0,12.99,600000.0
Hyundai,i20,2012,120000.0,Petrol,Manual,1,1197.0,18.5,300000.0
Tata,New,2011,120000.0,Diesel,Manual,1,2179.0,13.93,240000.0
Ford,Figo,2016,80000.0,Diesel,Manual,1,1498.0,25.83,377000.0
Maruti,Ertiga,2013,140000.0,Petrol,Manual,1,1373.0,16.02,450000.0
Hyundai,Verna,2008,100000.0,Petrol,Manual,4,1599.0,13.9,160000.0
Hyundai,Xcent,2019,100000.0,Petrol,Manual,1,1197.0,20.14,525000.0
Toyota,Innova,2011,168000.0,Diesel,Manual,2,2494.0,12.8,550000.0
Chevrolet,Cruze,2010,120000.0,Diesel,Manual,3,1991.0,18.3,270000.0
Toyota,Etios,2016,145000.0,Diesel,Manual,2,1364.0,23.59,570000.0
Ford,Figo,2011,90000.0,Diesel,Manual,2,1399.0,20.0,225000.0
Hyundai,Xcent,2019,90000.0,Petrol,Manual,1,1197.0,20.14,590000.0
Jeep,Compass,2018,80000.0,Diesel,Manual,1,1956.0,17.1,1675000.0
Ford,Aspire,2019,33000.0,Petrol,Manual,1,1194.0,19.4,800000.0
Chevrolet,Sail,2014,13500.0,Petrol,Manual,1,1199.0,18.2,450000.0
Tata,Indigo,2012,80000.0,Diesel,Manual,1,1405.0,17.0,300000.0
Hyundai,i20,2017,20000.0,Petrol,Manual,1,1197.0,18.6,645000.0
Maruti,Swift,2013,58000.0,Diesel,Manual,1,1248.0,23.4,520000.0
Hyundai,EON,2013,40000.0,Petrol,Manual,1,814.0,21.1,200000.0
Honda,City,2015,30000.0,Petrol,Manual,1,1497.0,17.4,700000.0
Maruti,800,2000,50000.0,Petrol,Manual,2,796.0,16.1,45000.0
Ford,Figo,2016,73000.0,Diesel,Manual,1,1498.0,25.83,459999.0
Maruti,Ritz,2014,90000.0,Diesel,Manual,2,1248.0,23.2,325000.0
Maruti,Wagon,2015,50000.0,Petrol,Manual,2,998.0,20.51,350000.0
Hyundai,Verna,2011,80000.0,Diesel,Manual,3,1582.0,22.32,440000.0
Hyundai,i20,2011,70000.0,Diesel,Manual,2,1396.0,21.9,320000.0
Chevrolet,Spark,2011,41000.0,Petrol,Manual,1,995.0,18.0,169000.0
Volkswagen,Polo,2013,50000.0,Petrol,Manual,4,1198.0,16.47,350000.0
Ford,Classic,2014,113226.0,Diesel,Manual,1,1399.0,19.68,350000.0
Ford,Figo,2013,90000.0,Diesel,Manual,2,1399.0,20.0,310000.0
Maruti,Swift,2007,70000.0,Petrol,Manual,3,1197.0,21.21,150000.0
Mahindra,Scorpio,2010,160500.0,Diesel,Manual,4,2179.0,13.5,420000.0
Maruti,Ciaz,2015,30000.0,Petrol,Automatic,1,1373.0,19.12,685000.0
Renault,Duster,2014,132000.0,Diesel,Manual,2,1461.0,19.72,560000.0
Maruti,Swift,2013,120000.0,Diesel,Manual,3,1248.0,22.9,470000.0
Hyundai,Verna,2011,80000.0,Petrol,Manual,2,1599.0,16.2,380000.0
Mahindra,Scorpio,2015,57000.0,Diesel,Manual,2,1997.0,15.4,670000.0
Maruti,Swift,2018,5000.0,Petrol,Manual,1,1197.0,22.0,550000.0
Hyundai,Verna,2016,25000.0,Petrol,Manual,1,1591.0,17.01,749000.0
Hyundai,Creta,2015,80000.0,Diesel,Manual,2,1582.0,19.67,899000.0
Chevrolet,Optra,2011,88000.0,Diesel,Manual,3,1991.0,16.52,290000.0
Toyota,Innova,2014,217000.0,Diesel,Manual,2,2494.0,12.99,869999.0
Datsun,GO,2015,60000.0,Petrol,Manual,1,1198.0,20.62,350000.0
Maruti,Swift,2017,43000.0,Petrol,Manual,1,1197.0,20.85,500000.0
Skoda,Rapid,2014,77000.0,Diesel,Automatic,2,1498.0,21.66,400000.0
Renault,KWID,2016,30000.0,Petrol,Manual,1,799.0,25.17,260000.0
Maruti,Alto,2015,40000.0,Petrol,Manual,2,796.0,22.74,220000.0
Chevrolet,Enjoy,2014,139000.0,Diesel,Manual,2,1248.0,18.2,190000.0
Hyundai,Grand,2016,80000.0,Petrol,Manual,1,1197.0,18.9,400000.0
Chevrolet,Beat,2014,76000.0,Diesel,Manual,2,936.0,25.44,170000.0
Hyundai,Elite,2019,3500.0,Petrol,Manual,1,1197.0,18.6,650000.0
Maruti,800,2007,62000.0,Petrol,Manual,2,796.0,16.1,60000.0
Tata,New,2007,110000.0,Petrol,Manual,2,2092.0,12.0,300000.0
Chevrolet,Spark,2012,40000.0,Petrol,Manual,2,995.0,16.2,125000.0
Tata,Indica,2013,120000.0,Diesel,Manual,2,1396.0,18.8,130000.0
Mahindra,XUV500,2012,1500000.0,Diesel,Manual,1,2179.0,15.1,500000.0
Maruti,Alto,2011,70000.0,Petrol,Manual,3,796.0,19.7,170000.0
Maruti,Swift,2012,77000.0,Diesel,Manual,2,1248.0,19.3,310000.0
Chevrolet,Spark,2011,110000.0,Petrol,Manual,2,995.0,18.0,130000.0
Maruti,Wagon,2016,20000.0,Petrol,Manual,1,998.0,20.51,465000.0
Mahindra,Jeep,1995,90000.0,Diesel,Manual,3,2179.0,15.96,160000.0
Mercedes-Benz,E-Class,2005,120005.0,Diesel,Automatic,2,2987.0,11.0,800000.0
Maruti,Alto,2012,16830.0,Petrol,Manual,1,998.0,20.2,260000.0
Mahindra,Bolero,2013,70000.0,Diesel,Manual,1,2523.0,15.96,500000.0
Renault,KWID,2017,38000.0,Petrol,Manual,1,999.0,23.01,325000.0
Mahindra,Bolero,2013,80000.0,Diesel,Manual,1,2523.0,15.96,400000.0
Toyota,Fortuner,2018,50000.0,Diesel,Manual,1,2755.0,14.24,3200000.0
Tata,Indica,2007,50000.0,Diesel,Manual,1,1396.0,17.88,200000.0
Mahindra,Quanto,2013,52000.0,Diesel,Manual,1,1493.0,17.21,450000.0
Tata,Indigo,2012,50000.0,Diesel,Manual,1,1405.0,17.0,229999.0
Hyundai,EON,2016,30000.0,Petrol,Manual,1,814.0,21.1,340000.0
Mahindra,Bolero,2014,103000.0,Diesel,Manual,1,2523.0,15.96,550000.0
Ford,Endeavour,2011,93468.0,Diesel,Automatic,2,2953.0,11.4,975000.0
Volvo,XC40,2019,20000.0,Diesel,Automatic,1,1969.0,18.0,3800000.0
Volkswagen,Jetta,2010,80000.0,Petrol,Manual,2,1595.0,14.0,225000.0
Ford,Endeavour,2018,12000.0,Diesel,Automatic,1,3198.0,10.91,3250000.0
Tata,Indigo,2013,70000.0,Diesel,Manual,1,1396.0,25.0,280000.0
Honda,Amaze,2019,4500.0,Petrol,Manual,1,1199.0,19.5,700000.0
Tata,Indigo,2012,35000.0,Diesel,Manual,1,1396.0,23.03,259000.0
Toyota,Fortuner,2018,60000.0,Diesel,Automatic,1,2755.0,15.04,3200000.0
Mahindra,XUV500,2018,30000.0,Diesel,Manual,1,1997.0,16.0,1400000.0
Ford,Figo,2015,40000.0,Petrol,Automatic,1,1499.0,17.01,416000.0
Tata,Manza,2011,70000.0,Diesel,Manual,1,1248.0,19.0,250000.0
Tata,Manza,2010,120000.0,Diesel,Manual,1,1248.0,21.12,210000.0
Mahindra,Scorpio,2008,120000.0,Diesel,Manual,2,2179.0,12.05,290000.0
Tata,Indigo,2012,90000.0,Diesel,Manual,1,1396.0,23.03,220000.0
Tata,Indigo,2012,35000.0,Diesel,Manual,2,1396.0,23.03,246000.0
Maruti,Omni,2018,30000.0,Petrol,Manual,1,796.0,16.8,260000.0
Hyundai,Creta,2018,70000.0,Diesel,Manual,1,1396.0,21.38,1050000.0
Tata,Manza,2012,60000.0,Diesel,Manual,1,1248.0,21.02,290000.0
Tata,Indigo,2013,70000.0,Diesel,Manual,1,1396.0,25.0,310000.0
Hyundai,i20,2018,6000.0,Petrol,Manual,1,1197.0,18.6,700000.0
Maruti,Swift,2016,20000.0,Petrol,Manual,1,1197.0,20.4,550000.0
Tata,Indigo,2017,70000.0,Diesel,Manual,1,1405.0,19.09,450000.0
Honda,City,2016,65000.0,Petrol,Manual,1,1497.0,17.8,773000.0
Tata,Tiago,2017,25000.0,Petrol,Manual,1,1199.0,23.84,450000.0
Maruti,Eeco,2019,10000.0,Petrol,Manual,1,1196.0,15.37,409999.0
Maruti,800,2003,35000.0,Petrol,Manual,4,796.0,16.1,45000.0
Nissan,Teana,2014,80000.0,Petrol,Automatic,2,2496.0,11.07,600000.0
Chevrolet,Beat,2010,63000.0,Petrol,Manual,1,1199.0,18.6,250000.0
Tata,Indica,2008,100000.0,Diesel,Manual,1,1405.0,16.8,70000.0
Honda,Amaze,2019,1303.0,Petrol,Manual,1,1198.0,17.8,690000.0
Audi,Q5,2018,31800.0,Diesel,Automatic,1,1968.0,17.01,3975000.0
Lexus,ES,2019,20000.0,Petrol,Automatic,1,2487.0,22.37,5150000.0
Jaguar,XF,2017,45000.0,Diesel,Automatic,1,1999.0,19.33,3200000.0
Jeep,Wrangler,2017,17000.0,Petrol,Automatic,1,3604.0,9.5,4100000.0
Toyota,Yaris,2018,4295.0,Petrol,Manual,1,1496.0,17.1,1000000.0
Toyota,Yaris,2018,5229.0,Petrol,Manual,1,1496.0,17.1,1000000.0
Toyota,Camry,2016,68089.0,Petrol,Automatic,1,2494.0,19.16,2000000.0
Maruti,Ciaz,2018,23712.0,Diesel,Manual,1,1248.0,28.09,925000.0
Honda,Jazz,2016,56494.0,Petrol,Manual,1,1199.0,18.2,550000.0
Maruti,Wagon,2018,16589.0,Petrol,Manual,1,998.0,20.51,430000.0
Toyota,Innova,2013,79328.0,Diesel,Manual,2,2494.0,12.99,750000.0
Honda,City,2016,53201.0,Petrol,Manual,2,1497.0,17.8,675000.0
Maruti,Baleno,2017,25272.0,Petrol,Manual,1,1197.0,21.01,570000.0
Maruti,Vitara,2017,53619.0,Diesel,Manual,1,1248.0,24.3,850000.0
BMW,X4,2019,7500.0,Diesel,Automatic,1,1995.0,16.78,5400000.0
BMW,X4,2019,8500.0,Diesel,Automatic,1,1995.0,16.78,5500000.0
Honda,Amaze,2019,7032.0,Petrol,Automatic,1,1199.0,19.0,779000.0
Ford,Ecosport,2018,6001.0,Petrol,Manual,1,1496.0,15.9,640000.0
Tata,Indigo,2013,80000.0,Diesel,Manual,1,1405.0,19.09,250000.0
Renault,Duster,2018,12000.0,Diesel,Manual,1,1461.0,19.6,1250000.0
Ford,EcoSport,2017,25000.0,Petrol,Manual,1,1497.0,17.0,889000.0
Hyundai,i20,2017,40000.0,Diesel,Manual,2,1396.0,22.54,750000.0
Maruti,Swift,2010,130000.0,Diesel,Manual,3,1248.0,17.8,320000.0
Skoda,Yeti,2011,202000.0,Diesel,Manual,1,1968.0,17.67,600000.0
Maruti,Ciaz,2018,40000.0,Diesel,Manual,1,1248.0,28.09,1000000.0
Maruti,Zen,2000,70000.0,Petrol,Manual,4,993.0,17.3,110000.0
Honda,City,2008,120000.0,Petrol,Manual,2,1497.0,17.7,250000.0
Maruti,Swift,2015,60000.0,Diesel,Manual,1,1248.0,26.59,600000.0
Maruti,Zen,2009,60000.0,Petrol,Manual,1,998.0,19.0,165000.0
Maruti,Alto,2004,60000.0,Petrol,Manual,2,796.0,19.7,118000.0
Maruti,Baleno,2016,78000.0,Diesel,Manual,1,1248.0,27.39,700000.0
Renault,Duster,2013,80000.0,Diesel,Manual,2,1461.0,20.46,585000.0
Maruti,Alto,2006,120000.0,Petrol,Manual,4,796.0,19.7,120000.0
Maruti,800,2003,90000.0,Petrol,Manual,4,796.0,16.1,65000.0
Maruti,Alto,2006,100000.0,Petrol,Manual,2,796.0,19.7,150000.0
Maruti,Alto,2009,70000.0,Petrol,Manual,4,796.0,19.7,150000.0
Hyundai,Accent,2004,160000.0,Diesel,Manual,3,1493.0,13.1,170000.0
Mahindra,Scorpio,2006,120000.0,Diesel,Manual,3,2179.0,10.5,250000.0
Hyundai,Accent,2005,100000.0,Diesel,Manual,3,1493.0,13.1,100000.0
Maruti,Ertiga,2013,60000.0,Diesel,Manual,2,1248.0,20.77,599000.0
Chevrolet,Cruze,2010,135000.0,Diesel,Manual,3,1991.0,18.3,250000.0
Maruti,Swift,2016,90000.0,Petrol,Manual,1,1197.0,20.4,570000.0
Volkswagen,Polo,2013,75000.0,Diesel,Manual,2,1199.0,22.07,440000.0
Toyota,Innova,2005,185000.0,Diesel,Manual,2,2494.0,11.4,300000.0
Nissan,Micra,2015,71717.0,Petrol,Automatic,2,1198.0,19.34,300000.0
Mahindra,Scorpio,2011,150000.0,Diesel,Automatic,2,2179.0,11.79,500000.0
Maruti,Swift,2016,55000.0,Diesel,Manual,1,1248.0,26.59,660000.0
Ford,Fiesta,2012,90000.0,Petrol,Manual,2,1596.0,15.3,256000.0
Renault,KWID,2018,35000.0,Petrol,Manual,1,999.0,23.01,409999.0
Toyota,Fortuner,2015,120000.0,Diesel,Manual,2,2982.0,12.55,1888000.0
Hyundai,Santro,2011,100000.0,LPG,Manual,2,1086.0,13.45,250000.0
Honda,Civic,2009,40000.0,Petrol,Automatic,3,1799.0,12.9,280000.0
Mahindra,Xylo,2010,100000.0,Diesel,Manual,1,2489.0,13.0,300000.0
Tata,Safari,2016,120000.0,Diesel,Manual,1,2179.0,14.1,900000.0
Maruti,Zen,2014,60000.0,Petrol,Manual,1,998.0,19.0,190000.0
Mahindra,Bolero,2019,2000.0,Diesel,Manual,1,2523.0,15.96,800000.0
Mahindra,Scorpio,2012,100000.0,Diesel,Manual,1,2523.0,14.0,450000.0
Mahindra,Xylo,2015,110000.0,Diesel,Manual,1,2489.0,14.95,400000.0
Tata,New,2009,90000.0,Diesel,Manual,2,2179.0,13.93,150000.0
Tata,Indigo,2011,84321.0,Diesel,Manual,1,1396.0,23.57,200000.0
Mahindra,XUV500,2013,177000.0,Diesel,Manual,1,2179.0,15.1,600000.0
Tata,Indica,2010,60000.0,Diesel,Manual,1,1248.0,18.0,175000.0
Tata,Indigo,2008,205000.0,Diesel,Manual,2,1396.0,19.09,99000.0
Hyundai,i10,2008,70000.0,Petrol,Manual,2,1197.0,20.36,215000.0
Maruti,Omni,2011,70000.0,Petrol,Manual,3,1197.0,21.21,190000.0
Renault,Duster,2013,126000.0,Diesel,Manual,2,1461.0,19.01,520000.0
Ford,Endeavour,2016,120000.0,Diesel,Automatic,2,3198.0,10.91,2280000.0
Tata,Indica,2015,70000.0,Diesel,Manual,1,1405.0,19.1,285000.0
Mahindra,TUV,2017,82000.0,Diesel,Manual,1,1493.0,18.49,660000.0
Maruti,800,2004,110000.0,Petrol,Manual,3,796.0,16.1,31504.0
Maruti,Swift,2015,45000.0,Petrol,Manual,2,1197.0,20.85,515000.0
Nissan,Sunny,2012,70000.0,Diesel,Manual,2,1461.0,21.64,295000.0
Nissan,Terrano,2015,80000.0,Diesel,Manual,2,1461.0,20.45,700000.0
Mahindra,Scorpio,2017,45000.0,Diesel,Manual,1,2179.0,15.4,1100000.0
Hyundai,EON,2017,60000.0,Petrol,Manual,1,998.0,20.3,300000.0
Maruti,Swift,2013,41800.0,Petrol,Manual,1,1197.0,18.6,450000.0
Maruti,Estilo,2010,132000.0,Petrol,Manual,2,1197.0,21.21,135000.0
Maruti,Swift,2017,50000.0,Diesel,Manual,2,1248.0,28.4,700000.0
Ford,Figo,2012,40000.0,Diesel,Manual,1,1399.0,20.0,250000.0
Maruti,Wagon,2009,96000.0,Petrol,Manual,2,1061.0,18.9,140000.0
Mahindra,Xylo,2012,117000.0,Diesel,Manual,1,2498.0,14.0,250000.0
Hyundai,i10,2011,110000.0,Petrol,Manual,2,1086.0,19.81,210000.0
Honda,Amaze,2014,100000.0,Diesel,Manual,2,1498.0,25.8,420000.0
Maruti,Alto,2007,88700.0,Petrol,Manual,3,796.0,19.7,130000.0
Nissan,Sunny,2012,70000.0,Petrol,Manual,2,1498.0,16.95,320000.0
Maruti,Wagon,2010,110000.0,Petrol,Manual,2,1061.0,17.3,200000.0
Maruti,Alto,2016,15000.0,Petrol,Manual,1,796.0,22.74,310000.0
Mahindra,Verito,2012,80000.0,Diesel,Manual,2,1461.0,20.8,200000.0
Maruti,Ritz,2014,50000.0,Petrol,Manual,1,1197.0,18.5,350000.0
Hyundai,EON,2018,15000.0,Petrol,Manual,1,814.0,21.1,444000.0
Datsun,RediGO,2017,25000.0,Petrol,Manual,1,799.0,22.7,300000.0
Mahindra,Verito,2011,57000.0,Diesel,Manual,2,1461.0,21.0,225000.0
Mahindra,Bolero,2012,75000.0,Diesel,Manual,1,2523.0,15.96,600000.0
Maruti,Eeco,2013,26000.0,Petrol,Manual,1,1196.0,15.37,260000.0
Hyundai,Xcent,2015,160000.0,Diesel,Manual,1,1120.0,24.4,375000.0
Maruti,Eeco,2013,26000.0,Petrol,Manual,1,1196.0,15.37,260000.0
Maruti,Alto,2010,120000.0,Petrol,Manual,2,796.0,19.7,150000.0
Maruti,Alto,2014,50000.0,Petrol,Manual,2,796.0,19.7,110000.0
Maruti,Alto,2012,40000.0,Petrol,Manual,1,796.0,19.7,225000.0
Toyota,Etios,2011,90000.0,Diesel,Manual,3,2494.0,12.99,400000.0
Maruti,Esteem,2005,120000.0,Petrol,Manual,3,1197.0,21.21,93000.0
Honda,City,2017,28000.0,Petrol,Manual,1,1497.0,17.8,860000.0
Maruti,Swift,2018,50000.0,Diesel,Manual,1,1248.0,28.4,650000.0
Maruti,Ertiga,2014,90000.0,Diesel,Manual,1,1248.0,20.77,650000.0
Hyundai,Verna,2016,40000.0,Diesel,Manual,1,1396.0,24.8,710000.0
Ford,Figo,2017,113000.0,Diesel,Manual,1,1498.0,25.83,430000.0
Maruti,Swift,2011,188000.0,Diesel,Manual,2,1248.0,17.8,305000.0
Ford,Figo,2011,100000.0,Diesel,Manual,1,1399.0,20.0,220000.0
Tata,Sumo,2010,225000.0,Diesel,Manual,3,1948.0,14.0,150000.0
Mahindra,TUV,2017,67000.0,Diesel,Manual,2,1493.0,18.49,660000.0
Chevrolet,Beat,2011,70000.0,Diesel,Manual,4,936.0,25.44,140000.0
Toyota,Corolla,2015,50000.0,Petrol,Manual,1,1798.0,14.28,1100000.0
Jaguar,XF,2013,60000.0,Diesel,Automatic,1,2179.0,16.36,2450000.0
Volkswagen,Ameo,2017,34000.0,Diesel,Automatic,1,1498.0,22.0,625000.0
Honda,City,2004,110000.0,Petrol,Manual,3,1493.0,12.8,198000.0
Hyundai,Santro,2001,71000.0,Petrol,Manual,2,1197.0,19.81,60000.0
Maruti,Wagon,2005,140000.0,Petrol,Manual,2,998.0,18.9,130000.0
Honda,City,2012,100000.0,Petrol,Manual,2,1497.0,16.8,540000.0
Hyundai,Grand,2017,10000.0,Petrol,Automatic,1,1197.0,18.9,550000.0
Maruti,Celerio,2018,30000.0,Petrol,Manual,1,998.0,21.63,475000.0
Audi,Q3,2017,22000.0,Diesel,Automatic,1,1968.0,15.73,2825000.0
Honda,Civic,2020,5500.0,Diesel,Manual,1,1597.0,26.8,2125000.0
BMW,X1,2018,18000.0,Diesel,Automatic,1,1998.0,19.62,3350000.0
Toyota,Innova,2018,20000.0,Diesel,Automatic,1,2755.0,11.36,1800000.0
Hyundai,Santro,2018,7000.0,Petrol,Manual,1,1086.0,20.3,540000.0
Force,Gurkha,2018,20000.0,Diesel,Manual,1,2596.0,17.0,910000.0
Maruti,Celerio,2019,4875.0,Petrol,Manual,1,998.0,21.63,484999.0
Hyundai,Creta,2020,2700.0,Diesel,Automatic,1,1582.0,17.01,1950000.0
Maruti,Vitara,2018,58511.0,Diesel,Manual,1,1248.0,24.3,950000.0
Ford,Figo,2015,105000.0,Diesel,Manual,1,1498.0,25.83,365000.0
Mahindra,Thar,2018,26235.0,Diesel,Manual,1,2498.0,16.55,900000.0
Tata,Nexon,2017,26766.0,Diesel,Manual,1,1497.0,21.5,919999.0
MG,Hector,2020,1600.0,Petrol,Automatic,1,1451.0,13.96,1900000.0
Mercedes-Benz,New,2018,46000.0,Diesel,Manual,1,2148.0,15.8,2950000.0
Mahindra,Marazzo,2019,23000.0,Diesel,Manual,1,1497.0,17.3,1075000.0
Maruti,Swift,2017,24522.0,Petrol,Manual,1,1197.0,20.4,600000.0
BMW,3,2017,13663.0,Diesel,Automatic,1,1995.0,22.69,3200000.0
Skoda,Octavia,2019,11000.0,Diesel,Automatic,1,1968.0,19.3,2600000.0
Maruti,Vitara,2016,63000.0,Diesel,Manual,1,1248.0,24.3,839000.0
Volkswagen,Polo,2019,2000.0,Petrol,Manual,1,1199.0,16.2,635000.0
Mahindra,Scorpio,2014,300000.0,Diesel,Manual,3,2179.0,12.05,550000.0
Mahindra,Logan,2011,190000.0,Diesel,Manual,3,1461.0,19.2,180000.0
Honda,City,2015,80000.0,Diesel,Manual,1,1498.0,26.0,650000.0
Honda,Jazz,2011,80000.0,Petrol,Manual,2,1198.0,16.0,350000.0
Maruti,Alto,2015,54000.0,Petrol,Manual,1,998.0,23.95,265000.0
Renault,KWID,2018,30000.0,Petrol,Manual,1,999.0,23.01,330000.0
Maruti,Eeco,2019,5000.0,Petrol,Manual,1,1196.0,15.37,395000.0
Mahindra,TUV,2015,58945.0,Diesel,Manual,1,1493.0,18.49,700000.0
Ford,Figo,2012,90000.0,Diesel,Manual,1,1399.0,20.0,300000.0
Toyota,Innova,2011,375000.0,Diesel,Manual,1,2494.0,12.8,650000.0
Maruti,Ertiga,2013,160000.0,Diesel,Manual,3,1248.0,20.77,625000.0
Volkswagen,Polo,2014,80000.0,Diesel,Manual,2,1598.0,15.11,425000.0
Maruti,800,2004,50000.0,Petrol,Manual,3,796.0,16.1,55000.0
Tata,Indigo,2015,80000.0,Diesel,Manual,2,1405.0,19.09,250000.0
Mahindra,Bolero,2015,156975.0,Diesel,Manual,1,2523.0,15.96,459999.0
Toyota,Corolla,2017,5000.0,Diesel,Manual,1,1364.0,21.43,1594000.0
Chevrolet,Sail,2014,50000.0,Petrol,Manual,1,1199.0,18.2,300000.0
Ford,EcoSport,2018,27620.0,Diesel,Manual,1,1498.0,22.77,950000.0
Mahindra,Scorpio,2013,120000.0,Diesel,Manual,1,2179.0,12.05,484999.0
Mahindra,Xylo,2009,120000.0,Diesel,Manual,3,2498.0,14.0,161000.0
Hyundai,i20,2015,58000.0,Petrol,Manual,1,1197.0,17.19,500000.0
Nissan,Sunny,2012,50000.0,Petrol,Manual,1,1498.0,16.95,350000.0
Maruti,Ignis,2017,40000.0,Petrol,Automatic,1,1197.0,20.89,550000.0
Honda,WR-V,2018,7800.0,Petrol,Manual,1,1199.0,17.5,850000.0
Maruti,Alto,2016,50000.0,Petrol,Manual,1,796.0,22.74,240000.0
Ford,Endeavour,2011,68000.0,Diesel,Manual,1,2499.0,13.1,950000.0
Maruti,Ertiga,2015,60000.0,Petrol,Manual,2,1373.0,16.02,423000.0
Tata,Indigo,2005,74000.0,Petrol,Manual,2,1396.0,12.8,90000.0
Tata,New,2011,58000.0,Diesel,Manual,2,2179.0,13.93,350000.0
Maruti,A-Star,2011,70000.0,Petrol,Manual,3,998.0,19.0,170000.0
Ford,Figo,2015,70000.0,Petrol,Manual,1,1196.0,18.16,450000.0
Hyundai,i10,2009,110000.0,Petrol,Manual,2,1197.0,20.36,150000.0
Hyundai,Santro,2002,80000.0,Petrol,Manual,3,1197.0,19.81,75000.0
Hyundai,i20,2016,80000.0,Diesel,Manual,1,1396.0,22.54,511000.0
Maruti,Ertiga,2018,59000.0,Diesel,Manual,1,1498.0,24.2,850000.0
Tata,Indica,2018,110000.0,Diesel,Manual,1,1396.0,25.0,250000.0
Maruti,Celerio,2020,25000.0,Petrol,Manual,1,998.0,21.63,420000.0
Maruti,Alto,2014,55000.0,Petrol,Manual,1,796.0,22.74,180000.0
Maruti,Celerio,2015,25000.0,Diesel,Manual,1,793.0,27.62,400000.0
Mahindra,Xylo,2009,300000.0,Diesel,Manual,1,2498.0,14.0,150000.0
Ford,Figo,2016,143200.0,Diesel,Manual,1,1498.0,25.83,500000.0
Jeep,Compass,2017,60000.0,Diesel,Manual,1,1956.0,17.1,1689999.0
Nissan,Micra,2012,120000.0,Diesel,Manual,1,1461.0,23.08,204999.0
Maruti,Ciaz,2014,145000.0,Diesel,Manual,2,1248.0,26.21,459999.0
Hyundai,i20,2017,30000.0,Petrol,Manual,1,1197.0,18.6,600000.0
Hyundai,Grand,2019,8000.0,Petrol,Manual,1,1197.0,18.9,585000.0
Ford,Endeavour,2012,170000.0,Diesel,Manual,1,2499.0,13.1,551000.0
Maruti,Swift,2013,100000.0,Diesel,Manual,1,1248.0,23.4,525000.0
Maruti,Omni,2012,62000.0,Petrol,Manual,1,796.0,14.0,160000.0
Mahindra,XUV500,2014,110000.0,Diesel,Manual,1,2179.0,15.1,825000.0
Hyundai,Santro,2007,137000.0,CNG,Manual,1,1197.0,19.81,127000.0
Chevrolet,Tavera,2015,80000.0,Diesel,Manual,2,2499.0,13.58,600000.0
Maruti,Zen,2002,80000.0,Petrol,Manual,2,993.0,17.3,65000.0
Maruti,Swift,2013,100000.0,Diesel,Manual,1,1248.0,23.4,550000.0
Mahindra,Bolero,2015,120000.0,Diesel,Manual,1,2523.0,15.96,650000.0
Maruti,Swift,2019,24000.0,Diesel,Manual,1,1248.0,28.4,750000.0
Mahindra,KUV,2017,80000.0,Diesel,Manual,1,1198.0,25.32,380000.0
Hyundai,Verna,2012,138000.0,Diesel,Manual,1,1582.0,22.32,400000.0
Maruti,Wagon,2003,147000.0,Petrol,Manual,4,998.0,18.9,50000.0
Mahindra,TUV,2017,60000.0,Diesel,Manual,1,1493.0,18.49,750000.0
Chevrolet,Spark,2011,80000.0,Petrol,Manual,1,995.0,18.0,150000.0
Maruti,Alto,2016,50000.0,Petrol,Manual,1,796.0,22.74,245000.0
Tata,Manza,2013,189000.0,Diesel,Manual,1,1248.0,21.02,260000.0
Volkswagen,Vento,2014,90000.0,Diesel,Automatic,2,1498.0,21.21,411000.0
Hyundai,i20,2014,56000.0,Diesel,Manual,1,1396.0,21.9,450000.0
BMW,3,2012,140000.0,Diesel,Automatic,2,1995.0,18.88,1300000.0
Maruti,Celerio,2016,60000.0,Petrol,Manual,1,998.0,23.1,351000.0
Mahindra,XUV500,2012,130000.0,Diesel,Manual,1,2179.0,15.1,550000.0
BMW,3,2013,140000.0,Diesel,Automatic,2,1995.0,18.88,1300000.0
Tata,Manza,2013,189000.0,Diesel,Manual,1,1248.0,21.02,260000.0
Volkswagen,Vento,2014,90000.0,Diesel,Automatic,2,1498.0,21.21,411000.0
Hyundai,i20,2014,56000.0,Diesel,Manual,1,1396.0,21.9,450000.0
BMW,3,2012,140000.0,Diesel,Automatic,2,1995.0,18.88,1300000.0
Maruti,Celerio,2016,60000.0,Petrol,Manual,1,998.0,23.1,351000.0
Mahindra,XUV500,2012,130000.0,Diesel,Manual,1,2179.0,15.1,550000.0
BMW,3,2013,140000.0,Diesel,Automatic,2,1995.0,18.88,1300000.0
Nissan,Terrano,2016,35000.0,Diesel,Manual,1,1461.0,20.45,750000.0
Nissan,Terrano,2015,35000.0,Diesel,Manual,1,1461.0,20.45,800000.0
Tata,New,2011,156000.0,Diesel,Manual,1,2179.0,11.57,350000.0
Maruti,Alto,2013,90000.0,Petrol,Manual,1,796.0,22.74,200000.0
Tata,Indigo,2008,60000.0,Diesel,Manual,3,1405.0,17.0,150000.0
Nissan,Terrano,2016,36000.0,Diesel,Manual,1,1461.0,19.01,800000.0
Hyundai,EON,2017,20000.0,Petrol,Manual,2,814.0,21.1,350000.0
Tata,New,2011,160000.0,Diesel,Manual,1,2179.0,13.93,350000.0
Mahindra,Scorpio,2006,185000.0,Diesel,Manual,1,2609.0,12.7,250000.0
Tata,Indica,2010,110000.0,Diesel,Manual,2,1405.0,17.0,170000.0
Renault,KWID,2018,10800.0,Petrol,Manual,1,799.0,25.17,395000.0
Mahindra,Bolero,2012,120000.0,Diesel,Manual,1,2523.0,15.96,450000.0
Maruti,Ignis,2019,15000.0,Petrol,Manual,1,1197.0,20.89,500000.0
Tata,Sumo,2012,67500.0,Diesel,Manual,1,1948.0,12.2,200000.0
Tata,Hexa,2017,30000.0,Diesel,Manual,1,2179.0,17.6,1200000.0
Mahindra,KUV,2016,50000.0,Diesel,Manual,1,1198.0,25.32,400000.0
Mahindra,TUV,2016,100000.0,Diesel,Manual,1,1493.0,18.49,650000.0
Mahindra,Bolero,2016,150000.0,Diesel,Manual,1,2523.0,15.96,550000.0
Mahindra,XUV500,2015,110000.0,Diesel,Manual,1,2179.0,16.0,1100000.0
Maruti,Alto,2012,30000.0,Petrol,Manual,1,796.0,22.74,254999.0
Maruti,Alto,2011,60000.0,Petrol,Manual,1,796.0,19.7,180000.0
Mahindra,Xylo,2010,255000.0,Diesel,Manual,2,2489.0,13.0,160000.0
Chevrolet,Optra,2008,120000.0,Diesel,Manual,2,1991.0,16.52,225000.0
Maruti,Alto,2015,49900.0,Petrol,Manual,2,796.0,22.74,270000.0
Tata,Manza,2012,86000.0,Diesel,Manual,1,1248.0,21.12,310000.0
Datsun,GO,2015,71850.0,Petrol,Manual,1,1198.0,20.63,225000.0
Fiat,Grande,2015,95000.0,Diesel,Manual,3,1248.0,21.2,300000.0
Maruti,Swift,2008,70000.0,Petrol,Manual,4,1298.0,17.5,250000.0
Hyundai,EON,2011,35000.0,Petrol,Manual,1,814.0,21.1,180000.0
Maruti,Swift,2015,50000.0,Petrol,Manual,1,1197.0,20.85,550000.0
Mahindra,Bolero,2007,120000.0,Diesel,Manual,3,2523.0,13.6,300000.0
Hyundai,Elantra,2015,145000.0,Diesel,Manual,1,1582.0,22.7,900000.0
Tata,Sumo,2012,190000.0,Diesel,Manual,3,1396.0,18.8,254999.0
Mahindra,XUV500,2018,40000.0,Diesel,Manual,1,2179.0,16.0,1530000.0
Maruti,Baleno,2015,110000.0,Diesel,Manual,1,1248.0,27.39,590000.0
Maruti,Wagon,2008,112000.0,LPG,Manual,2,1061.0,17.3,170000.0
Audi,A3,2017,70000.0,Diesel,Automatic,1,1968.0,20.38,2600000.0
Maruti,Ritz,2016,110000.0,Diesel,Manual,1,1248.0,23.2,475000.0
Hyundai,Grand,2018,29000.0,Diesel,Manual,1,1186.0,24.0,700000.0
Maruti,Wagon,2011,60000.0,Petrol,Manual,1,998.0,18.9,376000.0
Hyundai,Santro,2002,120000.0,Petrol,Manual,4,1197.0,19.81,100000.0
Maruti,800,2004,46000.0,Petrol,Manual,4,796.0,16.1,75000.0
Mahindra,Scorpio,2012,120000.0,Diesel,Automatic,3,2179.0,11.79,440000.0
Maruti,Wagon,2016,80000.0,Petrol,Manual,1,998.0,20.51,390000.0
Toyota,Innova,2012,159000.0,Diesel,Manual,2,2494.0,12.8,725000.0
Mahindra,Bolero,2012,110000.0,Diesel,Manual,2,2523.0,15.96,325000.0
Maruti,Alto,2010,75000.0,Petrol,Manual,2,796.0,19.7,170000.0
Maruti,Swift,2010,120000.0,Diesel,Manual,3,1248.0,19.3,215000.0
Honda,City,2010,110000.0,Petrol,Manual,3,1497.0,17.0,350000.0
Chevrolet,Spark,2009,80000.0,Petrol,Manual,4,995.0,18.0,80000.0
Hyundai,EON,2012,80000.0,Petrol,Manual,2,814.0,21.1,195000.0
Maruti,Swift,2011,85000.0,Diesel,Manual,1,1197.0,21.21,280000.0
Nissan,Sunny,2014,71000.0,Diesel,Manual,1,1461.0,21.64,335000.0
Mahindra,XUV500,2011,108000.0,Diesel,Manual,1,2179.0,16.0,475000.0
Renault,Duster,2015,75000.0,Diesel,Manual,1,1461.0,19.87,484999.0
Maruti,Ciaz,2018,22000.0,Petrol,Manual,2,1462.0,21.56,650000.0
Audi,Q5,2014,76131.0,Diesel,Automatic,1,2967.0,13.22,1850000.0
Hyundai,i20,2018,30000.0,Petrol,Manual,2,1197.0,18.6,700000.0
Audi,Q7,2014,65000.0,Diesel,Automatic,1,2967.0,12.07,3000000.0
Mahindra,Scorpio,2018,60000.0,Diesel,Manual,1,2523.0,15.4,900000.0
Volkswagen,Polo,2013,80000.0,Diesel,Manual,1,1199.0,22.07,350000.0
Honda,Accord,2005,80000.0,Petrol,Automatic,2,2997.0,9.0,285000.0
Audi,Q7,2012,70000.0,Diesel,Automatic,1,2967.0,12.07,1850000.0
Maruti,Vitara,2017,51777.0,Diesel,Manual,1,1248.0,24.3,750000.0
Land Rover,Freelander,2013,64788.0,Diesel,Automatic,1,2179.0,0.0,1650000.0
Honda,Amaze,2018,20000.0,Petrol,Manual,1,1199.0,19.5,600000.0
Volkswagen,Polo,2018,19000.0,Petrol,Manual,1,999.0,18.78,565000.0
Daewoo,Matiz,2000,46951.0,Petrol,Manual,1,796.0,18.5,86000.0
Datsun,GO,2016,19000.0,Petrol,Manual,1,1198.0,20.63,329000.0
Ford,EcoSport,2016,50000.0,Diesel,Manual,1,1498.0,22.77,650000.0
Hyundai,Creta,2015,60000.0,Diesel,Manual,1,1582.0,19.67,822000.0
Renault,Duster,2013,100000.0,Diesel,Manual,2,1461.0,19.01,345000.0
Maruti,Zen,2001,10000.0,Petrol,Manual,1,993.0,17.3,30000.0
Maruti,Swift,2012,50000.0,Diesel,Manual,2,1248.0,22.9,330000.0
Maruti,Wagon,2014,74537.0,Petrol,Manual,2,998.0,20.51,300000.0
Maruti,SX4,2009,90000.0,Petrol,Automatic,2,1586.0,12.6,200000.0
Tata,Indica,2012,80000.0,Diesel,Manual,2,1396.0,18.8,200000.0
Chevrolet,Spark,2010,70000.0,Petrol,Manual,2,995.0,18.0,90000.0
Maruti,Wagon,2010,80000.0,Petrol,Manual,2,1061.0,18.9,200000.0
Hyundai,Xcent,2016,35000.0,Diesel,Manual,1,1120.0,24.4,550000.0
Chevrolet,Beat,2015,23500.0,Petrol,Manual,1,1199.0,18.6,250000.0
Honda,City,2017,82000.0,Diesel,Manual,1,1498.0,25.6,975000.0
Toyota,Innova,2014,100000.0,Diesel,Manual,2,2494.0,12.99,900000.0
Hyundai,i20,2018,15000.0,Petrol,Manual,1,1197.0,18.6,610000.0
Maruti,Baleno,2017,30000.0,Diesel,Manual,1,1248.0,27.39,620000.0
Hyundai,Grand,2016,30000.0,Petrol,Manual,1,1197.0,18.9,400000.0
Maruti,Celerio,2019,11000.0,Petrol,Manual,1,998.0,21.63,500000.0
Datsun,GO,2017,140000.0,Petrol,Manual,1,1198.0,19.02,200000.0
Tata,Zest,2016,110000.0,Diesel,Manual,1,1248.0,23.0,360000.0
Maruti,Alto,2012,48000.0,Petrol,Manual,1,998.0,20.92,252000.0
Maruti,Swift,2012,70000.0,Diesel,Manual,2,1248.0,22.9,280000.0
Maruti,Swift,2018,70000.0,Petrol,Manual,2,1197.0,22.0,509999.0
Mahindra,Scorpio,2016,58000.0,Diesel,Manual,1,1997.0,15.4,1050000.0
Maruti,Wagon,2010,40000.0,LPG,Manual,4,1061.0,17.3,200000.0
Maruti,Zen,2005,90000.0,Petrol,Manual,2,993.0,17.3,60000.0
Mahindra,Xylo,2010,40000.0,Diesel,Manual,2,2498.0,14.0,320000.0
Mahindra,Scorpio,2013,110000.0,Diesel,Manual,1,2179.0,12.05,520000.0
Tata,New,2007,80000.0,Diesel,Manual,2,2179.0,11.57,250000.0
Maruti,Vitara,2017,60000.0,Diesel,Manual,1,1248.0,24.3,725000.0
Mahindra,Bolero,2015,50000.0,Diesel,Manual,1,2523.0,15.96,585000.0
Tata,Tiago,2017,25000.0,Petrol,Manual,1,1199.0,23.84,430000.0
Maruti,Swift,2011,100000.0,Diesel,Manual,2,1248.0,22.9,235000.0
Maruti,Swift,2012,52000.0,Diesel,Manual,3,1248.0,19.3,350000.0
Hyundai,i10,2010,80000.0,Petrol,Manual,3,1086.0,19.81,131000.0
Honda,Amaze,2016,85000.0,Diesel,Manual,1,1498.0,25.8,450000.0
Maruti,Vitara,2016,83000.0,Diesel,Manual,1,1248.0,24.3,750000.0
Maruti,Alto,2013,50000.0,Petrol,Manual,1,796.0,22.74,200000.0
Maruti,Wagon,2009,120000.0,Petrol,Manual,4,1061.0,18.9,125000.0
Mahindra,Bolero,2014,100000.0,Diesel,Manual,1,2523.0,15.96,500000.0
Maruti,Swift,2012,70000.0,Diesel,Manual,3,1248.0,22.9,380000.0
Maruti,Alto,2008,19000.0,Petrol,Manual,1,796.0,19.7,128000.0
Honda,City,2009,68600.0,Petrol,Manual,3,1497.0,17.0,250000.0
Mahindra,Bolero,2017,60000.0,Diesel,Manual,1,1493.0,16.5,690000.0
Mahindra,Bolero,2014,65000.0,Diesel,Manual,2,2523.0,15.96,650000.0
Honda,City,2012,40000.0,Petrol,Manual,2,1497.0,16.8,560000.0
Tata,Indica,2012,160000.0,Diesel,Manual,2,1396.0,18.8,120000.0
Maruti,Celerio,2016,25000.0,Petrol,Manual,1,998.0,23.1,400000.0
Maruti,Alto,2012,29500.0,Petrol,Manual,1,998.0,20.92,200000.0
Hyundai,Verna,2018,13887.0,Petrol,Manual,1,1591.0,17.0,950000.0
Maruti,Alto,2016,50000.0,Petrol,Manual,2,796.0,22.74,300000.0
Renault,KWID,2016,30000.0,Petrol,Manual,2,799.0,25.17,315000.0
Maruti,Alto,2012,100000.0,Petrol,Manual,1,796.0,22.74,220000.0
Chevrolet,Aveo,2011,60000.0,Petrol,Manual,2,1399.0,14.49,130000.0
Hyundai,i20,2016,60000.0,Diesel,Manual,2,1396.0,22.54,595000.0
Tata,Indica,2011,120000.0,Diesel,Manual,1,1405.0,19.4,110000.0
Ford,EcoSport,2017,13500.0,Petrol,Manual,1,1497.0,17.0,680000.0
Fiat,Grande,2013,52000.0,Diesel,Manual,1,1248.0,20.3,280000.0
Maruti,Baleno,2017,30000.0,Petrol,Manual,2,1197.0,21.4,530000.0
Hyundai,Xcent,2017,14000.0,Petrol,Manual,1,1197.0,19.1,610000.0
Tata,Aria,2014,90000.0,Diesel,Manual,2,2179.0,15.05,500000.0
Tata,Tigor,2018,50000.0,Diesel,Manual,1,1047.0,24.7,500000.0
Mahindra,Xylo,2010,120000.0,Diesel,Manual,2,2489.0,13.0,250000.0
Hyundai,EON,2018,10000.0,Petrol,Manual,1,814.0,21.1,325000.0
Maruti,Baleno,2018,10000.0,Petrol,Manual,1,1197.0,21.4,550000.0
Maruti,Ciaz,2018,25000.0,Petrol,Manual,1,1373.0,20.73,720000.0
Hyundai,Verna,2017,20000.0,Petrol,Manual,1,1591.0,17.0,950000.0
Maruti,Swift,2013,60000.0,Diesel,Manual,1,1248.0,22.9,350000.0
Hyundai,Grand,2018,40000.0,Petrol,Manual,1,1197.0,18.9,500000.0
Maruti,Swift,2012,60000.0,Diesel,Manual,1,1248.0,19.3,380000.0
Hyundai,Xcent,2015,50000.0,Petrol,Automatic,1,1197.0,16.9,380000.0
Hyundai,Verna,2017,20000.0,Petrol,Manual,1,1591.0,17.0,900000.0
Maruti,Alto,2017,35000.0,Petrol,Manual,1,796.0,24.7,295000.0
Maruti,Ciaz,2016,40000.0,Diesel,Manual,1,1248.0,28.09,640000.0
Tata,Nexon,2018,60000.0,Diesel,Manual,1,1497.0,21.5,790000.0
Hyundai,Verna,2015,20000.0,Petrol,Manual,1,1591.0,17.01,625000.0
Ford,EcoSport,2017,30000.0,Petrol,Manual,2,1497.0,17.0,604000.0
Maruti,Alto,2015,29000.0,Petrol,Manual,1,998.0,23.95,315000.0
Mahindra,XUV300,2019,17000.0,Diesel,Manual,1,1497.0,20.0,950000.0
Maruti,Wagon,2017,50000.0,Petrol,Manual,1,998.0,20.51,400000.0
Hyundai,i20,2018,42000.0,Petrol,Automatic,1,1368.0,18.6,700000.0
Toyota,Innova,2011,120000.0,Diesel,Manual,2,2494.0,12.8,700000.0
Mahindra,Verito,2012,110000.0,Diesel,Manual,1,1461.0,21.03,260000.0
Tata,Indigo,2012,90000.0,Diesel,Manual,1,1396.0,23.57,200000.0
Maruti,Dzire,2020,70000.0,Petrol,Manual,1,1197.0,23.26,580000.0
Volkswagen,Vento,2011,66000.0,Diesel,Manual,2,1598.0,20.5,330000.0
Hyundai,Verna,2011,70000.0,Diesel,Manual,3,1493.0,16.2,400000.0
Hyundai,Creta,2018,5000.0,Petrol,Automatic,1,1591.0,14.8,1350000.0
Mahindra,Verito,2014,50000.0,Diesel,Manual,2,1461.0,21.03,250000.0
Skoda,Rapid,2019,25000.0,Petrol,Manual,1,1598.0,15.41,725000.0
Maruti,Swift,2013,70000.0,Diesel,Manual,1,1248.0,23.4,300000.0
Maruti,800,2006,40000.0,Petrol,Manual,2,796.0,16.1,120000.0
Mahindra,XUV500,2016,110000.0,Diesel,Manual,1,2179.0,16.0,1175000.0
Tata,New,2009,150000.0,Diesel,Manual,1,2179.0,13.93,380000.0
Tata,Indica,2014,45000.0,Diesel,Manual,1,1405.0,19.1,400000.0
Tata,Indigo,2005,90000.0,Diesel,Manual,3,1405.0,16.1,140000.0
Tata,New,2011,140000.0,Diesel,Manual,2,2179.0,11.57,229999.0
Ford,Ikon,2003,83000.0,Petrol,Manual,2,1299.0,13.8,110000.0
Volkswagen,Jetta,2011,106000.0,Diesel,Automatic,2,1968.0,16.96,550000.0
Chevrolet,Aveo,2008,60000.0,Petrol,Manual,4,1150.0,15.26,150000.0
Maruti,Omni,2017,40000.0,Petrol,Manual,2,796.0,16.8,265000.0
Hyundai,i20,2011,138000.0,Petrol,Manual,3,1197.0,17.0,300000.0
Maruti,Alto,2015,80000.0,Petrol,Manual,1,796.0,22.74,280000.0
Hyundai,Getz,2005,50000.0,Petrol,Manual,2,1341.0,15.3,130000.0
Chevrolet,Sail,2015,50000.0,Petrol,Manual,1,1199.0,18.2,350000.0
Maruti,Ritz,2009,120000.0,Petrol,Manual,1,1197.0,18.5,200000.0
Maruti,Swift,2018,24400.0,Petrol,Manual,1,1197.0,22.0,550000.0
Mahindra,Bolero,2013,60000.0,Diesel,Manual,2,2523.0,15.96,400000.0
Maruti,Ritz,2010,120000.0,Petrol,Manual,2,1197.0,18.5,170000.0
Hyundai,Verna,2015,60000.0,Diesel,Manual,2,1396.0,24.8,600000.0
Maruti,Alto,2011,100000.0,Petrol,Manual,2,796.0,19.7,130000.0
Hyundai,Santro,2007,60000.0,CNG,Manual,2,1197.0,19.81,120000.0
Maruti,800,2011,120000.0,Petrol,Manual,2,796.0,16.1,100000.0
Renault,KWID,2016,27500.0,Petrol,Manual,1,799.0,25.17,310000.0
Maruti,800,2007,10000.0,Petrol,Manual,1,796.0,16.1,35000.0
Hyundai,i20,2010,120000.0,Petrol,Manual,3,1197.0,18.5,200000.0
Maruti,Swift,2009,70000.0,Diesel,Manual,2,1197.0,21.21,270000.0
Hyundai,i20,2015,80000.0,Diesel,Manual,1,1396.0,22.54,650000.0
Tata,Indigo,2013,120000.0,Petrol,Manual,1,1193.0,15.64,210000.0
Hyundai,Xcent,2015,90000.0,Diesel,Manual,1,1120.0,24.4,509999.0
Ford,Figo,2013,70000.0,Diesel,Manual,1,1399.0,20.0,229999.0
Renault,Duster,2014,188000.0,Diesel,Manual,2,1461.0,19.01,409999.0
Chevrolet,Spark,2011,67840.0,Petrol,Manual,1,995.0,18.0,130000.0
Tata,Nano,2013,30000.0,Petrol,Manual,1,624.0,25.4,95000.0
Maruti,Alto,2016,35000.0,Petrol,Manual,2,796.0,22.74,225000.0
Maruti,Swift,2010,150000.0,Diesel,Manual,2,1197.0,21.21,256999.0
Maruti,Vitara,2017,100000.0,Diesel,Manual,1,1248.0,24.3,775000.0
Maruti,Wagon,2017,30000.0,Petrol,Manual,1,998.0,20.51,420000.0
Hyundai,Grand,2016,70000.0,Petrol,Manual,1,1197.0,18.9,480000.0
Toyota,Qualis,2003,149032.0,Diesel,Manual,1,2494.0,12.99,200000.0
Mahindra,Bolero,2010,380000.0,Diesel,Manual,2,2523.0,13.6,260000.0
Toyota,Etios,2011,84050.0,Petrol,Manual,1,2494.0,12.99,210000.0
Volkswagen,Polo,2018,15000.0,Petrol,Manual,1,1199.0,16.2,600000.0
Ford,Ikon,2009,140000.0,Diesel,Manual,2,1399.0,13.8,140000.0
Maruti,Omni,2010,120000.0,Petrol,Manual,3,796.0,19.7,130000.0
Maruti,Swift,2007,112880.0,Diesel,Manual,1,1248.0,25.2,195000.0
Tata,Indica,2013,135000.0,Diesel,Manual,2,1405.0,19.4,210000.0
Maruti,Wagon,2006,80000.0,Petrol,Manual,3,998.0,18.9,130000.0
Chevrolet,Beat,2012,128000.0,Petrol,Manual,3,1199.0,18.6,141000.0
Mahindra,Bolero,2011,120000.0,Diesel,Manual,1,2523.0,13.6,280000.0
Maruti,SX4,2010,30000.0,Petrol,Automatic,1,1586.0,12.6,350000.0
Tata,Nexon,2018,70000.0,Petrol,Manual,1,1198.0,17.0,575000.0
Hyundai,i20,2015,41000.0,Petrol,Manual,1,1197.0,18.6,550000.0
Toyota,Etios,2011,28100.0,Petrol,Manual,1,2494.0,12.99,420000.0
Maruti,Alto,2006,30000.0,Petrol,Manual,2,796.0,19.7,120000.0
Maruti,Alto,2015,30000.0,Petrol,Manual,1,998.0,23.95,320000.0
Hyundai,Accent,2011,35000.0,Petrol,Manual,1,1495.0,16.36,250000.0
Maruti,SX4,2010,22000.0,Petrol,Manual,1,1586.0,15.0,300000.0
Maruti,Wagon,2006,70000.0,Petrol,Manual,1,998.0,18.9,250000.0
Maruti,Omni,2005,100000.0,Petrol,Manual,2,1197.0,21.21,120000.0
Mahindra,Bolero,2018,70000.0,Diesel,Manual,1,1493.0,16.5,750000.0
Mahindra,Scorpio,2005,200000.0,Diesel,Manual,2,2179.0,10.5,151000.0
Tata,Safari,2011,120000.0,Diesel,Manual,1,2179.0,13.93,300000.0
Maruti,Ignis,2019,3000.0,Petrol,Manual,1,1197.0,20.89,577000.0
Maruti,Alto,2012,50000.0,Petrol,Manual,1,998.0,20.92,229999.0
Mahindra,Bolero,2013,50000.0,Diesel,Manual,1,2523.0,15.96,500000.0
Honda,Jazz,2019,1500.0,Petrol,Automatic,1,1199.0,18.2,840000.0
Volkswagen,Vento,2017,74000.0,Diesel,Manual,1,1498.0,22.27,900000.0
Honda,Jazz,2017,25000.0,Petrol,Manual,1,1199.0,18.7,650000.0
Honda,Jazz,2016,61915.0,Diesel,Manual,1,1498.0,27.3,650000.0
Hyundai,EON,2016,110000.0,Petrol,Manual,1,814.0,21.1,250000.0
Volkswagen,Polo,2016,70000.0,Diesel,Manual,1,1498.0,20.14,550000.0
Maruti,Swift,2007,150000.0,Diesel,Manual,4,1248.0,17.8,250000.0
Mahindra,Quanto,2013,110000.0,Diesel,Manual,2,1493.0,17.21,350000.0
Chevrolet,Beat,2014,90000.0,Diesel,Manual,2,936.0,25.44,185000.0
Ford,Figo,2010,120000.0,Petrol,Manual,3,1196.0,15.6,229999.0
Toyota,Innova,2016,65000.0,Diesel,Manual,1,2494.0,12.99,1000000.0
Maruti,Wagon,2019,10000.0,Petrol,Manual,1,1197.0,20.52,490000.0
Hyundai,i10,2009,80000.0,Petrol,Manual,2,1197.0,20.36,150000.0
Maruti,Ertiga,2013,184000.0,Diesel,Manual,1,1248.0,20.77,600000.0
Maruti,Wagon,2013,80000.0,CNG,Manual,2,998.0,32.52,270000.0
Maruti,Zen,2005,70000.0,Petrol,Manual,2,993.0,17.3,60000.0
Maruti,SX4,2008,89000.0,Petrol,Manual,2,1586.0,15.6,150000.0
Honda,Brio,2014,33033.0,Petrol,Manual,1,1198.0,19.4,335000.0
Maruti,Swift,2013,69000.0,Diesel,Manual,2,1248.0,22.9,525000.0
Hyundai,Grand,2015,63063.0,Petrol,Automatic,1,1197.0,18.9,465000.0
Tata,Indica,2012,90000.0,Diesel,Manual,2,1396.0,25.0,83000.0
Hyundai,EON,2017,8000.0,Petrol,Manual,1,814.0,21.1,300000.0
Hyundai,i20,2012,35000.0,Petrol,Manual,1,1197.0,17.0,350000.0
Hyundai,i20,2011,45000.0,Petrol,Manual,1,1197.0,17.0,300000.0
Fiat,Linea,2011,30000.0,Diesel,Manual,1,1248.0,20.4,250000.0
Maruti,800,2006,59000.0,Petrol,Manual,2,796.0,16.1,114999.0
Maruti,Ertiga,2018,6200.0,Petrol,Manual,1,1462.0,19.34,700000.0
Maruti,Celerio,2020,120000.0,Petrol,Manual,2,998.0,21.63,250000.0
Maruti,Wagon,2016,70000.0,Petrol,Manual,1,998.0,20.51,350000.0
Maruti,Omni,1998,70000.0,Petrol,Manual,1,796.0,14.0,80000.0
Mahindra,Scorpio,2017,110000.0,Diesel,Manual,1,2523.0,15.4,850000.0
Hyundai,Santro,2004,158000.0,Petrol,Manual,1,1197.0,19.81,70000.0
Chevrolet,Spark,2007,93000.0,Petrol,Manual,3,995.0,18.0,90000.0
Chevrolet,Tavera,2014,110000.0,Diesel,Manual,1,2499.0,13.58,600000.0
Maruti,Alto,2007,57000.0,Petrol,Manual,1,796.0,19.7,135000.0
Hyundai,Accent,2005,120000.0,Petrol,Manual,1,1495.0,13.2,150000.0
Tata,Indigo,2012,35000.0,Diesel,Manual,1,1396.0,23.03,259000.0
Tata,Indigo,2012,90000.0,Diesel,Manual,1,1396.0,23.03,220000.0
Tata,Indigo,2012,35000.0,Diesel,Manual,2,1396.0,23.03,246000.0
Maruti,Swift,2009,120000.0,Petrol,Manual,1,1298.0,17.5,240000.0
Hyundai,Creta,2018,60000.0,Diesel,Manual,1,1396.0,22.1,946000.0
Tata,Indigo,2011,70000.0,Diesel,Manual,1,1396.0,23.03,215000.0
Maruti,Zen,1999,60000.0,Petrol,Manual,4,993.0,17.3,50000.0
Honda,Amaze,2013,100000.0,Diesel,Manual,1,1498.0,25.8,310000.0
Hyundai,i10,2008,35000.0,Petrol,Manual,1,1197.0,20.36,220000.0
Maruti,Swift,2008,90000.0,Diesel,Manual,3,1248.0,17.8,195000.0
Hyundai,i20,2015,50000.0,Petrol,Manual,1,1197.0,17.19,650000.0
Hyundai,i20,2011,98000.0,Petrol,Manual,1,1197.0,18.5,350000.0
Hyundai,i20,2013,30000.0,Petrol,Manual,1,1197.0,18.5,360000.0
Hyundai,Elantra,2013,50000.0,Petrol,Manual,2,1797.0,16.3,550000.0
Hyundai,Grand,2016,26000.0,Petrol,Manual,1,1197.0,18.9,490000.0
Maruti,Alto,2011,46000.0,Petrol,Manual,2,796.0,19.7,195000.0
Maruti,Alto,2010,80000.0,Petrol,Manual,4,796.0,19.7,125000.0
Tata,Tiago,2019,10000.0,Petrol,Manual,1,1199.0,23.84,459999.0
Maruti,Alto,2015,16700.0,Petrol,Manual,1,796.0,22.74,275000.0
Maruti,Swift,2018,70000.0,Diesel,Manual,1,1248.0,28.4,680000.0
Maruti,Swift,2015,7967.0,Petrol,Manual,1,1197.0,20.85,600000.0
Maruti,Swift,2018,20000.0,Petrol,Manual,1,1197.0,22.0,720000.0
Maruti,Swift,2011,50000.0,Diesel,Manual,1,1197.0,21.21,295000.0
Renault,KWID,2016,9656.0,Petrol,Manual,1,799.0,25.17,356000.0
Hyundai,i10,2011,50000.0,Petrol,Manual,1,1086.0,19.81,225000.0
Ford,Freestyle,2019,17000.0,Diesel,Manual,1,1498.0,24.4,725000.0
Chevrolet,Spark,2010,50000.0,Petrol,Manual,1,995.0,18.0,130000.0
Renault,KWID,2015,10000.0,Petrol,Manual,1,799.0,25.17,300000.0
Hyundai,i20,2013,43000.0,Petrol,Manual,2,1197.0,18.5,400000.0
Hyundai,Verna,2013,50000.0,Diesel,Manual,1,1396.0,23.5,550000.0
Maruti,Wagon,2006,90000.0,Petrol,Manual,2,998.0,18.9,120000.0
Mahindra,Xylo,2012,100000.0,Diesel,Manual,2,2498.0,14.0,409999.0
Hyundai,Santro,2010,80000.0,Petrol,Manual,2,1086.0,0.0,110000.0
Mahindra,Bolero,2012,120000.0,Diesel,Manual,1,2523.0,15.96,450000.0
Maruti,Swift,2019,5000.0,Petrol,Manual,1,1197.0,21.21,610000.0
Ford,Ecosport,2016,68609.0,Diesel,Manual,1,1498.0,22.7,515000.0
Ford,EcoSport,2018,33360.0,Diesel,Manual,1,1498.0,22.77,925000.0
Nissan,Kicks,2019,14317.0,Petrol,Manual,1,1498.0,14.23,860000.0
Ford,Figo,2012,87237.0,Diesel,Manual,2,1399.0,20.0,225000.0
Ford,Figo,2017,62960.0,Diesel,Manual,1,1498.0,25.83,500000.0
Maruti,Swift,2017,26634.0,Petrol,Automatic,1,1197.0,21.21,600000.0
Ford,Figo,2012,163720.0,Diesel,Manual,1,1399.0,18.5,195000.0
Maruti,Wagon,2012,67998.0,Petrol,Manual,1,998.0,18.9,265000.0
Ford,Freestyle,2018,20706.0,Diesel,Manual,1,1499.0,23.8,650000.0
Ford,Figo,2015,100581.0,Diesel,Manual,1,1498.0,25.83,415000.0
Renault,Duster,2015,67303.0,Diesel,Manual,1,1461.0,20.45,600000.0
Maruti,Ritz,2013,79139.0,Petrol,Manual,1,1197.0,18.5,340000.0
Hyundai,Grand,2014,84784.0,Diesel,Manual,1,1120.0,24.0,350000.0
Maruti,Ritz,2012,130376.0,Diesel,Manual,2,1248.0,23.2,265000.0
Tata,Safari,2017,72000.0,Diesel,Manual,1,2179.0,13.93,625000.0
Hyundai,Verna,2008,127000.0,Diesel,Manual,2,1493.0,16.8,245000.0
Maruti,Swift,2014,120000.0,Diesel,Manual,1,1248.0,25.2,395000.0
Fiat,Punto,2010,120000.0,Diesel,Manual,2,1248.0,20.3,190000.0
Hyundai,Xcent,2014,100000.0,Diesel,Manual,1,1120.0,24.4,490000.0
Toyota,Etios,2012,148000.0,Diesel,Manual,2,2494.0,12.99,450000.0
Maruti,Ertiga,2018,40000.0,Diesel,Manual,1,1248.0,24.52,955000.0
Maruti,Swift,2013,110000.0,Diesel,Manual,1,1248.0,23.4,525000.0
Tata,Tigor,2017,30000.0,Petrol,Manual,1,1199.0,20.3,550000.0
Tata,Indica,2014,120000.0,Diesel,Manual,2,1405.0,19.1,200000.0
Ford,Figo,2017,15000.0,Petrol,Manual,1,1196.0,18.16,500000.0
Maruti,SX4,2016,33500.0,Diesel,Manual,1,1248.0,23.65,825000.0
Mahindra,Quanto,2012,70000.0,Diesel,Manual,1,1493.0,17.21,250000.0
Toyota,Etios,2015,10000.0,Petrol,Manual,1,1197.0,18.16,600000.0
Mahindra,Scorpio,2018,22053.0,Diesel,Manual,1,2179.0,16.36,1325000.0
Mahindra,TUV,2016,50000.0,Diesel,Manual,1,1493.0,18.49,770000.0
Chevrolet,Optra,2011,78432.0,Diesel,Manual,1,1991.0,16.52,415000.0
Hyundai,Santa,2011,125000.0,Diesel,Manual,2,2199.0,14.66,825000.0
Ford,Aspire,2018,80000.0,Diesel,Manual,1,1498.0,26.1,530000.0
Toyota,Innova,2006,270000.0,Diesel,Manual,3,2494.0,12.8,425000.0
Honda,Brio,2012,50000.0,Petrol,Manual,2,1198.0,19.4,310000.0
Tata,Tiago,2017,20000.0,Petrol,Manual,1,1199.0,23.84,390000.0
Hyundai,Creta,2016,30000.0,Petrol,Manual,1,1591.0,15.29,700000.0
Hyundai,i10,2010,70000.0,Petrol,Manual,2,1086.0,19.81,200000.0
Toyota,Innova,2013,7200.0,Diesel,Manual,1,2494.0,12.99,1050000.0
Honda,City,2014,97000.0,Diesel,Manual,1,1498.0,26.0,580000.0
Hyundai,EON,2014,60000.0,Petrol,Manual,2,814.0,21.1,200000.0
Chevrolet,Sail,2013,25000.0,Petrol,Manual,1,1199.0,18.2,245000.0
Hyundai,i10,2010,94000.0,Petrol,Manual,2,1197.0,20.36,210000.0
Maruti,Baleno,2005,90000.0,Petrol,Manual,2,1590.0,15.4,50000.0
Chevrolet,Captiva,2012,50000.0,Diesel,Automatic,2,2231.0,12.12,700000.0
Tata,Bolt,2019,35000.0,Diesel,Manual,1,1248.0,22.95,660000.0
Honda,City,2015,117500.0,Petrol,Manual,2,1497.0,17.4,630000.0
Mahindra,XUV500,2012,78500.0,Diesel,Manual,1,2179.0,15.1,950000.0
Hyundai,i20,2018,8000.0,Petrol,Manual,1,1197.0,18.6,740000.0
Ford,Figo,2017,25000.0,Petrol,Manual,1,1196.0,18.12,570000.0
Hyundai,Verna,2012,60000.0,Diesel,Manual,3,1582.0,22.32,450000.0
Datsun,RediGO,2019,10000.0,Petrol,Manual,1,999.0,22.5,390000.0
Ford,Ikon,2009,70000.0,Petrol,Manual,2,1597.0,14.2,180000.0
Tata,Nano,2015,60000.0,Petrol,Manual,1,624.0,25.4,130000.0
Honda,City,2006,70000.0,Petrol,Manual,2,1497.0,17.7,270000.0
Maruti,800,1997,25000.0,Petrol,Manual,3,796.0,16.1,60000.0
Hyundai,Verna,2006,90000.0,Petrol,Manual,3,1599.0,13.9,170000.0
Hyundai,Creta,2015,90000.0,Diesel,Manual,1,1582.0,19.67,978999.0
Tata,Tiago,2018,25000.0,Petrol,Manual,1,1199.0,23.84,490000.0
Ford,Fiesta,2012,60000.0,Diesel,Manual,2,1498.0,23.5,280000.0
Tata,Tiago,2018,25000.0,Petrol,Manual,1,1199.0,23.84,390000.0
Maruti,Alto,2013,60000.0,Petrol,Manual,4,796.0,22.74,170000.0
Chevrolet,Spark,2008,70000.0,Petrol,Manual,1,995.0,18.0,45000.0
Maruti,Ertiga,2016,80000.0,Diesel,Manual,2,1248.0,24.52,640000.0
Mahindra,Scorpio,2015,110000.0,Diesel,Manual,2,2523.0,15.4,650000.0
Mahindra,Scorpio,2013,115717.0,Diesel,Manual,1,2179.0,12.05,500000.0
Ford,Fusion,2008,110000.0,Diesel,Manual,2,1399.0,17.7,90000.0
Tata,Aria,2014,70000.0,Diesel,Manual,2,2179.0,15.05,480000.0
Maruti,Swift,2019,4000.0,Petrol,Manual,1,1197.0,21.21,630000.0
Hyundai,i10,2011,50000.0,Petrol,Manual,1,1197.0,20.36,250000.0
Hyundai,Grand,2016,70000.0,Petrol,Manual,4,1197.0,18.9,330000.0
Hyundai,i10,2009,70000.0,Petrol,Manual,2,1197.0,20.36,180000.0
Hyundai,i20,2010,50000.0,Petrol,Manual,2,1197.0,18.5,210000.0
Maruti,Swift,2016,55000.0,Diesel,Manual,1,1248.0,26.59,550000.0
Tata,Nexon,2020,5000.0,Petrol,Automatic,1,1198.0,17.0,950000.0
Mahindra,Bolero,2013,100000.0,Diesel,Manual,2,2523.0,15.96,430000.0
Hyundai,i10,2014,23000.0,Petrol,Manual,2,1197.0,20.36,348000.0
Maruti,Alto,2014,60000.0,Petrol,Manual,2,796.0,22.74,196000.0
Maruti,Wagon,2010,70000.0,Petrol,Manual,2,1061.0,18.9,150000.0
Hyundai,Santro,2005,82000.0,Petrol,Manual,4,1197.0,19.81,90000.0
Maruti,Wagon,2009,60000.0,Petrol,Manual,2,1061.0,18.9,150000.0
Tata,Safari,2019,100000.0,Diesel,Manual,1,2179.0,14.1,1250000.0
Maruti,Ertiga,2015,90000.0,Diesel,Manual,3,1248.0,20.77,600000.0
Tata,Nano,2010,26432.0,Petrol,Manual,1,624.0,25.4,65000.0
Maruti,Omni,2016,46702.0,Petrol,Manual,1,796.0,16.8,220000.0
Maruti,Omni,2016,46706.0,Petrol,Manual,1,796.0,16.8,220000.0
Tata,Indica,2006,53523.0,Petrol,Manual,1,1193.0,16.84,110000.0
Chevrolet,Beat,2012,56365.0,Diesel,Manual,1,936.0,25.44,175000.0
Chevrolet,Spark,2011,49563.0,Petrol,Manual,1,995.0,16.2,160000.0
Maruti,800,2004,56432.0,Petrol,Manual,1,796.0,16.1,65000.0
Maruti,800,2002,52365.0,Petrol,Manual,2,796.0,16.1,60000.0
Maruti,Alto,2007,53512.0,Petrol,Manual,2,796.0,19.7,120000.0
Hyundai,Santro,2005,53563.0,Petrol,Manual,2,1197.0,19.81,110000.0
Mahindra,Ssangyong,2013,40000.0,Diesel,Automatic,1,2696.0,11.18,1000000.0
Maruti,Wagon,2010,46533.0,Petrol,Manual,1,998.0,18.9,220000.0
Maruti,Omni,2005,59635.0,Petrol,Manual,2,1197.0,21.21,105000.0
Maruti,Omni,2008,58632.0,Petrol,Manual,2,796.0,14.0,114999.0
Maruti,Omni,2008,58632.0,LPG,Manual,2,1197.0,21.21,110000.0
Mahindra,XUV500,2016,80000.0,Diesel,Automatic,2,2179.0,16.0,850000.0
Maruti,Ertiga,2016,70000.0,Diesel,Manual,1,1248.0,24.52,750000.0
Renault,KWID,2017,90000.0,Petrol,Manual,1,999.0,23.01,265000.0
Ford,Classic,2014,110000.0,Petrol,Manual,2,1596.0,14.09,450000.0
Mahindra,Quanto,2013,90000.0,Diesel,Manual,1,1493.0,17.21,225000.0
Mahindra,Scorpio,2015,70000.0,Diesel,Manual,1,2179.0,15.4,1125000.0
Maruti,Swift,2009,80000.0,Petrol,Manual,1,1197.0,16.6,270000.0
Maruti,Alto,2007,78000.0,Petrol,Manual,1,796.0,19.7,130000.0
Mahindra,Bolero,2017,45000.0,Diesel,Manual,1,1493.0,16.5,660000.0
Maruti,Alto,2015,50000.0,Petrol,Manual,2,998.0,23.95,240000.0
Maruti,Alto,2017,58000.0,Petrol,Manual,1,796.0,24.7,275000.0
Toyota,Innova,2012,120000.0,Diesel,Manual,1,2494.0,12.8,750000.0
Chevrolet,Aveo,2007,30000.0,Petrol,Manual,2,1150.0,14.7,65000.0
Tata,Safari,2017,162000.0,Diesel,Manual,1,2179.0,14.1,850000.0
Maruti,Wagon,2016,50000.0,CNG,Manual,2,998.0,26.6,300000.0
Hyundai,i20,2018,25000.0,Petrol,Manual,2,1197.0,18.6,555000.0
Mahindra,Scorpio,2015,60000.0,Diesel,Manual,1,1997.0,15.4,825000.0
Hyundai,Santro,2010,70000.0,LPG,Manual,3,1086.0,13.45,150000.0
Maruti,Swift,2009,138000.0,Diesel,Manual,2,1248.0,19.3,185000.0
Hyundai,i10,2010,70000.0,Petrol,Manual,2,1197.0,20.36,180000.0
Maruti,Alto,2010,48000.0,Petrol,Manual,2,796.0,19.7,160000.0
Ford,Endeavour,2012,110000.0,Diesel,Automatic,1,2953.0,11.4,500000.0
Maruti,Swift,2014,88000.0,Diesel,Manual,2,1248.0,25.2,375000.0
Toyota,Innova,2015,68000.0,Diesel,Manual,1,2494.0,12.99,900000.0
Hyundai,Grand,2017,70000.0,Petrol,Manual,1,1197.0,18.9,459999.0
Renault,Duster,2014,80000.0,Diesel,Manual,1,1461.0,20.45,480000.0
Maruti,Swift,2013,100000.0,Diesel,Manual,3,1248.0,22.9,320000.0
Maruti,Swift,2013,96000.0,Diesel,Manual,2,1248.0,22.9,370000.0
Hyundai,Santro,2005,123219.0,Petrol,Manual,3,1197.0,19.81,80000.0
Maruti,Zen,2002,30000.0,Petrol,Manual,3,993.0,17.3,75000.0
Maruti,Ritz,2016,60000.0,Diesel,Manual,3,1248.0,23.2,400000.0
Honda,City,2005,90000.0,Petrol,Automatic,2,1497.0,18.2,250000.0
Maruti,Swift,2014,65000.0,Diesel,Manual,1,1248.0,25.2,425000.0
Maruti,Celerio,2014,48000.0,Petrol,Manual,1,998.0,23.1,325000.0
Hyundai,Grand,2016,65300.0,Petrol,Manual,2,1197.0,18.9,350000.0
Hyundai,i20,2018,40000.0,Petrol,Manual,1,1197.0,18.6,600000.0
Chevrolet,Beat,2012,60000.0,Diesel,Manual,2,936.0,25.44,120000.0
Maruti,Alto,2012,70000.0,Petrol,Manual,2,998.0,20.92,200000.0
Maruti,Alto,2008,70000.0,Petrol,Manual,3,796.0,19.7,100000.0
Hyundai,Grand,2014,70000.0,Diesel,Manual,2,1120.0,24.0,350000.0
Maruti,Alto,2006,150000.0,Petrol,Manual,2,796.0,19.7,85000.0
Maruti,Alto,2019,10000.0,Petrol,Manual,1,998.0,23.95,399000.0
Hyundai,Verna,2014,56000.0,Diesel,Manual,1,1582.0,22.32,580000.0
Datsun,RediGO,2017,30000.0,Petrol,Manual,1,799.0,22.7,290000.0
Hyundai,Grand,2014,50000.0,Petrol,Manual,2,1197.0,18.9,380000.0
Ford,Figo,2010,120000.0,Diesel,Manual,1,1399.0,20.0,200000.0
Maruti,Wagon,2018,40000.0,CNG,Manual,1,998.0,26.6,390000.0
Hyundai,Grand,2017,27500.0,Petrol,Manual,1,1197.0,18.9,500000.0
Maruti,Ertiga,2012,73000.0,Diesel,Manual,1,1248.0,20.77,520000.0
Maruti,Swift,2017,75000.0,Diesel,Manual,1,1248.0,26.59,650000.0
Renault,KWID,2018,5000.0,Petrol,Manual,1,999.0,23.01,380000.0
Maruti,Wagon,2010,50000.0,LPG,Manual,1,998.0,26.2,275000.0
Maruti,Swift,2015,70000.0,Diesel,Manual,1,1248.0,26.59,520000.0
Maruti,Swift,2015,60000.0,Diesel,Manual,1,1248.0,26.59,610000.0
Maruti,Wagon,2004,110000.0,Petrol,Manual,1,998.0,18.9,85000.0
Renault,Duster,2013,95000.0,Diesel,Manual,1,1461.0,20.46,490000.0
Hyundai,EON,2015,34000.0,Petrol,Manual,2,814.0,21.1,229999.0
Hyundai,Grand,2015,25000.0,Petrol,Manual,1,1197.0,18.9,411000.0
Maruti,Eeco,2019,120000.0,CNG,Manual,2,1196.0,21.94,362000.0
Toyota,Etios,2014,31000.0,Diesel,Manual,1,1364.0,23.59,550000.0
Maruti,Wagon,2018,70000.0,CNG,Manual,1,998.0,26.6,459999.0
Maruti,Ritz,2011,47000.0,Petrol,Manual,1,1197.0,18.5,190000.0
Hyundai,Santro,2019,5000.0,Petrol,Automatic,1,1086.0,20.3,499000.0
Maruti,Eeco,2018,44000.0,Petrol,Manual,1,1196.0,15.37,358000.0
Toyota,Etios,2012,120000.0,Diesel,Manual,2,1364.0,23.59,278000.0
Fiat,Grande,2014,39395.0,Diesel,Manual,1,1248.0,21.2,320000.0
Renault,Fluence,2013,67000.0,Diesel,Manual,2,1461.0,20.4,580000.0
Honda,City,2019,20000.0,Petrol,Automatic,1,1497.0,17.4,1300000.0
Honda,Amaze,2018,40000.0,Diesel,Manual,1,1498.0,25.8,825000.0
Toyota,Corolla,2004,120000.0,Petrol,Manual,2,1794.0,13.4,170000.0
Toyota,Fortuner,2014,80000.0,Diesel,Manual,2,2982.0,12.55,1700000.0
Hyundai,Santro,2018,7000.0,Petrol,Manual,1,1086.0,20.3,490000.0
Mahindra,XUV500,2018,15000.0,Diesel,Manual,1,2179.0,16.0,1050000.0
Chevrolet,Beat,2016,50000.0,Petrol,Manual,1,1199.0,18.6,210000.0
Mahindra,Scorpio,2016,30000.0,Diesel,Manual,1,2179.0,15.4,1250000.0
Maruti,Swift,2012,120000.0,Diesel,Manual,2,1248.0,22.9,320000.0
Chevrolet,Optra,2012,64000.0,Diesel,Manual,1,1991.0,16.52,400000.0
Maruti,Ritz,2013,120000.0,Diesel,Manual,1,1248.0,23.2,320000.0
Toyota,Corolla,2012,85000.0,Diesel,Manual,1,1364.0,21.43,600000.0
Maruti,Alto,2012,50000.0,Petrol,Manual,1,998.0,20.92,275000.0
Maruti,Alto,2009,59000.0,Petrol,Manual,2,796.0,19.7,170000.0
Chevrolet,Beat,2012,98000.0,Diesel,Manual,1,936.0,25.44,155000.0
Tata,Indica,2012,70000.0,Diesel,Manual,1,1396.0,18.8,240000.0
Tata,Indica,2012,70000.0,Diesel,Manual,1,1396.0,18.8,240000.0
Maruti,Swift,2011,120000.0,Diesel,Manual,2,1197.0,21.21,320000.0
Renault,Duster,2015,140000.0,Diesel,Manual,2,1461.0,20.45,620000.0
Hyundai,Grand,2017,50000.0,Petrol,Manual,1,1197.0,18.9,530000.0
Toyota,Etios,2015,40000.0,Diesel,Manual,1,1364.0,23.59,550000.0
Honda,City,2014,90000.0,Diesel,Manual,1,1498.0,26.0,600000.0
Mahindra,XUV500,2014,117000.0,Diesel,Manual,3,2179.0,15.1,649000.0
Honda,City,2014,90000.0,Diesel,Manual,1,1498.0,26.0,625000.0
Chevrolet,Spark,2010,70000.0,Petrol,Manual,1,995.0,16.0,125000.0
Chevrolet,Tavera,2009,230000.0,Diesel,Manual,2,2499.0,13.58,305000.0
Maruti,SX4,2010,155000.0,Petrol,Manual,2,1586.0,15.5,285000.0
Tata,Xenon,2015,60000.0,Diesel,Manual,2,2179.0,13.49,600000.0
Mahindra,KUV,2016,110000.0,Petrol,Manual,1,1198.0,18.15,426000.0
Tata,Indica,2010,120000.0,Diesel,Manual,1,1405.0,17.0,180000.0
Hyundai,Verna,2011,100000.0,Diesel,Manual,2,1582.0,22.32,400000.0
Chevrolet,Beat,2010,40000.0,Petrol,Manual,2,1199.0,18.6,120000.0
Tata,Manza,2012,110000.0,Diesel,Manual,2,1248.0,21.12,300000.0
Maruti,Alto,2011,92500.0,Petrol,Manual,2,998.0,20.92,190000.0
Maruti,Alto,2017,20000.0,Petrol,Manual,1,796.0,24.7,310000.0
Renault,KWID,2019,15000.0,Petrol,Manual,1,799.0,25.17,380000.0
Mahindra,Bolero,2019,14000.0,Diesel,Manual,1,1493.0,16.5,740000.0
Datsun,RediGO,2016,35000.0,Petrol,Manual,1,799.0,22.7,260000.0
Maruti,Alto,2017,32000.0,Petrol,Manual,2,998.0,23.95,320000.0
Maruti,Wagon,2013,90000.0,CNG,Manual,1,998.0,26.6,211000.0
Maruti,Swift,2018,35000.0,Petrol,Manual,1,1197.0,22.0,650000.0
Maruti,Swift,2017,32500.0,Diesel,Manual,2,1248.0,28.4,651000.0
Maruti,Alto,2019,14000.0,Petrol,Automatic,1,998.0,23.95,380000.0
Chevrolet,Beat,2014,70000.0,Diesel,Manual,3,936.0,25.44,160000.0
Hyundai,Verna,2019,20000.0,Petrol,Automatic,1,1591.0,17.0,1270000.0
Maruti,Wagon,2011,300000.0,LPG,Manual,1,998.0,26.2,300000.0
Maruti,Swift,2015,100000.0,Diesel,Manual,1,1248.0,25.2,405000.0
Mahindra,XUV500,2015,64800.0,Diesel,Manual,1,2179.0,15.1,850000.0
Mahindra,Bolero,2017,90000.0,Diesel,Manual,1,1493.0,16.5,680000.0
Hyundai,Xcent,2014,80000.0,Petrol,Manual,1,1197.0,19.1,426999.0
Hyundai,Verna,2015,248000.0,Diesel,Manual,1,1396.0,24.8,525000.0
Toyota,Innova,2014,60000.0,Diesel,Manual,2,2494.0,12.99,1019999.0
Toyota,Innova,2005,120000.0,Diesel,Manual,1,2494.0,12.8,245000.0
Hyundai,Elantra,2015,120000.0,Diesel,Manual,1,1582.0,22.7,869999.0
Maruti,Wagon,2010,66444.0,LPG,Manual,1,998.0,26.2,160000.0
Maruti,Vitara,2016,86000.0,Diesel,Manual,1,1248.0,24.3,700000.0
Nissan,Sunny,2012,90000.0,Diesel,Manual,1,1461.0,21.64,300000.0
Honda,Civic,2007,218463.0,Petrol,Automatic,1,1799.0,12.9,175000.0
Toyota,Innova,2012,153000.0,Diesel,Manual,1,2494.0,12.8,960000.0
Mahindra,Thar,2014,70000.0,Diesel,Manual,2,2498.0,16.55,525000.0
Hyundai,Grand,2015,60000.0,Diesel,Manual,1,1120.0,24.0,345000.0
Honda,Amaze,2015,50000.0,Petrol,Manual,1,1198.0,18.0,390000.0
Datsun,GO,2015,20000.0,Petrol,Manual,1,1198.0,20.63,275000.0
Chevrolet,Sail,2014,35000.0,Petrol,Manual,1,1199.0,18.2,310000.0
Hyundai,Grand,2017,20000.0,Petrol,Manual,1,1197.0,18.9,500000.0
Chevrolet,Sail,2013,70000.0,Diesel,Manual,1,1248.0,22.1,200000.0
Volkswagen,Polo,2018,53000.0,Diesel,Manual,1,1498.0,20.14,650000.0
Honda,City,2018,60000.0,Diesel,Manual,1,1498.0,25.6,1031000.0
Hyundai,EON,2018,70000.0,Petrol,Manual,1,998.0,20.3,330000.0
Hyundai,Santro,2019,4000.0,Petrol,Manual,1,1086.0,20.3,399000.0
Hyundai,i10,2012,103000.0,Petrol,Manual,1,1197.0,20.36,250000.0
Hyundai,Grand,2017,20000.0,Diesel,Manual,1,1186.0,24.0,600000.0
Maruti,Swift,2013,77000.0,Diesel,Manual,1,1248.0,22.9,375000.0
Volkswagen,Vento,2012,90000.0,Diesel,Manual,1,1598.0,20.54,375000.0
Hyundai,Verna,2013,87185.0,Diesel,Manual,2,1582.0,22.32,445000.0
Maruti,Wagon,2003,167000.0,Petrol,Manual,2,998.0,18.9,55000.0
Hyundai,i20,2016,77000.0,Diesel,Manual,1,1396.0,22.54,611000.0
Hyundai,Verna,2014,110000.0,Diesel,Manual,2,1396.0,24.8,459999.0
Ford,Fiesta,2011,120000.0,Diesel,Manual,2,1399.0,17.8,275000.0
Hyundai,Santro,2011,170000.0,CNG,Manual,1,1086.0,11.88,185000.0
Hyundai,Verna,2012,100000.0,Diesel,Manual,2,1582.0,22.32,390000.0
Chevrolet,Spark,2007,40000.0,Petrol,Manual,2,995.0,18.0,72000.0
Tata,Indica,2007,50000.0,Diesel,Manual,1,1396.0,17.88,90000.0
Toyota,Etios,2015,125000.0,Diesel,Manual,1,1364.0,23.59,500000.0
Maruti,Wagon,2011,137000.0,CNG,Manual,1,998.0,26.2,200000.0
Mahindra,XUV500,2019,18000.0,Diesel,Manual,1,2179.0,15.1,1575000.0
Hyundai,Grand,2015,30000.0,Petrol,Manual,1,1197.0,18.9,511000.0
Fiat,Grande,2009,55000.0,Petrol,Manual,1,1368.0,14.6,150000.0
Toyota,Innova,2020,40000.0,Petrol,Automatic,1,2694.0,10.75,1500000.0
Maruti,Alto,2013,80000.0,Petrol,Manual,2,796.0,22.74,185000.0
Maruti,Baleno,2018,30000.0,Petrol,Manual,1,1197.0,21.4,550000.0
Maruti,Alto,2017,3564.0,Petrol,Manual,1,998.0,23.95,325000.0
Maruti,Swift,2015,80000.0,Diesel,Manual,1,1248.0,26.59,525000.0
Force,One,2018,13000.0,Diesel,Manual,1,2200.0,17.0,1050000.0
Tata,Indigo,2012,120000.0,Diesel,Manual,1,1396.0,25.0,300000.0
Chevrolet,Beat,2011,90000.0,Petrol,Manual,1,1199.0,18.6,120000.0
Jaguar,XE,2017,9000.0,Diesel,Automatic,1,1999.0,13.6,2625000.0
Lexus,ES,2019,20000.0,Petrol,Automatic,1,2487.0,22.37,5150000.0
Jaguar,XF,2017,45000.0,Diesel,Automatic,1,1999.0,19.33,3200000.0
Tata,Safari,2015,110000.0,Diesel,Manual,1,2179.0,14.1,503000.0
Volvo,XC40,2019,20000.0,Diesel,Automatic,1,1969.0,18.0,3800000.0
Toyota,Camry,2016,68089.0,Petrol,Automatic,1,2494.0,19.16,2000000.0
Maruti,Wagon,2013,58343.0,Petrol,Manual,1,998.0,21.79,225000.0
Maruti,Baleno,2018,38817.0,Diesel,Manual,1,1248.0,27.39,740000.0
Honda,Jazz,2016,56494.0,Petrol,Manual,1,1199.0,18.2,550000.0
Toyota,Innova,2013,79328.0,Diesel,Manual,2,2494.0,12.99,750000.0
Maruti,Swift,2019,5621.0,Petrol,Automatic,1,1197.0,22.0,650000.0
Toyota,Etios,2017,25538.0,Petrol,Manual,1,1496.0,16.78,625000.0
Maruti,Swift,2018,69779.0,Petrol,Automatic,1,1197.0,22.0,600000.0
Hyundai,Grand,2017,56290.0,Diesel,Manual,1,1186.0,24.0,450000.0
BMW,X4,2019,7500.0,Diesel,Automatic,1,1995.0,16.78,5400000.0
BMW,X4,2019,8500.0,Diesel,Automatic,1,1995.0,16.78,5500000.0
Honda,Amaze,2019,7032.0,Petrol,Automatic,1,1199.0,19.0,779000.0
Skoda,Rapid,2016,11000.0,Petrol,Automatic,1,1598.0,14.3,645000.0
Volvo,V40,2018,2000.0,Diesel,Automatic,1,1984.0,16.8,2475000.0
Hyundai,Santro,2011,50000.0,Petrol,Manual,3,1086.0,17.92,170000.0
Tata,Indigo,2010,42000.0,Diesel,Manual,1,1396.0,23.03,320000.0
Maruti,Celerio,2016,17000.0,Petrol,Automatic,1,998.0,23.1,350000.0
Maruti,Swift,2018,40000.0,Petrol,Automatic,1,1197.0,22.0,500000.0
Tata,Indigo,2009,137000.0,Diesel,Manual,2,1405.0,17.0,135000.0
Renault,KWID,2018,20000.0,Petrol,Manual,1,799.0,25.17,340000.0
Hyundai,Grand,2020,70000.0,Petrol,Manual,2,1197.0,18.9,330000.0
Maruti,SX4,2011,48756.0,Petrol,Manual,2,1586.0,15.5,350000.0
Toyota,Fortuner,2015,30000.0,Diesel,Automatic,2,2982.0,12.55,1850000.0
Hyundai,Xcent,2016,110000.0,Diesel,Manual,1,1120.0,24.4,400000.0
Ford,Fiesta,2014,80322.0,Diesel,Manual,1,1399.0,17.8,325000.0
Mahindra,Scorpio,2015,35000.0,Diesel,Manual,1,1997.0,15.4,1000000.0
Mahindra,Scorpio,2017,110000.0,Diesel,Manual,1,2523.0,15.4,850000.0
Maruti,SX4,2012,70000.0,Diesel,Manual,2,1248.0,21.5,350000.0
Jaguar,XE,2017,9000.0,Diesel,Automatic,1,1999.0,13.6,2625000.0
Lexus,ES,2019,20000.0,Petrol,Automatic,1,2487.0,22.37,5150000.0
Jaguar,XF,2017,45000.0,Diesel,Automatic,1,1999.0,19.33,3200000.0
Tata,Safari,2015,110000.0,Diesel,Manual,1,2179.0,14.1,503000.0
Volvo,XC40,2019,20000.0,Diesel,Automatic,1,1969.0,18.0,3800000.0
Toyota,Camry,2016,68089.0,Petrol,Automatic,1,2494.0,19.16,2000000.0
Maruti,Wagon,2013,58343.0,Petrol,Manual,1,998.0,21.79,225000.0
Maruti,Baleno,2018,38817.0,Diesel,Manual,1,1248.0,27.39,740000.0
Honda,Jazz,2016,56494.0,Petrol,Manual,1,1199.0,18.2,550000.0
Toyota,Innova,2013,79328.0,Diesel,Manual,2,2494.0,12.99,750000.0
Maruti,Swift,2019,5621.0,Petrol,Automatic,1,1197.0,22.0,650000.0
Toyota,Etios,2017,25538.0,Petrol,Manual,1,1496.0,16.78,625000.0
Maruti,Swift,2018,69779.0,Petrol,Automatic,1,1197.0,22.0,600000.0
Hyundai,Grand,2017,56290.0,Diesel,Manual,1,1186.0,24.0,450000.0
BMW,X4,2019,7500.0,Diesel,Automatic,1,1995.0,16.78,5400000.0
BMW,X4,2019,8500.0,Diesel,Automatic,1,1995.0,16.78,5500000.0
Honda,Amaze,2019,7032.0,Petrol,Automatic,1,1199.0,19.0,779000.0
Skoda,Rapid,2016,11000.0,Petrol,Automatic,1,1598.0,14.3,645000.0
Volvo,V40,2018,2000.0,Diesel,Automatic,1,1984.0,16.8,2475000.0
Toyota,Etios,2012,90000.0,Diesel,Manual,1,2494.0,12.99,500000.0
Honda,Mobilio,2015,120000.0,Diesel,Manual,2,1498.0,24.5,550000.0
Tata,Safari,2015,60000.0,Diesel,Manual,1,2179.0,14.0,925000.0
Mahindra,Scorpio,2010,97000.0,Diesel,Automatic,2,2179.0,11.79,509999.0
Mahindra,Xylo,2011,100000.0,Diesel,Manual,2,2489.0,13.0,250000.0
Hyundai,i20,2015,36000.0,Petrol,Manual,1,1197.0,17.19,500000.0
Hyundai,Creta,2019,27000.0,Diesel,Manual,1,1396.0,21.38,1050000.0
Maruti,Swift,2014,50000.0,Diesel,Manual,1,1248.0,23.4,490000.0
Maruti,Eeco,2020,15000.0,Petrol,Manual,1,1196.0,15.37,415000.0
Maruti,Alto,2013,60000.0,Petrol,Manual,2,796.0,22.74,190000.0
Maruti,Swift,2018,120000.0,Diesel,Manual,1,1248.0,28.4,680000.0
Maruti,Alto,2013,60000.0,Petrol,Manual,2,796.0,22.74,190000.0
Mahindra,Scorpio,2013,173000.0,Diesel,Manual,1,2179.0,12.05,479000.0
Maruti,Alto,2016,60000.0,Petrol,Manual,2,796.0,22.74,270000.0
Hyundai,i10,2008,70000.0,Petrol,Manual,3,1086.0,19.81,170000.0
Maruti,Ciaz,2018,25000.0,Petrol,Manual,1,1373.0,20.73,764000.0
Mahindra,Bolero,2019,30000.0,Diesel,Manual,1,2523.0,15.96,710000.0
Maruti,Alto,2017,35000.0,Petrol,Manual,1,796.0,24.7,310000.0
Mahindra,Bolero,2017,100000.0,Diesel,Manual,2,1493.0,16.5,620000.0
Hyundai,EON,2017,31000.0,Petrol,Manual,2,814.0,21.1,280000.0
Toyota,Fortuner,2015,80000.0,Diesel,Automatic,2,2982.0,12.55,1500000.0
Hyundai,Grand,2016,40000.0,Petrol,Manual,1,1197.0,18.9,450000.0
Mercedes-Benz,GLA,2017,10000.0,Diesel,Automatic,2,2143.0,17.9,2199000.0
Mercedes-Benz,M-Class,2013,50000.0,Diesel,Automatic,1,2987.0,11.74,3600000.0
Ford,Fiesta,2008,60000.0,Petrol,Manual,2,1596.0,15.3,285000.0
Toyota,Innova,2007,210000.0,Diesel,Manual,2,2494.0,12.8,465000.0
BMW,3,2009,60000.0,Diesel,Automatic,2,1995.0,16.07,1100000.0
Volkswagen,Vento,2011,110000.0,Diesel,Manual,2,1598.0,20.54,350000.0
Maruti,Ertiga,2017,35000.0,Petrol,Manual,1,1373.0,17.5,600000.0
Maruti,Baleno,2017,35000.0,Petrol,Manual,1,1197.0,21.4,570000.0
Maruti,Alto,2016,20000.0,Petrol,Manual,1,998.0,23.95,325000.0
Mahindra,XUV500,2016,54000.0,Diesel,Automatic,1,1997.0,16.0,975000.0
Hyundai,i20,2015,60000.0,Petrol,Manual,1,1197.0,18.6,480000.0
Maruti,Alto,2014,10300.0,Petrol,Manual,1,796.0,22.74,185000.0
Hyundai,Creta,2015,50000.0,Diesel,Automatic,1,1582.0,17.01,1050000.0
Maruti,Baleno,2019,3000.0,Petrol,Manual,1,1197.0,21.01,760000.0
Volkswagen,Polo,2019,5000.0,Petrol,Manual,1,999.0,18.78,570000.0
Ford,Fiesta,2006,145000.0,Petrol,Manual,1,1497.0,20.0,130000.0
Maruti,Baleno,2018,13000.0,Petrol,Manual,1,1197.0,21.4,700000.0
Ford,EcoSport,2015,30000.0,Petrol,Automatic,1,1499.0,15.63,775000.0
BMW,7,2007,60000.0,Diesel,Automatic,2,2993.0,14.49,750000.0
Chevrolet,Spark,2010,100000.0,Petrol,Manual,2,995.0,18.0,140000.0
Maruti,Alto,2016,40000.0,Petrol,Manual,1,796.0,22.74,220000.0
Hyundai,Santro,2013,15000.0,Petrol,Manual,1,1086.0,0.0,184000.0
Toyota,Qualis,2002,275000.0,Diesel,Manual,4,2494.0,12.99,210000.0
Hyundai,i20,2017,50000.0,Petrol,Manual,2,1197.0,18.6,440000.0
Hyundai,i20,2017,80000.0,Diesel,Manual,1,1396.0,21.19,650000.0
Mahindra,TUV,2017,50000.0,Diesel,Automatic,1,1493.0,18.49,660000.0
Maruti,Eeco,2017,30000.0,CNG,Manual,1,1196.0,21.94,380000.0
Toyota,Corolla,2012,125000.0,Diesel,Manual,2,1364.0,21.43,415000.0
Hyundai,i10,2012,110000.0,Petrol,Manual,1,1086.0,19.81,225000.0
Maruti,Ertiga,2013,30000.0,Diesel,Manual,2,1248.0,20.77,600000.0
Maruti,Ertiga,2014,148000.0,Diesel,Manual,2,1248.0,20.77,620000.0
Mahindra,TUV,2016,35000.0,Diesel,Manual,1,1493.0,18.49,750000.0
Hyundai,Grand,2016,80000.0,Petrol,Manual,2,1197.0,18.9,400000.0
Maruti,Wagon,2005,110000.0,Petrol,Manual,1,998.0,18.9,110000.0
Tata,Indica,2012,95000.0,Diesel,Manual,2,1405.0,19.4,119000.0
Honda,Amaze,2015,25000.0,Diesel,Manual,1,1498.0,25.8,600000.0
Maruti,Zen,2011,80000.0,CNG,Manual,1,998.0,26.3,200000.0
Tata,Zest,2014,60000.0,Diesel,Manual,2,1248.0,23.0,280000.0
Skoda,Rapid,2013,100000.0,Petrol,Manual,1,1598.0,15.0,375000.0
Datsun,GO,2016,50000.0,Petrol,Manual,1,1198.0,19.44,350000.0
Hyundai,Xcent,2017,31000.0,Diesel,Manual,1,1186.0,25.4,620000.0
Maruti,Swift,2017,120000.0,Diesel,Manual,1,1248.0,26.59,570000.0
Maruti,Swift,2012,105000.0,Diesel,Manual,2,1248.0,19.3,290000.0
Maruti,Ertiga,2016,120000.0,Diesel,Manual,1,1248.0,24.52,711000.0
Maruti,Swift,2012,60000.0,Diesel,Manual,1,1248.0,22.9,370000.0
Maruti,Dzire,2020,15000.0,Petrol,Manual,1,1197.0,23.26,550000.0
Maruti,Swift,2013,150000.0,Petrol,Manual,2,1197.0,18.6,325000.0
Honda,Amaze,2018,93000.0,Diesel,Manual,1,1498.0,27.4,670000.0
Hyundai,i10,2017,42000.0,Petrol,Manual,2,1086.0,19.81,385000.0
Hyundai,Santro,2008,80000.0,Petrol,Manual,2,1086.0,17.92,114999.0
Hyundai,Santro,2010,90000.0,Petrol,Manual,1,1086.0,17.92,200000.0
Maruti,Vitara,2019,6500.0,Diesel,Automatic,1,1248.0,24.3,860000.0
Maruti,Baleno,2018,60000.0,Diesel,Manual,1,1248.0,27.39,600000.0
Maruti,Alto,2016,110000.0,Petrol,Manual,1,998.0,23.95,265000.0
Tata,Indica,2015,60000.0,CNG,Manual,2,1193.0,23.7,155000.0
Maruti,S-Cross,2019,60000.0,Diesel,Manual,1,1248.0,25.1,900000.0
Maruti,Ertiga,2013,170000.0,Diesel,Manual,3,1248.0,20.77,650000.0
Maruti,800,2004,220000.0,Petrol,Manual,2,796.0,16.1,70000.0
Maruti,Alto,2012,80000.0,Petrol,Manual,1,796.0,22.74,180000.0
Hyundai,EON,2013,57000.0,Petrol,Manual,1,814.0,21.1,200000.0
Hyundai,i10,2014,100000.0,Petrol,Manual,1,1086.0,19.81,300000.0
Hyundai,Verna,2015,40000.0,Petrol,Manual,1,1591.0,17.01,650000.0
Maruti,Alto,2014,40000.0,Petrol,Manual,1,796.0,22.74,267000.0
Maruti,Wagon,2018,50000.0,CNG,Manual,1,998.0,26.6,450000.0
Hyundai,Grand,2014,90000.0,Petrol,Manual,2,1197.0,18.9,400000.0
Mahindra,Xylo,2012,86000.0,Diesel,Manual,1,2498.0,14.0,310000.0
Tata,Nano,2009,15000.0,Petrol,Manual,1,624.0,26.0,70000.0
Mahindra,Bolero,2017,70000.0,Diesel,Manual,2,2523.0,15.96,675000.0
Ford,Classic,2013,120000.0,Petrol,Manual,1,1596.0,14.09,350000.0
Maruti,Alto,2014,80000.0,Petrol,Manual,2,998.0,23.95,240000.0
Tata,Indigo,2014,80000.0,Diesel,Manual,2,1405.0,19.09,185000.0
Hyundai,EON,2017,50000.0,Petrol,Manual,1,814.0,21.1,250000.0
Maruti,Alto,2009,100000.0,Petrol,Manual,1,796.0,19.7,135000.0
Hyundai,Verna,2011,80000.0,Diesel,Manual,1,1582.0,22.32,500000.0
Tata,New,2010,108957.0,Diesel,Manual,1,2179.0,13.93,300000.0
Tata,Tiago,2017,68000.0,Petrol,Manual,2,1199.0,23.84,328000.0
Mahindra,Bolero,2015,65000.0,Diesel,Manual,1,2523.0,15.96,509999.0
Mahindra,Xylo,2015,110000.0,Diesel,Manual,2,2179.0,14.02,575000.0
Mahindra,Xylo,2012,50000.0,Diesel,Manual,1,2498.0,12.2,700000.0
Maruti,Wagon,2008,100000.0,Petrol,Manual,3,1061.0,18.9,105000.0
Maruti,800,2008,80000.0,Petrol,Manual,2,796.0,16.1,60000.0
Maruti,Alto,2008,80000.0,Petrol,Manual,3,796.0,19.7,112999.0
Tata,Indica,2015,120000.0,Diesel,Manual,2,1405.0,19.1,229999.0
Ford,Figo,2012,150000.0,Diesel,Manual,1,1399.0,20.0,325000.0
Hyundai,i20,2017,20000.0,Petrol,Manual,1,1197.0,18.6,650000.0
Tata,Indigo,2009,80000.0,Diesel,Manual,2,1405.0,17.0,85000.0
Honda,Mobilio,2015,93000.0,Diesel,Manual,2,1498.0,24.5,570000.0
Maruti,Swift,2015,134000.0,Diesel,Manual,1,1248.0,25.2,525000.0
Hyundai,i20,2013,90000.0,Petrol,Manual,2,1197.0,18.5,350000.0
Maruti,Swift,2007,60000.0,Petrol,Manual,1,1197.0,16.6,250000.0
Mahindra,Xylo,2010,120000.0,Diesel,Manual,2,2489.0,14.0,300000.0
Jeep,Compass,2017,30000.0,Diesel,Manual,1,1956.0,17.1,1325000.0
Hyundai,i20,2017,22200.0,Diesel,Manual,1,1396.0,22.54,650000.0
Hyundai,Grand,2018,6000.0,Petrol,Manual,1,1197.0,18.9,520000.0
Maruti,Swift,2016,32000.0,Petrol,Manual,1,1197.0,20.4,500000.0
Renault,KWID,2016,90000.0,Petrol,Manual,1,799.0,25.17,220000.0
Maruti,Ciaz,2017,78000.0,Diesel,Manual,3,1248.0,28.09,650000.0
Honda,WR-V,2017,12000.0,Petrol,Manual,1,1199.0,17.5,819999.0
Renault,Duster,2016,120000.0,Diesel,Manual,1,1461.0,19.87,645000.0
Maruti,Ertiga,2015,40000.0,Diesel,Manual,1,1248.0,24.52,780000.0
Honda,City,2008,110000.0,Petrol,Manual,2,1497.0,17.7,215000.0
Toyota,Innova,2007,260000.0,Diesel,Manual,3,2494.0,12.8,600000.0
Maruti,Alto,2011,10000.0,Petrol,Manual,1,796.0,19.7,114999.0
Tata,Indica,2012,12000.0,Petrol,Manual,1,1193.0,16.84,75000.0
Chevrolet,Beat,2011,60000.0,Petrol,Manual,1,1199.0,18.6,120000.0
Renault,KWID,2016,41000.0,Petrol,Manual,1,799.0,25.17,250000.0
Maruti,Omni,2018,25000.0,Petrol,Manual,1,796.0,16.8,200000.0
Hyundai,Xcent,2015,30000.0,Petrol,Manual,1,1197.0,19.1,380000.0
Honda,Amaze,2018,50000.0,Diesel,Manual,1,1498.0,25.8,560000.0
Maruti,Ignis,2018,10000.0,Petrol,Manual,1,1197.0,20.89,575000.0
Mahindra,Bolero,2017,40000.0,Diesel,Manual,1,1493.0,16.5,620000.0
Mahindra,Scorpio,2012,120000.0,Diesel,Manual,1,2179.0,12.05,525000.0
Maruti,Swift,2017,40000.0,Diesel,Manual,1,1248.0,26.59,635000.0
Renault,Duster,2016,80000.0,Diesel,Manual,1,1461.0,19.72,650000.0
Maruti,800,2001,42108.0,Petrol,Manual,1,796.0,16.1,39000.0
Ford,Figo,2017,70000.0,Diesel,Manual,2,1498.0,25.83,550000.0
Maruti,Ritz,2009,150000.0,Diesel,Manual,3,1248.0,21.1,145000.0
Tata,Indigo,2007,100000.0,Diesel,Manual,3,1405.0,16.1,130000.0
Maruti,Ertiga,2017,79000.0,Diesel,Manual,1,1248.0,25.47,825000.0
Toyota,Fortuner,2015,91000.0,Diesel,Automatic,2,2982.0,12.55,1650000.0
Maruti,Vitara,2018,50000.0,Diesel,Manual,1,1248.0,24.3,875000.0
Maruti,Ciaz,2016,81000.0,Diesel,Manual,2,1248.0,28.09,650000.0
Jaguar,XF,2014,51000.0,Diesel,Automatic,1,2993.0,14.74,2000000.0
BMW,X1,2018,27000.0,Diesel,Automatic,1,1995.0,17.05,2850000.0
Audi,Q3,2018,26000.0,Diesel,Automatic,1,1968.0,15.73,2800000.0
BMW,5,2018,17100.0,Diesel,Automatic,1,1995.0,22.48,3900000.0
Chevrolet,Sail,2013,56000.0,Diesel,Manual,1,1248.0,22.1,246000.0
Honda,Amaze,2013,60000.0,Diesel,Manual,2,1498.0,24.7,325000.0
Jeep,Compass,2019,22000.0,Petrol,Automatic,1,1368.0,16.0,1450000.0
Honda,BRV,2017,30000.0,Petrol,Automatic,1,1497.0,15.4,850000.0
Volkswagen,Vento,2015,43001.0,Diesel,Manual,1,1498.0,22.27,560000.0
Maruti,Ertiga,2015,60000.0,Diesel,Manual,1,1248.0,25.47,575000.0
Maruti,Celerio,2019,9000.0,Petrol,Automatic,1,998.0,21.63,470000.0
Tata,Indigo,2014,65000.0,Diesel,Manual,1,1405.0,19.09,221000.0
Toyota,Innova,2014,95000.0,Diesel,Manual,1,2494.0,12.99,680000.0
Ford,Endeavour,2013,62000.0,Diesel,Manual,1,2499.0,13.1,700000.0
Volvo,S60,2016,48000.0,Diesel,Automatic,1,1984.0,9.0,1950000.0
Hyundai,Creta,2015,72000.0,Diesel,Automatic,1,1582.0,17.01,875000.0
Hyundai,Verna,2017,35000.0,Diesel,Manual,3,1582.0,22.0,850000.0
Renault,Duster,2013,100600.0,Diesel,Manual,3,1461.0,20.46,550000.0
Maruti,Swift,2013,105000.0,Diesel,Manual,3,1248.0,23.4,480000.0
Mahindra,Scorpio,2017,90000.0,Diesel,Manual,1,2179.0,15.4,1050000.0
Mahindra,Bolero,2016,92385.0,Diesel,Manual,1,2523.0,15.96,631000.0
Tata,Nano,2015,25000.0,Petrol,Manual,1,624.0,25.4,165000.0
Maruti,Ritz,2010,60000.0,Petrol,Manual,2,1197.0,21.1,320000.0
Maruti,Ritz,2012,100000.0,Petrol,Manual,2,1197.0,18.5,360000.0
Hyundai,Santro,2004,100000.0,Petrol,Automatic,2,1197.0,19.81,130000.0
Hyundai,Elantra,2006,25000.0,Petrol,Manual,3,1795.0,13.0,175000.0
Hyundai,i20,2016,120000.0,Diesel,Manual,1,1396.0,22.54,725000.0
Fiat,Linea,2014,185000.0,Diesel,Manual,3,1248.0,19.5,280000.0
Volkswagen,Polo,2011,134000.0,Diesel,Manual,2,1199.0,22.07,325000.0
Ford,Figo,2014,120000.0,Diesel,Manual,3,1399.0,20.0,320000.0
Hyundai,Grand,2018,120000.0,Petrol,Manual,1,1197.0,18.9,500000.0
Mahindra,XUV500,2014,165000.0,Diesel,Manual,2,2179.0,15.1,825000.0
Maruti,Ritz,2016,120000.0,Diesel,Manual,3,1248.0,23.2,350000.0
Hyundai,i20,2011,89000.0,Diesel,Manual,1,1396.0,23.0,470000.0
Mahindra,Renault,2009,120000.0,Diesel,Manual,3,1461.0,19.2,125000.0
Hyundai,Elantra,2006,120000.0,Petrol,Automatic,1,1795.0,13.1,140000.0
Honda,Amaze,2013,50000.0,Diesel,Manual,1,1498.0,25.8,484999.0
Maruti,Alto,2018,15000.0,Petrol,Manual,1,796.0,24.7,308000.0
Hyundai,Grand,2019,13000.0,Petrol,Manual,1,1197.0,18.9,570000.0
Toyota,Fortuner,2010,240000.0,Diesel,Manual,1,2982.0,11.5,900000.0
Jeep,Compass,2017,45000.0,Diesel,Manual,1,1956.0,16.3,1800000.0
Mahindra,Jeep,2005,30000.0,Diesel,Manual,2,2179.0,15.96,400000.0
Maruti,Swift,2018,28000.0,Petrol,Automatic,1,1197.0,21.21,680000.0
Maruti,Swift,2017,70000.0,Diesel,Manual,1,1248.0,28.4,700000.0
Mahindra,Xylo,2011,116000.0,Diesel,Manual,1,2498.0,14.0,240000.0
Hyundai,EON,2014,90000.0,Petrol,Manual,1,814.0,21.1,280000.0
Tata,Indica,2010,120000.0,Diesel,Manual,2,1405.0,17.0,125000.0
Ford,Fiesta,2009,100000.0,Diesel,Manual,3,1497.0,20.0,130000.0
Maruti,Swift,2015,50000.0,Petrol,Manual,2,1197.0,20.4,434999.0
Toyota,Innova,2015,120000.0,Diesel,Manual,1,2494.0,12.99,1050000.0
Volvo,V40,2013,72500.0,Diesel,Automatic,2,1984.0,23.3,1200000.0
Volkswagen,Vento,2013,120000.0,Diesel,Manual,2,1598.0,20.54,400000.0
Mahindra,XUV500,2014,120000.0,Diesel,Manual,1,2179.0,15.1,850000.0
Hyundai,i20,2014,83000.0,Diesel,Manual,2,1396.0,22.54,475000.0
Ford,Ikon,2003,40000.0,Petrol,Manual,3,1597.0,14.2,150000.0
Toyota,Fortuner,2018,46000.0,Diesel,Manual,1,2755.0,14.24,2900000.0
Toyota,Innova,2015,137000.0,Diesel,Manual,1,2494.0,12.99,1100000.0
Maruti,Alto,2017,25000.0,Petrol,Manual,2,796.0,24.7,285000.0
Hyundai,Grand,2018,50000.0,Diesel,Manual,1,1186.0,24.0,650000.0
Maruti,A-Star,2012,60000.0,Petrol,Manual,1,998.0,19.0,275000.0
Maruti,800,2000,100000.0,Petrol,Manual,2,796.0,16.1,60000.0
Mahindra,Logan,2011,105000.0,Diesel,Manual,2,1461.0,19.2,229999.0
Maruti,Alto,2015,20000.0,Petrol,Manual,1,998.0,23.95,300000.0
Maruti,Ertiga,2016,50000.0,Diesel,Manual,1,1248.0,24.52,940000.0
Maruti,Ciaz,2015,120000.0,Diesel,Manual,2,1248.0,26.21,600000.0
Maruti,Baleno,2017,70000.0,Diesel,Manual,1,1248.0,27.39,800000.0
Nissan,Sunny,2017,90000.0,Diesel,Manual,2,1461.0,22.71,580000.0
Tata,Tigor,2018,75000.0,Petrol,Manual,1,1199.0,20.3,450000.0
Chevrolet,Optra,2011,82500.0,Diesel,Manual,2,1991.0,16.52,290000.0
Honda,Amaze,2014,110000.0,Diesel,Manual,1,1498.0,25.8,530000.0
Hyundai,Verna,2019,20000.0,Diesel,Manual,1,1396.0,24.0,960000.0
Honda,City,2009,110000.0,Petrol,Manual,3,1497.0,17.0,290000.0
Mitsubishi,Lancer,2008,100000.0,Diesel,Manual,1,1998.0,14.8,160000.0
Maruti,Celerio,2017,52000.0,Petrol,Manual,1,998.0,21.63,400000.0
Maruti,Vitara,2017,90000.0,Diesel,Manual,1,1248.0,24.3,700000.0
Volkswagen,Vento,2012,90000.0,Diesel,Manual,1,1598.0,20.54,361000.0
Hyundai,i20,2013,53000.0,Diesel,Manual,2,1396.0,21.9,390000.0
Tata,Indica,2012,180000.0,Diesel,Manual,1,1248.0,18.4,200000.0
Hyundai,i20,2013,53000.0,Diesel,Manual,2,1396.0,21.9,390000.0
Maruti,Swift,2013,53000.0,Diesel,Manual,1,1248.0,22.9,500000.0
Maruti,Alto,2011,50600.0,Petrol,Manual,1,796.0,19.7,200000.0
Tata,Safari,2015,110000.0,Diesel,Manual,1,2179.0,14.1,503000.0
Maruti,Vitara,2017,32000.0,Diesel,Manual,1,1248.0,24.3,775000.0
Maruti,Vitara,2018,5000.0,Diesel,Manual,1,1248.0,24.3,750000.0
Hyundai,i20,2018,25000.0,Petrol,Manual,1,1197.0,18.6,570000.0
Honda,Jazz,2016,30000.0,Petrol,Manual,1,1199.0,18.7,484999.0
Honda,BR-V,2017,43000.0,Petrol,Manual,1,1497.0,15.4,700000.0
Hyundai,Verna,2012,60000.0,Petrol,Manual,1,1497.0,17.7,415000.0
Ford,EcoSport,2014,54000.0,Diesel,Manual,1,1498.0,23.0,484999.0
Maruti,SX4,2016,52000.0,Diesel,Manual,1,1248.0,23.65,675000.0
Ford,EcoSport,2015,50000.0,Petrol,Manual,1,1499.0,15.85,680000.0
Maruti,Alto,2013,52000.0,Petrol,Manual,1,796.0,24.7,235000.0
Mahindra,XUV500,2018,15000.0,Diesel,Manual,1,2179.0,15.1,1700000.0
Mahindra,XUV500,2015,50000.0,Diesel,Automatic,2,2179.0,16.0,1200000.0
Honda,City,2014,56000.0,Diesel,Manual,2,1498.0,25.1,630000.0
Ford,Figo,2018,82000.0,Diesel,Manual,1,1498.0,25.83,640000.0
Hyundai,Xcent,2014,121000.0,Petrol,Manual,1,1197.0,19.1,355000.0
Mahindra,Scorpio,2012,101903.0,Diesel,Manual,2,2179.0,12.05,560000.0
Maruti,Swift,2018,120000.0,Diesel,Manual,1,1248.0,23.4,580000.0
Ford,Figo,2010,85568.0,Diesel,Manual,1,1399.0,18.5,185000.0
Maruti,Baleno,2019,10000.0,Petrol,Automatic,1,1197.0,21.4,660000.0
Hyundai,EON,2014,10000.0,Petrol,Manual,1,998.0,20.3,220000.0
Hyundai,Santro,2007,60000.0,Petrol,Manual,4,1086.0,17.92,150000.0
Mahindra,Scorpio,2011,80000.0,Diesel,Manual,2,2179.0,13.5,484999.0
Maruti,Swift,2019,10000.0,Petrol,Manual,1,1197.0,21.21,509999.0
Mahindra,Bolero,2014,60000.0,Diesel,Manual,1,2523.0,15.96,515000.0
Mercedes-Benz,B,2014,42000.0,Petrol,Automatic,1,1595.0,11.9,1250000.0
Chevrolet,Enjoy,2014,50000.0,Diesel,Manual,4,1248.0,18.2,350000.0
Maruti,Alto,2018,11500.0,Petrol,Manual,1,998.0,23.95,375000.0
Hyundai,Creta,2019,15000.0,Diesel,Manual,1,1396.0,22.1,950000.0
Maruti,Swift,2015,32000.0,Diesel,Manual,1,1248.0,26.59,615000.0
Maruti,Swift,2011,50000.0,Petrol,Manual,1,1197.0,18.6,275000.0
BMW,X7,2020,5000.0,Diesel,Automatic,1,2993.0,13.38,7200000.0
Maruti,Eeco,2017,10000.0,Petrol,Manual,1,1196.0,15.37,400000.0
Maruti,S-Cross,2019,15000.0,Diesel,Manual,1,1248.0,25.1,930000.0
Maruti,Swift,2012,100000.0,Petrol,Manual,1,1197.0,19.1,310000.0
Toyota,Etios,2012,120000.0,Diesel,Manual,1,2494.0,12.99,320000.0
Toyota,Innova,2016,25000.0,Diesel,Manual,2,2393.0,13.68,1670000.0
Maruti,Swift,2013,70000.0,Diesel,Manual,2,1248.0,23.4,356000.0
Honda,City,2013,32000.0,Petrol,Manual,1,1497.0,16.8,500000.0
Tata,Tiago,2018,35000.0,Petrol,Manual,2,1199.0,23.84,409999.0
Maruti,Vitara,2019,50000.0,Diesel,Manual,1,1248.0,24.3,980000.0
Mahindra,Bolero,2005,100000.0,Diesel,Manual,2,2523.0,13.6,150000.0
Honda,Jazz,2019,3100.0,Petrol,Automatic,1,1199.0,18.2,750000.0
Skoda,Superb,2013,60000.0,Petrol,Automatic,1,1798.0,13.7,500000.0
Maruti,Swift,2013,170000.0,Diesel,Manual,1,1248.0,22.9,355000.0
Tata,Indica,2011,50000.0,Diesel,Manual,2,1405.0,17.0,200000.0
Toyota,Innova,2008,120000.0,Diesel,Manual,2,2494.0,12.8,370000.0
Hyundai,Xcent,2015,20000.0,Petrol,Manual,1,1197.0,19.1,450000.0
Hyundai,Grand,2015,10000.0,Petrol,Manual,1,1197.0,18.9,486000.0
Maruti,SX4,2011,120000.0,Diesel,Manual,1,1248.0,21.5,242000.0
Hyundai,Grand,2018,25000.0,Petrol,Manual,1,1197.0,18.9,580000.0
Ford,EcoSport,2014,130000.0,Diesel,Manual,2,1498.0,22.77,500000.0
Toyota,Premio,2004,120000.0,Petrol,Manual,2,2494.0,12.99,170000.0
Mahindra,Quanto,2013,40000.0,Diesel,Manual,1,1493.0,17.21,300000.0
Mahindra,Thar,2016,60000.0,Diesel,Manual,1,2523.0,18.06,710000.0
Skoda,Fabia,2012,70000.0,Diesel,Manual,3,1199.0,20.86,220000.0
Maruti,Swift,2020,1000.0,Petrol,Automatic,1,1197.0,21.21,654000.0
Skoda,Rapid,2019,10000.0,Petrol,Automatic,1,1598.0,14.84,835000.0
Ford,Fiesta,2010,47000.0,Petrol,Manual,1,1596.0,15.3,250000.0
Maruti,Swift,2019,18000.0,Petrol,Manual,1,1197.0,21.21,600000.0
Maruti,Swift,2016,60000.0,Petrol,Manual,1,1197.0,20.85,459999.0
Renault,KWID,2018,20000.0,Petrol,Manual,1,999.0,23.01,275000.0
Ford,Figo,2017,60000.0,Petrol,Manual,1,1196.0,18.16,408000.0
Mahindra,XUV500,2018,25000.0,Diesel,Manual,1,2179.0,15.1,1200000.0
Hyundai,Xcent,2014,52000.0,Petrol,Manual,1,1197.0,19.1,375000.0
Maruti,Alto,2006,44000.0,Petrol,Manual,1,796.0,19.7,94500.0
Volkswagen,Polo,2011,17000.0,Petrol,Manual,1,1198.0,16.47,300000.0
Honda,City,2009,35000.0,Petrol,Manual,1,1497.0,17.0,350000.0
Toyota,Fortuner,2011,120000.0,Diesel,Manual,3,2982.0,11.5,975000.0
Hyundai,i20,2015,100000.0,Petrol,Manual,1,1197.0,18.6,600000.0
Toyota,Innova,2014,300000.0,Diesel,Manual,2,2494.0,12.99,700000.0
Mahindra,Bolero,2017,90000.0,Diesel,Manual,1,1493.0,16.5,640000.0
Hyundai,Creta,2017,186000.0,Diesel,Manual,1,1582.0,19.67,1110000.0
Maruti,Ertiga,2014,79000.0,Diesel,Manual,2,1248.0,20.77,570000.0
Toyota,Innova,2010,120000.0,Diesel,Manual,1,2494.0,12.8,451999.0
Renault,KWID,2016,59300.0,Petrol,Manual,1,799.0,25.17,240000.0
Mahindra,Scorpio,2014,120000.0,Diesel,Manual,1,2523.0,15.4,680000.0
Tata,Zest,2015,60000.0,Diesel,Manual,1,1248.0,22.95,350000.0
Volkswagen,Vento,2012,60000.0,Petrol,Manual,3,1598.0,15.04,360000.0
Ford,Figo,2010,80000.0,Petrol,Manual,2,1196.0,15.6,250000.0
Maruti,Swift,2019,11500.0,Petrol,Manual,1,1197.0,21.21,550000.0
Hyundai,EON,2012,56000.0,Petrol,Manual,1,814.0,21.1,180000.0
Honda,Jazz,2016,68000.0,Diesel,Manual,1,1498.0,27.3,425000.0
Tata,Tiago,2019,25000.0,Petrol,Manual,1,1199.0,23.84,409999.0
Tata,Tiago,2018,25000.0,Petrol,Manual,1,1199.0,23.84,438999.0
Nissan,Micra,2014,100000.0,Petrol,Manual,1,1198.0,19.49,225000.0
Mahindra,Bolero,2017,95000.0,Diesel,Manual,1,2523.0,15.96,580000.0
Maruti,Swift,2008,100000.0,Petrol,Manual,1,1298.0,17.5,200000.0
Hyundai,Santro,2006,90000.0,Petrol,Manual,2,1197.0,19.81,75000.0
Fiat,Grande,2013,47000.0,Diesel,Manual,1,1248.0,20.3,250000.0
Maruti,Ritz,2011,175000.0,Diesel,Manual,2,1248.0,21.1,170000.0
Maruti,Swift,2010,60000.0,Petrol,Manual,2,1197.0,17.5,300000.0
Mahindra,Bolero,2005,300000.0,Diesel,Manual,3,2523.0,13.6,160000.0
Maruti,Swift,2014,150000.0,Diesel,Manual,3,1248.0,23.4,409999.0
Hyundai,i20,2012,110000.0,Diesel,Manual,3,1396.0,23.0,350000.0
Renault,KWID,2019,25000.0,Petrol,Manual,1,799.0,25.17,310000.0
Maruti,Alto,2010,95000.0,Petrol,Manual,3,796.0,19.7,135000.0
Maruti,Ritz,2010,100000.0,Diesel,Manual,1,1248.0,21.1,220000.0
Hyundai,Grand,2017,20000.0,Petrol,Manual,1,1197.0,18.9,570000.0
Maruti,Swift,2014,84000.0,Diesel,Manual,1,1248.0,23.4,500000.0
Hyundai,i20,2016,40000.0,Diesel,Manual,1,1396.0,22.54,875000.0
Tata,Indica,2011,100000.0,Diesel,Manual,1,1405.0,19.1,210000.0
Tata,Indica,2011,120000.0,Diesel,Manual,1,1405.0,19.4,210000.0
Hyundai,Santro,2010,80000.0,LPG,Manual,2,1086.0,13.45,200000.0
Maruti,Alto,2011,175000.0,Petrol,Manual,2,796.0,19.7,175000.0
Hyundai,i20,2017,30000.0,Petrol,Manual,1,1197.0,18.6,700000.0
Hyundai,i20,2017,30000.0,Petrol,Manual,1,1197.0,18.6,700000.0
Hyundai,Grand,2019,28000.0,Petrol,Automatic,1,1197.0,18.9,550000.0
Hyundai,Santro,2019,20000.0,Petrol,Manual,2,1086.0,20.3,420000.0
Hyundai,i20,2009,89322.0,Petrol,Manual,2,1197.0,17.0,210000.0
Chevrolet,Beat,2013,76000.0,Diesel,Manual,1,936.0,25.44,175000.0
Maruti,Alto,2012,70000.0,Petrol,Manual,2,796.0,19.7,180000.0
Maruti,Alto,2007,110000.0,Petrol,Manual,2,796.0,19.7,118000.0
Hyundai,Verna,2007,120000.0,Diesel,Manual,2,1493.0,16.8,170000.0
Maruti,Zen,2009,110000.0,Petrol,Manual,2,1061.0,18.2,120000.0
Maruti,Alto,2009,90000.0,Petrol,Manual,3,796.0,19.7,170000.0
Maruti,Swift,2018,60000.0,Diesel,Manual,1,1248.0,28.4,700000.0
Mahindra,Bolero,2014,48300.0,Diesel,Manual,2,2523.0,15.96,500000.0
Maruti,Wagon,2007,63000.0,Petrol,Automatic,3,1061.0,18.9,80000.0
Honda,City,2008,110000.0,Petrol,Manual,2,1497.0,17.7,105000.0
Maruti,Swift,2016,120000.0,Diesel,Manual,3,1248.0,26.59,425000.0
Hyundai,i20,2017,23511.0,Petrol,Manual,1,1197.0,18.6,625000.0
Hyundai,i20,2017,22512.0,Petrol,Manual,1,1197.0,18.6,640000.0
Hyundai,i10,2010,120000.0,Petrol,Manual,1,1197.0,20.36,180000.0
Maruti,Ritz,2009,120000.0,Diesel,Manual,1,1248.0,21.1,155000.0
Maruti,Wagon,2007,100000.0,Petrol,Manual,3,1061.0,18.9,85000.0
Hyundai,i10,2011,70000.0,Petrol,Manual,1,1197.0,20.36,250000.0
Hyundai,Verna,2017,15000.0,Petrol,Automatic,1,1591.0,17.01,1000000.0
Datsun,GO,2016,16500.0,Petrol,Manual,1,1198.0,20.63,350000.0
Maruti,Swift,2018,50000.0,Diesel,Manual,1,1248.0,28.4,740000.0
Datsun,RediGO,2018,19000.0,Petrol,Manual,1,999.0,22.5,300000.0
Volkswagen,Ameo,2017,50000.0,Diesel,Manual,1,1498.0,21.66,550000.0
Mahindra,Bolero,2017,70000.0,Diesel,Manual,1,2523.0,15.96,710000.0
Mahindra,Bolero,2017,70000.0,Diesel,Manual,1,2523.0,15.96,700000.0
Mahindra,Bolero,2016,120000.0,Diesel,Manual,1,2523.0,15.96,550000.0
Hyundai,i10,2015,60000.0,LPG,Manual,1,1086.0,19.2,375000.0
Tata,Safari,2015,60000.0,Diesel,Manual,1,2179.0,13.93,600000.0
Maruti,Swift,2013,76000.0,Diesel,Manual,2,1248.0,22.9,380000.0
Maruti,Ritz,2012,70000.0,Diesel,Manual,1,1248.0,23.2,300000.0
Maruti,800,1998,80000.0,Petrol,Manual,4,796.0,16.1,45000.0
Toyota,Innova,2010,210000.0,Diesel,Manual,2,2494.0,12.8,450000.0
Mahindra,Bolero,2015,128000.0,Diesel,Manual,3,2523.0,15.96,475000.0
Renault,Triber,2019,5000.0,Petrol,Manual,1,999.0,20.0,650000.0
Maruti,Wagon,2011,70000.0,LPG,Manual,1,998.0,26.2,200000.0
Maruti,Swift,2013,85000.0,Diesel,Manual,1,1248.0,22.9,350000.0
Maruti,Vitara,2018,25000.0,Diesel,Automatic,1,1248.0,24.3,911999.0
Maruti,Swift,2018,15000.0,Petrol,Manual,1,1197.0,21.21,650000.0
Maruti,Swift,2012,30000.0,Petrol,Manual,1,1298.0,17.5,350000.0
Maruti,Omni,2016,80000.0,Petrol,Manual,2,796.0,16.8,190000.0
Hyundai,Verna,2019,40000.0,Diesel,Manual,1,1582.0,22.0,1200000.0
Mahindra,Bolero,2013,160000.0,Diesel,Manual,1,2523.0,15.96,305000.0
Hyundai,Creta,2015,108000.0,Diesel,Manual,1,1582.0,19.67,850000.0
Volkswagen,Jetta,2011,120000.0,Diesel,Manual,2,1896.0,15.0,350000.0
Hyundai,Santro,2010,55000.0,Petrol,Manual,4,1086.0,17.92,180000.0
Tata,New,2008,110000.0,Diesel,Manual,1,2179.0,13.93,200000.0
Toyota,Etios,2011,80000.0,Diesel,Manual,1,2494.0,12.99,375000.0
Honda,Brio,2012,110000.0,Petrol,Manual,1,1198.0,19.4,229999.0
Maruti,Wagon,2006,62900.0,Petrol,Manual,1,998.0,18.9,135000.0
Volkswagen,Jetta,2011,120000.0,Diesel,Manual,2,1968.0,19.33,425000.0
Mahindra,XUV500,2016,70000.0,Diesel,Manual,1,2179.0,16.0,1350000.0
Ford,Endeavour,2009,70000.0,Diesel,Manual,3,2499.0,10.9,480000.0
Maruti,Swift,2017,60000.0,Diesel,Manual,1,1248.0,28.4,455000.0
Maruti,Wagon,2015,60000.0,Petrol,Manual,1,998.0,20.51,320000.0
Hyundai,Elite,2019,4000.0,Petrol,Manual,1,1197.0,18.6,693000.0
Maruti,Vitara,2017,35000.0,Diesel,Manual,1,1248.0,24.3,830000.0
Hyundai,Grand,2016,13500.0,Petrol,Manual,1,1197.0,18.9,470000.0
Honda,City,2017,26000.0,Petrol,Automatic,1,1497.0,18.0,1100000.0
Tata,Zest,2016,50000.0,Diesel,Manual,1,1248.0,23.0,325000.0
Hyundai,EON,2014,50000.0,Petrol,Manual,1,814.0,21.1,215000.0
Maruti,Swift,2018,25000.0,Petrol,Manual,1,1197.0,22.0,560000.0
Maruti,Celerio,2017,30000.0,Petrol,Automatic,2,998.0,23.1,400000.0
Jaguar,XE,2017,9000.0,Diesel,Automatic,1,1999.0,13.6,2625000.0
Lexus,ES,2019,20000.0,Petrol,Automatic,1,2487.0,22.37,5150000.0
Jaguar,XF,2017,45000.0,Diesel,Automatic,1,1999.0,19.33,3200000.0
Tata,Safari,2015,110000.0,Diesel,Manual,1,2179.0,14.1,503000.0
Volvo,XC40,2019,20000.0,Diesel,Automatic,1,1969.0,18.0,3800000.0
Toyota,Camry,2016,68089.0,Petrol,Automatic,1,2494.0,19.16,2000000.0
Maruti,Wagon,2013,58343.0,Petrol,Manual,1,998.0,21.79,225000.0
Maruti,Baleno,2018,38817.0,Diesel,Manual,1,1248.0,27.39,740000.0
Honda,Jazz,2016,56494.0,Petrol,Manual,1,1199.0,18.2,550000.0
Toyota,Innova,2013,79328.0,Diesel,Manual,2,2494.0,12.99,750000.0
Maruti,Swift,2019,5621.0,Petrol,Automatic,1,1197.0,22.0,650000.0
Toyota,Etios,2017,25538.0,Petrol,Manual,1,1496.0,16.78,625000.0
Maruti,Swift,2018,69779.0,Petrol,Automatic,1,1197.0,22.0,600000.0
Hyundai,Grand,2017,56290.0,Diesel,Manual,1,1186.0,24.0,450000.0
BMW,X4,2019,7500.0,Diesel,Automatic,1,1995.0,16.78,5400000.0
BMW,X4,2019,8500.0,Diesel,Automatic,1,1995.0,16.78,5500000.0
Honda,Amaze,2019,7032.0,Petrol,Automatic,1,1199.0,19.0,779000.0
Skoda,Rapid,2016,11000.0,Petrol,Automatic,1,1598.0,14.3,645000.0
Volvo,V40,2018,2000.0,Diesel,Automatic,1,1984.0,16.8,2475000.0
Hyundai,Santro,1999,140000.0,Petrol,Manual,3,1197.0,19.81,60000.0
Ford,EcoSport,2017,45000.0,Diesel,Manual,1,1498.0,23.0,725000.0
Maruti,Wagon,2013,58343.0,Petrol,Manual,1,998.0,21.79,225000.0
Maruti,Baleno,2018,38817.0,Diesel,Manual,1,1248.0,27.39,740000.0
Maruti,Swift,2019,5621.0,Petrol,Automatic,1,1197.0,22.0,650000.0
Toyota,Etios,2017,25538.0,Petrol,Manual,1,1496.0,16.78,625000.0
Maruti,Swift,2018,69779.0,Petrol,Automatic,1,1197.0,22.0,600000.0
Hyundai,Grand,2017,56290.0,Diesel,Manual,1,1186.0,24.0,450000.0
Honda,Brio,2014,52442.0,Petrol,Manual,2,1198.0,18.5,325000.0
Hyundai,i10,2013,39000.0,Petrol,Manual,1,1197.0,20.36,229999.0
Mercedes-Benz,New,2007,42000.0,Petrol,Automatic,1,1796.0,11.74,400000.0
Volkswagen,Polo,2015,34156.0,Petrol,Manual,1,1198.0,16.47,449000.0
Hyundai,Grand,2017,34152.0,Petrol,Manual,1,1197.0,18.9,455000.0
Audi,A4,2015,37000.0,Diesel,Automatic,1,1968.0,18.25,1750000.0
Toyota,Innova,2017,98000.0,Diesel,Automatic,1,2755.0,11.36,1390000.0
Hyundai,Creta,2019,31000.0,Petrol,Manual,1,1591.0,15.8,1150000.0
Hyundai,i20,2018,62841.0,Petrol,Manual,1,1197.0,18.6,650000.0
Hyundai,Creta,2016,38600.0,Diesel,Manual,1,1582.0,19.67,950000.0
Maruti,Swift,2018,27654.0,Diesel,Automatic,1,1248.0,28.4,698000.0
Hyundai,Creta,2017,48698.0,Diesel,Manual,1,1582.0,19.67,975000.0
Maruti,Wagon,2018,32995.0,Petrol,Automatic,1,1197.0,20.52,445000.0
Tata,Zest,2018,60000.0,Diesel,Manual,1,1248.0,22.95,539000.0
Maruti,Swift,2010,110000.0,Diesel,Manual,4,1248.0,17.8,350000.0
Mahindra,Scorpio,2011,260000.0,Diesel,Manual,4,2179.0,12.05,550000.0
Renault,Duster,2015,130000.0,Diesel,Manual,2,1461.0,20.45,550000.0
Volkswagen,Polo,2011,120000.0,Diesel,Manual,1,1199.0,22.07,330000.0
Hyundai,EON,2014,80000.0,Petrol,Manual,3,814.0,21.1,220000.0
Maruti,Ritz,2013,60000.0,Petrol,Manual,2,1197.0,18.5,415000.0
Maruti,Alto,2007,75000.0,Petrol,Manual,1,796.0,19.7,150000.0
Hyundai,Getz,2005,89000.0,Petrol,Manual,2,1341.0,15.3,150000.0
Hyundai,Verna,2007,110000.0,Diesel,Manual,1,1493.0,18.1,240000.0
Maruti,Alto,2009,90000.0,Petrol,Manual,2,796.0,19.7,170000.0
Maruti,Ciaz,2015,40000.0,Diesel,Manual,3,1248.0,28.09,550000.0
Nissan,Micra,2017,26000.0,Petrol,Automatic,1,1198.0,19.34,500000.0
Mahindra,Xylo,2011,120000.0,Diesel,Manual,2,2489.0,13.0,180000.0
Mahindra,KUV,2017,29000.0,Petrol,Manual,1,1198.0,18.15,360000.0
Maruti,Swift,2014,120000.0,Petrol,Manual,1,1197.0,19.1,400000.0
Hyundai,Accent,2009,70000.0,Petrol,Manual,2,1495.0,13.2,120000.0
Maruti,Vitara,2016,100000.0,Diesel,Manual,2,1248.0,24.3,765000.0
Maruti,Vitara,2016,90150.0,Diesel,Manual,1,1248.0,24.3,919999.0
Toyota,Platinum,2018,90000.0,Diesel,Manual,1,1364.0,23.59,730000.0
Tata,Zest,2016,120000.0,Diesel,Manual,1,1248.0,22.95,320000.0
Honda,Amaze,2015,90000.0,Diesel,Manual,2,1498.0,25.8,455000.0
Datsun,GO,2015,50000.0,Petrol,Manual,1,1198.0,20.63,350000.0
Mahindra,TUV,2016,110000.0,Diesel,Manual,1,1493.0,18.49,509999.0
Tata,Indigo,2011,85700.0,Diesel,Manual,2,1405.0,17.0,175000.0
Mahindra,Bolero,2013,178000.0,Diesel,Manual,1,2523.0,15.96,325000.0
Tata,Indigo,2011,70000.0,Petrol,Manual,2,1193.0,15.2,120000.0
Hyundai,i10,2014,30000.0,Petrol,Manual,2,1197.0,20.36,300000.0
Honda,City,2015,100000.0,Diesel,Manual,1,1498.0,26.0,500000.0
Maruti,Baleno,2016,25339.0,Petrol,Manual,1,1197.0,21.4,562000.0
Hyundai,EON,2014,10000.0,Petrol,Manual,1,814.0,21.1,250000.0
Tata,Zest,2017,35000.0,Diesel,Manual,1,1248.0,20.65,484999.0
Hyundai,i10,2013,35000.0,Petrol,Manual,2,1197.0,20.36,280000.0
Maruti,Ertiga,2015,68000.0,Diesel,Manual,2,1248.0,20.77,571000.0
Maruti,Swift,2013,40000.0,Petrol,Manual,1,1197.0,18.6,400000.0
Tata,Indigo,2015,120000.0,Diesel,Manual,2,1405.0,19.09,295000.0
Mahindra,Bolero,2006,120000.0,Diesel,Manual,1,2179.0,15.96,210000.0
Ford,Figo,2011,25000.0,Petrol,Manual,1,1196.0,15.6,250000.0
Mahindra,Bolero,2015,40000.0,Diesel,Manual,2,2523.0,15.96,610000.0
Tata,Indica,2012,60000.0,Diesel,Manual,1,1248.0,22.3,175000.0
Ford,Figo,2011,70000.0,Diesel,Manual,2,1399.0,20.0,204999.0
Mahindra,XUV500,2013,80000.0,Diesel,Manual,2,2179.0,15.1,750000.0
Hyundai,i20,2016,42323.0,Diesel,Manual,1,1396.0,21.19,651000.0
BMW,X1,2011,42545.0,Diesel,Automatic,1,1998.0,19.62,1075000.0
Maruti,S-Cross,2016,32000.0,Diesel,Manual,1,1248.0,25.1,690000.0
Maruti,Swift,2017,41232.0,Diesel,Manual,1,1248.0,26.59,589000.0
Mahindra,Bolero,2015,40200.0,Diesel,Manual,1,1498.0,21.0,445000.0
Ford,Ecosport,2013,48000.0,Diesel,Manual,2,1498.0,21.7,475000.0
Honda,Amaze,2014,27233.0,Diesel,Manual,1,1498.0,27.4,465000.0
Tata,Manza,2011,35000.0,Petrol,Manual,1,1368.0,15.0,225000.0
Toyota,Innova,2005,200000.0,Diesel,Manual,2,2494.0,12.8,310000.0
Tata,Sumo,2016,63000.0,Diesel,Manual,1,2956.0,15.3,445000.0
Mahindra,Bolero,2015,62000.0,Diesel,Manual,1,1498.0,21.0,445000.0
Tata,New,2012,68240.0,Diesel,Manual,1,2956.0,13.93,450000.0
Mahindra,Scorpio,2008,78000.0,Diesel,Manual,1,1997.0,15.4,450000.0
Maruti,Swift,2017,38000.0,Diesel,Manual,2,1197.0,21.21,525000.0
Maruti,Wagon,2010,35000.0,Petrol,Manual,1,998.0,18.9,200000.0
Maruti,Swift,2018,9000.0,Petrol,Manual,1,1197.0,19.1,611000.0
Hyundai,Creta,2016,39000.0,Diesel,Manual,1,1582.0,19.67,819999.0
Hyundai,Creta,2016,39000.0,Diesel,Manual,1,1396.0,21.38,825000.0
Ford,Ecosport,2015,92651.0,Diesel,Manual,1,1498.0,21.7,599000.0
Maruti,Swift,2018,28000.0,Petrol,Manual,1,1197.0,16.1,490000.0
Tata,Zest,2020,40000.0,Petrol,Manual,1,1193.0,17.57,500000.0
Tata,Zest,2020,40000.0,Petrol,Manual,1,1193.0,17.57,500000.0
Mahindra,XUV500,2017,88754.0,Diesel,Manual,1,2179.0,16.0,1100000.0
Ford,Aspire,2019,7000.0,Petrol,Manual,1,1194.0,19.4,675000.0
Mahindra,XUV500,2018,40000.0,Diesel,Manual,1,2179.0,16.0,1350000.0
Hyundai,Grand,2018,20000.0,Petrol,Manual,1,1197.0,18.9,570000.0
Hyundai,Grand,2017,50000.0,Diesel,Manual,1,1186.0,24.0,455000.0
Hyundai,EON,2013,45000.0,Petrol,Manual,2,814.0,21.1,165000.0
Honda,City,2016,22000.0,Petrol,Manual,1,1497.0,17.8,925000.0
Tata,Indigo,2014,100000.0,Diesel,Manual,2,1396.0,25.0,215000.0
Maruti,Swift,2016,23700.0,Petrol,Manual,1,1197.0,20.4,470000.0
Maruti,Swift,2016,23700.0,Petrol,Manual,1,1197.0,20.4,470000.0
Maruti,Ciaz,2017,60000.0,Diesel,Manual,1,1248.0,28.09,650000.0
Renault,Captur,2017,50000.0,Diesel,Manual,1,1461.0,20.37,900000.0
Ford,Fiesta,2011,53287.0,Petrol,Manual,1,1497.0,20.0,325000.0
Ford,Fiesta,2009,100000.0,Diesel,Manual,2,1399.0,17.8,190000.0
Hyundai,i20,2017,60000.0,Diesel,Manual,1,1396.0,21.19,715000.0
Tata,Indigo,2013,60000.0,Diesel,Manual,2,1396.0,25.0,227999.0
Tata,Bolt,2017,50000.0,Diesel,Manual,1,1248.0,22.95,450000.0
Chevrolet,Beat,2015,40000.0,Diesel,Manual,1,936.0,25.44,200000.0
Maruti,Wagon,2017,110000.0,CNG,Manual,1,998.0,26.6,400000.0
Maruti,Ertiga,2016,110000.0,Diesel,Manual,1,1248.0,24.52,725000.0
Ford,Figo,2014,80000.0,Diesel,Manual,1,1399.0,20.0,300000.0
Toyota,Innova,2016,69500.0,Diesel,Manual,2,2494.0,12.99,1151000.0
Datsun,GO,2014,33000.0,Petrol,Manual,1,1198.0,20.63,225000.0
Hyundai,i10,2016,80000.0,Petrol,Manual,1,1086.0,19.81,380000.0
Hyundai,Elite,2019,5000.0,Petrol,Manual,1,1197.0,18.6,630000.0
Hyundai,i10,2014,25000.0,Petrol,Manual,1,1197.0,20.36,351000.0
Skoda,Fabia,2012,50000.0,Diesel,Manual,2,1199.0,20.86,199000.0
Tata,Hexa,2017,50000.0,Diesel,Manual,1,2179.0,17.6,850000.0
Tata,Indica,2010,120000.0,Diesel,Manual,2,1248.0,18.0,105000.0
Tata,Manza,2010,120000.0,Diesel,Manual,3,1248.0,18.8,300000.0
Toyota,Innova,2016,80000.0,Diesel,Manual,1,2494.0,12.99,950000.0
Mahindra,TUV,2015,110000.0,Diesel,Manual,2,1493.0,18.49,430000.0
Ford,Endeavour,2016,80000.0,Diesel,Automatic,1,3198.0,10.91,2100000.0
Hyundai,Grand,2018,30000.0,Diesel,Manual,1,1186.0,24.0,540000.0
Hyundai,Santro,2012,60000.0,LPG,Manual,2,1086.0,17.8,175000.0
Hyundai,Creta,2018,44000.0,Diesel,Automatic,1,1582.0,17.01,1150000.0
Maruti,Alto,2020,5000.0,Petrol,Manual,1,796.0,22.05,350000.0
Hyundai,Elite,2019,18000.0,Petrol,Manual,1,1197.0,18.6,690000.0
Hyundai,i20,2015,80000.0,Diesel,Manual,1,1396.0,22.54,535000.0
Maruti,Vitara,2016,100000.0,Diesel,Manual,1,1248.0,24.3,730000.0
Hyundai,EON,2016,19000.0,Petrol,Manual,1,814.0,21.1,280000.0
Maruti,Swift,2019,33000.0,Petrol,Automatic,1,1197.0,21.21,650000.0
Toyota,Innova,2012,162000.0,Diesel,Manual,4,2494.0,12.8,520000.0
Hyundai,Xcent,2020,65000.0,Petrol,Manual,2,1197.0,20.14,360000.0
Maruti,Swift,2011,170000.0,Diesel,Manual,1,1248.0,19.3,250000.0
Volkswagen,Ameo,2017,40000.0,Diesel,Manual,1,1498.0,21.66,575000.0
Tata,Indigo,2012,120000.0,Diesel,Manual,3,1396.0,19.09,170000.0
Maruti,Vitara,2017,53000.0,Diesel,Manual,1,1248.0,24.3,711000.0
Maruti,Wagon,2013,90000.0,Petrol,Manual,1,998.0,18.9,250000.0
Maruti,Swift,2017,35000.0,Diesel,Manual,1,1248.0,26.59,675000.0
Maruti,Wagon,2016,50000.0,Petrol,Manual,1,998.0,20.51,325000.0
Maruti,Alto,2016,20000.0,Petrol,Manual,1,796.0,22.74,250000.0
Maruti,Swift,2019,38000.0,Diesel,Automatic,1,1248.0,28.4,740000.0
Honda,Amaze,2019,1303.0,Petrol,Manual,1,1198.0,17.8,690000.0
Audi,Q5,2018,31800.0,Diesel,Automatic,1,1968.0,17.01,3975000.0
Lexus,ES,2019,20000.0,Petrol,Automatic,1,2487.0,22.37,5150000.0
Jaguar,XF,2017,45000.0,Diesel,Automatic,1,1999.0,19.33,3200000.0
Jeep,Wrangler,2017,17000.0,Petrol,Automatic,1,3604.0,9.5,4100000.0
Land Rover,Discovery,2019,21000.0,Diesel,Automatic,1,1999.0,12.83,4500000.0
BMW,5,2018,29500.0,Diesel,Automatic,1,1995.0,22.48,3790000.0
Honda,CR-V,2017,73000.0,Petrol,Automatic,1,2354.0,12.0,1750000.0
Skoda,Superb,2018,50000.0,Petrol,Automatic,1,1798.0,14.67,1864999.0
Maruti,Ciaz,2017,28050.0,Diesel,Manual,1,1248.0,28.09,800000.0
Honda,CR-V,2017,58000.0,Petrol,Automatic,1,2354.0,12.0,1825000.0
Tata,Hexa,2017,58000.0,Diesel,Automatic,1,2179.0,17.6,1295000.0
Renault,Duster,2014,69000.0,Diesel,Manual,1,1461.0,19.87,425000.0
Mercedes-Benz,GL-Class,2016,70000.0,Diesel,Automatic,1,2987.0,12.0,4090000.0
Hyundai,Creta,2015,40000.0,Diesel,Automatic,1,1582.0,17.6,910000.0
Toyota,Corolla,2013,39000.0,Petrol,Automatic,1,1798.0,14.28,625000.0
Volvo,XC40,2018,22000.0,Diesel,Automatic,1,1969.0,18.0,3400000.0
Maruti,Ciaz,2015,40000.0,Diesel,Manual,1,1248.0,26.21,535000.0
Mahindra,Bolero,2011,142000.0,Diesel,Manual,1,2523.0,15.96,325000.0
Maruti,Swift,2016,22947.0,Petrol,Manual,1,1197.0,20.4,500000.0
Hyundai,i10,2013,30000.0,Petrol,Manual,2,1197.0,20.36,300000.0
Hyundai,EON,2016,7672.0,Petrol,Manual,1,814.0,21.1,270000.0
Maruti,Alto,2010,36659.0,Petrol,Manual,1,796.0,19.7,160000.0
Maruti,Omni,2016,60000.0,Petrol,Manual,1,796.0,16.8,210000.0
Mahindra,XUV500,2014,120000.0,Diesel,Manual,1,2179.0,15.1,850000.0
Mahindra,XUV500,2014,120000.0,Diesel,Manual,1,2179.0,15.1,880000.0
Maruti,Zen,2010,39000.0,Petrol,Manual,1,1061.0,16.9,150000.0
Mahindra,TUV,2015,45000.0,Diesel,Automatic,1,1493.0,18.49,775000.0
Maruti,Alto,2009,70000.0,Petrol,Manual,3,796.0,19.7,160000.0
Ford,Figo,2012,100000.0,Diesel,Manual,2,1399.0,20.0,220000.0
Hyundai,i20,2017,48000.0,Diesel,Manual,1,1396.0,22.54,670000.0
Hyundai,i20,2018,35000.0,Diesel,Manual,1,1396.0,22.54,780000.0
Maruti,Baleno,2017,23000.0,Petrol,Manual,1,1197.0,21.4,515000.0
Hyundai,i20,2017,14000.0,Diesel,Manual,1,1396.0,22.54,800000.0
Hyundai,i20,2017,14000.0,Diesel,Manual,1,1396.0,22.54,800000.0
Mahindra,XUV500,2014,60000.0,Diesel,Manual,1,2179.0,15.1,850000.0
Hyundai,EON,2013,60000.0,Petrol,Manual,2,814.0,21.1,200000.0
Skoda,Fabia,2008,150000.0,Diesel,Manual,3,1422.0,19.4,140000.0
Hyundai,Verna,2016,80000.0,Petrol,Automatic,2,1591.0,17.01,800000.0
Maruti,Alto,2013,35000.0,Petrol,Manual,1,998.0,20.92,250000.0
Maruti,S-Cross,2017,44500.0,Diesel,Manual,1,1248.0,25.1,800000.0
Maruti,Ciaz,2015,60000.0,Diesel,Manual,3,1248.0,26.21,600000.0
Renault,Fluence,2012,120000.0,Diesel,Manual,3,1461.0,21.8,250000.0
Honda,Amaze,2016,80000.0,Diesel,Manual,2,1498.0,25.8,500000.0
Maruti,Gypsy,2019,9900.0,Petrol,Manual,1,1298.0,11.96,750000.0
Maruti,Swift,2014,68000.0,Diesel,Manual,1,1248.0,22.9,650000.0
Toyota,Etios,2012,40000.0,Petrol,Manual,3,2494.0,12.99,350000.0
Honda,BRV,2016,60000.0,Diesel,Manual,1,1498.0,21.9,950000.0
Chevrolet,Tavera,2015,110000.0,Diesel,Manual,2,2499.0,13.58,580000.0
Hyundai,Grand,2019,10000.0,Petrol,Manual,1,1197.0,18.9,640000.0
Mahindra,Scorpio,2014,80000.0,Diesel,Automatic,1,2179.0,11.79,800000.0
Maruti,A-Star,2011,30000.0,Petrol,Manual,1,998.0,19.0,347000.0
Mahindra,XUV500,2014,120000.0,Diesel,Manual,3,2179.0,15.1,1000000.0
Hyundai,EON,2016,35000.0,Petrol,Manual,1,814.0,21.1,300000.0
Tata,Tigor,2017,40000.0,Petrol,Manual,1,1199.0,20.3,493000.0
Hyundai,Grand,2014,60000.0,Petrol,Manual,1,1197.0,18.9,370000.0
Maruti,Swift,2008,90000.0,Diesel,Manual,4,1248.0,19.3,250000.0
Datsun,RediGO,2017,20000.0,Petrol,Manual,1,999.0,22.5,300000.0
Renault,KWID,2017,40000.0,Petrol,Automatic,1,999.0,24.04,450000.0
Ford,Figo,2010,124316.0,Diesel,Manual,2,1399.0,20.0,185000.0
Mahindra,XUV300,2019,6544.0,Diesel,Manual,1,1497.0,20.0,1225000.0
Toyota,Innova,2015,50000.0,Diesel,Manual,1,2494.0,12.99,1000000.0
Hyundai,i20,2016,10000.0,Petrol,Manual,1,1197.0,18.6,600000.0
Mahindra,XUV500,2018,50000.0,Diesel,Manual,1,2179.0,15.1,1100000.0
Hyundai,Grand,2015,30000.0,Petrol,Manual,2,1197.0,18.9,360000.0
Maruti,Swift,2012,69000.0,Petrol,Manual,1,1298.0,17.5,285000.0
Mahindra,KUV,2016,49600.0,Diesel,Manual,2,1198.0,25.32,350000.0
Hyundai,i10,2008,30000.0,Petrol,Manual,2,1086.0,19.81,130000.0
Chevrolet,Enjoy,2016,198000.0,Diesel,Manual,1,1248.0,18.2,500000.0
Hyundai,i20,2010,80000.0,Petrol,Manual,1,1197.0,17.0,350000.0
Maruti,Baleno,2019,19000.0,Petrol,Automatic,1,1197.0,21.4,685000.0
Maruti,Eeco,2020,5000.0,CNG,Manual,1,1196.0,21.94,399000.0
Hyundai,Grand,2017,10000.0,Petrol,Manual,1,1197.0,18.9,525000.0
Maruti,Ertiga,2017,40000.0,Petrol,Manual,1,1373.0,17.5,765000.0
Maruti,Swift,2012,97000.0,Diesel,Manual,3,1248.0,22.9,450000.0
Tata,Estate,1999,80000.0,Diesel,Manual,3,1396.0,18.8,78000.0
Nissan,Micra,2014,30000.0,Petrol,Manual,1,1198.0,19.69,390000.0
Maruti,Ertiga,2017,120000.0,Diesel,Manual,1,1248.0,24.52,940000.0
Renault,Duster,2013,120000.0,Diesel,Manual,2,1461.0,19.01,650000.0
Ford,Figo,2012,103994.0,Diesel,Manual,4,1399.0,20.0,320000.0
Toyota,Corolla,2003,70000.0,Petrol,Manual,2,1794.0,13.4,145000.0
Ford,Figo,2017,70000.0,Diesel,Manual,1,1498.0,25.83,670000.0
Maruti,SX4,2011,115000.0,Diesel,Manual,4,1248.0,21.5,350000.0
Tata,Indica,2012,178000.0,Diesel,Manual,2,1248.0,22.3,285000.0
Maruti,Zen,2011,40000.0,Petrol,Manual,3,998.0,19.0,300000.0
Ford,Figo,2011,80000.0,Diesel,Manual,1,1399.0,20.0,300000.0
Audi,Q7,2009,98000.0,Diesel,Automatic,4,2967.0,12.07,810000.0
Tata,Indica,2009,118000.0,Diesel,Manual,2,1405.0,16.8,90000.0
Maruti,Alto,2004,100000.0,Petrol,Manual,2,796.0,19.7,100000.0
Tata,Indica,2009,120000.0,Diesel,Manual,2,1396.0,17.88,90000.0
Mahindra,Scorpio,2013,120000.0,Diesel,Manual,2,2609.0,13.5,459999.0
Toyota,Innova,2009,217000.0,Diesel,Manual,4,2494.0,12.8,525000.0
Maruti,Wagon,2011,65000.0,Petrol,Manual,2,998.0,18.9,250000.0
Hyundai,i10,2012,41000.0,Petrol,Manual,2,1197.0,20.36,300000.0
Maruti,Swift,2005,120000.0,Petrol,Manual,2,1298.0,16.1,130000.0
Maruti,Alto,2011,70000.0,Petrol,Manual,3,998.0,20.92,199000.0
Renault,Duster,2012,90000.0,Diesel,Manual,2,1461.0,20.46,545000.0
Maruti,Ertiga,2014,80000.0,Diesel,Manual,2,1248.0,20.77,570000.0
Honda,City,2006,120000.0,Petrol,Manual,2,1497.0,16.9,150000.0
Maruti,Alto,2009,100000.0,Petrol,Manual,1,796.0,19.7,114999.0
Tata,Tigor,2018,35000.0,Petrol,Manual,1,1199.0,20.3,450000.0
Renault,Triber,2019,5000.0,Petrol,Manual,1,999.0,20.0,600000.0
Maruti,Vitara,2016,110000.0,Diesel,Manual,1,1248.0,24.3,610000.0
Hyundai,i20,2017,20000.0,Petrol,Manual,1,1197.0,18.6,690000.0
Tata,Nexon,2018,15000.0,Petrol,Manual,1,1198.0,17.0,790000.0
Maruti,Alto,2014,40000.0,Petrol,Manual,2,998.0,20.92,254999.0
Honda,Jazz,2016,41000.0,Petrol,Manual,1,1199.0,18.7,500000.0
Mahindra,Bolero,2011,100000.0,Diesel,Manual,2,2523.0,13.6,340000.0
Mahindra,Bolero,2007,110000.0,Diesel,Manual,3,2523.0,13.6,245000.0
Ford,Fiesta,2012,120000.0,Diesel,Manual,3,1399.0,17.8,340000.0
Maruti,Wagon,2008,35008.0,Petrol,Manual,1,998.0,21.79,221000.0
Datsun,RediGO,2017,31100.0,Petrol,Manual,1,799.0,22.7,270000.0
Hyundai,Xcent,2014,42312.0,Diesel,Manual,1,1120.0,24.4,455000.0
Toyota,Etios,2011,72000.0,Petrol,Manual,1,1496.0,17.6,300000.0
Toyota,Etios,2014,54891.0,Diesel,Manual,1,1364.0,23.59,480000.0
Hyundai,Verna,2018,30000.0,Diesel,Automatic,1,1582.0,22.0,1000000.0
BMW,3,2017,44000.0,Diesel,Automatic,1,1995.0,22.69,2600000.0
Toyota,Innova,2017,18890.0,Diesel,Automatic,1,2755.0,11.36,1850000.0
Renault,Koleos,2013,75010.0,Diesel,Automatic,1,1995.0,13.73,1000000.0
Renault,Pulse,2012,100000.0,Diesel,Manual,1,1461.0,23.08,245000.0
Hyundai,Grand,2019,4337.0,Petrol,Automatic,1,1197.0,18.9,625000.0
Volkswagen,Polo,2018,14495.0,Petrol,Manual,1,999.0,18.78,560000.0
Mahindra,XUV500,2018,24000.0,Diesel,Manual,1,2179.0,15.1,1475000.0
Toyota,Corolla,2010,83585.0,Diesel,Manual,1,1364.0,21.43,425000.0
Volkswagen,Polo,2014,31000.0,Petrol,Automatic,2,1197.0,17.21,550000.0
Toyota,Innova,2016,100000.0,Diesel,Manual,1,2393.0,13.68,1475000.0
Renault,Duster,2017,48406.0,Diesel,Manual,1,1461.0,19.87,750000.0
Hyundai,i20,2016,56239.0,Diesel,Manual,1,1396.0,22.54,570000.0
Maruti,Baleno,2015,33243.0,Petrol,Manual,1,1197.0,21.4,585000.0
Honda,Jazz,2016,26000.0,Petrol,Automatic,1,1199.0,19.0,600000.0
Toyota,Etios,2012,90000.0,Diesel,Manual,1,2494.0,12.99,415000.0
Hyundai,i20,2016,120000.0,Petrol,Manual,2,1197.0,17.19,530000.0
Hyundai,i20,2016,38000.0,Petrol,Manual,1,1197.0,18.6,540000.0
Hyundai,EON,2013,60000.0,Petrol,Manual,1,814.0,21.1,180000.0
Maruti,Swift,2014,30000.0,Petrol,Manual,1,1197.0,19.1,450000.0
Chevrolet,Beat,2015,50000.0,Petrol,Manual,1,1199.0,18.6,200000.0
Tata,Tiago,2017,42000.0,Petrol,Manual,1,1199.0,23.84,425000.0
Chevrolet,Sail,2016,30000.0,Petrol,Manual,1,1199.0,18.2,400000.0
Ford,Ikon,2005,15858.0,Petrol,Manual,1,1299.0,13.8,150000.0
Maruti,Alto,2017,15000.0,Petrol,Manual,1,796.0,24.7,310000.0
Chevrolet,Tavera,2014,50000.0,Diesel,Manual,1,2499.0,13.58,500000.0
Chevrolet,Beat,2013,60000.0,Diesel,Manual,2,936.0,25.44,200000.0
Renault,Lodgy,2018,35000.0,Diesel,Manual,1,1461.0,21.04,900000.0
Ambassador,CLASSIC,2000,90000.0,Diesel,Manual,2,1489.0,12.8,75000.0
Maruti,Swift,2015,50000.0,Petrol,Manual,1,1197.0,20.4,400000.0
Honda,Mobilio,2015,110000.0,Diesel,Manual,1,1498.0,24.5,650000.0
Maruti,Swift,2015,87847.0,Diesel,Manual,1,1248.0,28.4,480000.0
Maruti,Alto,2009,35000.0,Petrol,Manual,1,796.0,19.7,140000.0
Maruti,Swift,2018,5000.0,Petrol,Manual,1,1197.0,22.0,550000.0
Maruti,Wagon,2017,29000.0,Petrol,Automatic,1,998.0,20.51,380000.0
Tata,Indigo,2016,20000.0,Diesel,Manual,1,1405.0,19.09,440000.0
Maruti,Swift,2018,15000.0,Petrol,Manual,1,1197.0,21.21,630000.0
Renault,KWID,2017,40000.0,Petrol,Manual,1,799.0,25.17,250000.0
Maruti,Alto,2009,17000.0,Petrol,Manual,1,796.0,19.7,120000.0
Tata,Manza,2012,120000.0,Diesel,Manual,1,1248.0,21.12,287000.0
Maruti,Baleno,2016,45000.0,Petrol,Manual,1,1197.0,21.4,550000.0
Mahindra,Scorpio,2016,60000.0,Diesel,Manual,3,1997.0,15.4,950000.0
Tata,Harrier,2019,25000.0,Diesel,Manual,1,1956.0,17.0,1630000.0
Ford,Fiesta,2015,80000.0,Diesel,Manual,2,1498.0,25.01,501000.0
Mahindra,Bolero,2014,70000.0,Diesel,Manual,1,2523.0,15.96,550000.0
Maruti,Alto,2016,25000.0,Petrol,Manual,1,796.0,22.74,300000.0
Maruti,Wagon,2015,50000.0,Petrol,Manual,3,998.0,20.51,300000.0
Toyota,Etios,2012,100000.0,Diesel,Manual,2,2494.0,12.99,280000.0
Ford,Figo,2015,40000.0,Petrol,Automatic,1,1499.0,17.01,416000.0
Maruti,Omni,2018,30000.0,Petrol,Manual,1,796.0,16.8,260000.0
Chevrolet,Sail,2016,15000.0,Petrol,Manual,1,1199.0,18.2,550000.0
Mahindra,XUV500,2012,100000.0,Diesel,Manual,2,2179.0,15.1,700000.0
Tata,Indigo,2011,70000.0,Petrol,Manual,1,1193.0,15.64,181000.0
Mahindra,Scorpio,2009,110000.0,Diesel,Automatic,2,2179.0,11.79,365000.0
Hyundai,Santro,2006,9558.0,Petrol,Manual,1,1197.0,19.81,150000.0
Maruti,Alto,2017,10000.0,Petrol,Automatic,1,998.0,23.95,400000.0
Hyundai,i10,2010,110000.0,Petrol,Manual,1,1197.0,20.36,210000.0
Hyundai,Verna,2013,87000.0,Diesel,Manual,2,1582.0,22.32,500000.0
Jaguar,XE,2017,9000.0,Diesel,Automatic,1,1999.0,13.6,2711000.0
Lexus,ES,2019,20000.0,Petrol,Automatic,1,2487.0,22.37,5150000.0
Jaguar,XF,2017,45000.0,Diesel,Automatic,1,1999.0,19.33,3200000.0
Tata,Safari,2015,110000.0,Diesel,Manual,1,2179.0,14.1,503000.0
Volvo,XC40,2019,20000.0,Diesel,Automatic,1,1969.0,18.0,3800000.0
Toyota,Camry,2016,68089.0,Petrol,Automatic,1,2494.0,19.16,2000000.0
Maruti,Wagon,2013,58343.0,Petrol,Manual,1,998.0,21.79,225000.0
Maruti,Baleno,2018,38817.0,Diesel,Manual,1,1248.0,27.39,740000.0
Honda,Jazz,2016,56494.0,Petrol,Manual,1,1199.0,18.2,550000.0
Toyota,Innova,2013,79328.0,Diesel,Manual,2,2494.0,12.99,750000.0
Maruti,Swift,2019,5621.0,Petrol,Automatic,1,1197.0,22.0,650000.0
Toyota,Etios,2017,25538.0,Petrol,Manual,1,1496.0,16.78,625000.0
Maruti,Swift,2018,69779.0,Petrol,Automatic,1,1197.0,22.0,600000.0
Hyundai,Grand,2017,56290.0,Diesel,Manual,1,1186.0,24.0,450000.0
BMW,X4,2019,7500.0,Diesel,Automatic,1,1995.0,16.78,5400000.0
BMW,X4,2019,8500.0,Diesel,Automatic,1,1995.0,16.78,5500000.0
Honda,Amaze,2019,7032.0,Petrol,Automatic,1,1199.0,19.0,779000.0
Skoda,Rapid,2016,11000.0,Petrol,Automatic,1,1598.0,14.3,645000.0
Volvo,V40,2018,2000.0,Diesel,Automatic,1,1984.0,16.8,2475000.0
Maruti,Baleno,2017,70000.0,Diesel,Manual,1,1248.0,27.39,735000.0
Tata,Zest,2017,120000.0,Petrol,Manual,1,1193.0,17.57,550000.0
Maruti,Ertiga,2013,148000.0,Diesel,Manual,1,1248.0,20.77,509999.0
Hyundai,i20,2013,60000.0,Diesel,Manual,2,1396.0,21.27,459999.0
Maruti,Alto,2015,18000.0,Petrol,Manual,1,796.0,22.74,310000.0
Tata,Zest,2018,80000.0,Diesel,Manual,1,1248.0,22.95,775000.0
Maruti,Alto,2004,96000.0,Petrol,Manual,3,796.0,19.7,105000.0
Honda,Amaze,2015,97000.0,Diesel,Manual,2,1498.0,25.8,430000.0
Hyundai,i20,2013,210000.0,Diesel,Manual,3,1396.0,21.9,360000.0
Volkswagen,Vento,2012,60000.0,Diesel,Manual,3,1598.0,20.5,400000.0
Maruti,Swift,2014,90000.0,Diesel,Manual,1,1248.0,23.4,600000.0
Honda,WR-V,2019,35000.0,Petrol,Manual,1,1199.0,17.5,580000.0
Mahindra,Verito,2012,120000.0,Diesel,Manual,2,1461.0,21.03,140000.0
Tata,Indigo,2008,100000.0,Diesel,Manual,1,1405.0,19.61,210000.0
Hyundai,Grand,2017,20000.0,Petrol,Manual,1,1197.0,18.9,550000.0
Chevrolet,Sail,2013,110000.0,Petrol,Manual,2,1199.0,18.2,120000.0
Toyota,Innova,2013,35000.0,Diesel,Manual,1,2494.0,12.99,400000.0
Honda,WR-V,2018,15000.0,Diesel,Manual,1,1498.0,25.5,1035000.0
Maruti,Ciaz,2015,90000.0,Diesel,Manual,1,1248.0,26.21,625000.0
Hyundai,i10,2008,40000.0,Petrol,Manual,1,1197.0,20.36,200000.0
Tata,Manza,2013,140000.0,Diesel,Manual,1,1248.0,21.02,316000.0
Maruti,Vitara,2017,110000.0,Diesel,Manual,1,1248.0,24.3,813000.0
Toyota,Innova,2016,55000.0,Diesel,Automatic,1,2755.0,11.36,1575000.0
Toyota,Innova,2013,73000.0,Diesel,Manual,1,2494.0,12.99,900000.0
Maruti,Ertiga,2015,100000.0,Diesel,Manual,1,1248.0,20.77,650000.0
Ford,Figo,2015,32000.0,Diesel,Manual,2,1498.0,25.83,459999.0
Nissan,Sunny,2012,112072.0,Diesel,Manual,1,1461.0,21.64,290000.0
Ford,Figo,2014,30000.0,Diesel,Manual,1,1399.0,20.0,400000.0
Maruti,Swift,2016,70000.0,Diesel,Manual,2,1248.0,25.2,565000.0
Volkswagen,Multivan,2011,50000.0,Diesel,Manual,2,1498.0,20.34,2150000.0
Chevrolet,Spark,2009,80000.0,Petrol,Manual,2,995.0,18.0,150000.0
BMW,3,2007,110000.0,Diesel,Automatic,4,1995.0,16.07,480000.0
Maruti,Zen,2007,80000.0,Petrol,Manual,2,1061.0,18.2,70000.0
Maruti,Zen,2007,80000.0,Petrol,Manual,2,1061.0,18.2,70000.0
Mercedes-Benz,E-Class,2011,80000.0,Petrol,Automatic,2,2497.0,10.93,1190000.0
Hyundai,Santro,2006,100000.0,Petrol,Manual,2,1197.0,19.81,140000.0
Ford,EcoSport,2018,19000.0,Diesel,Manual,1,1498.0,23.0,900000.0
Hyundai,i20,2015,40000.0,Diesel,Manual,1,1396.0,22.54,600000.0
Mahindra,Scorpio,2015,52269.0,Diesel,Manual,1,2179.0,15.4,1100000.0
Maruti,Omni,2010,170000.0,LPG,Manual,2,796.0,10.9,120000.0
Maruti,Omni,2009,140000.0,Petrol,Manual,1,1197.0,21.21,120000.0
Maruti,Omni,2010,170000.0,Petrol,Manual,2,1197.0,21.21,120000.0
Hyundai,i20,2009,60000.0,Petrol,Manual,3,1197.0,18.5,229999.0
Honda,Amaze,2017,15780.0,Petrol,Manual,1,1198.0,17.8,570000.0
Hyundai,Verna,2014,106000.0,Diesel,Manual,1,1582.0,22.32,575000.0
Volkswagen,Vento,2012,80000.0,Diesel,Manual,3,1598.0,20.54,280000.0
Hyundai,i20,2015,74000.0,Diesel,Manual,2,1396.0,21.19,580000.0
Maruti,Ertiga,2018,35000.0,Diesel,Manual,2,1248.0,25.47,875000.0
Hyundai,Verna,2013,70000.0,Diesel,Manual,3,1582.0,22.32,500000.0
Maruti,Ciaz,2015,60000.0,Diesel,Manual,1,1248.0,26.21,700000.0
Ford,Figo,2016,50000.0,Petrol,Manual,2,1196.0,18.16,388000.0
Hyundai,i10,2011,80000.0,Petrol,Manual,2,1197.0,20.36,225000.0
Tata,Indigo,2011,90000.0,Petrol,Manual,2,1193.0,15.64,90000.0
Renault,Duster,2014,114000.0,Diesel,Manual,1,1461.0,19.01,600000.0
Hyundai,i20,2009,100000.0,Petrol,Manual,1,1197.0,18.5,235000.0
Hyundai,i20,2011,100000.0,Diesel,Manual,2,1396.0,23.0,350000.0
Hyundai,i10,2011,80000.0,Petrol,Manual,2,1197.0,20.36,235000.0
Maruti,Alto,2010,35000.0,Petrol,Manual,1,796.0,19.7,190000.0
Tata,Manza,2011,79000.0,Diesel,Manual,1,1248.0,21.12,325000.0
Hyundai,i20,2007,2360457.0,Petrol,Manual,2,1197.0,18.6,550000.0
Volkswagen,Vento,2011,120000.0,Diesel,Manual,3,1598.0,20.54,300000.0
Tata,Tigor,2017,10000.0,Petrol,Manual,1,1199.0,20.3,550000.0
Mahindra,XUV500,2013,150000.0,Diesel,Manual,2,2179.0,15.1,720000.0
Nissan,Micra,2011,110000.0,Petrol,Manual,1,1198.0,18.06,110000.0
Maruti,Alto,2018,10000.0,Petrol,Manual,1,796.0,24.7,310000.0
Maruti,Wagon,2010,70000.0,LPG,Manual,2,998.0,26.2,150000.0
Tata,Indica,2012,46000.0,Diesel,Manual,1,1405.0,19.4,260000.0
Hyundai,Accent,2002,120000.0,Petrol,Manual,4,1495.0,13.2,55000.0
Maruti,Swift,2013,108800.0,Diesel,Manual,3,1248.0,22.9,450000.0
Hyundai,i10,2009,70000.0,Petrol,Manual,2,1197.0,20.36,199000.0
Mahindra,Scorpio,2018,35000.0,Diesel,Manual,1,2523.0,15.4,1000000.0
Ford,Figo,2011,72000.0,Diesel,Manual,1,1399.0,20.0,240000.0
Renault,KWID,2018,40000.0,Petrol,Manual,1,799.0,25.17,350000.0
Mahindra,Bolero,2014,120000.0,Diesel,Manual,3,2523.0,15.96,530000.0
Chevrolet,Spark,2011,35000.0,Petrol,Manual,1,995.0,18.0,150000.0
Hyundai,Elite,2019,12500.0,Petrol,Manual,1,1197.0,18.6,625000.0
Hyundai,Grand,2014,80000.0,Petrol,Manual,1,1197.0,18.9,378000.0
Renault,KWID,2015,210000.0,Petrol,Manual,2,799.0,25.17,210000.0
Maruti,Swift,2018,100000.0,Diesel,Manual,2,1248.0,28.4,700000.0
Hyundai,Santro,2011,110000.0,Petrol,Manual,2,1086.0,17.92,156000.0
Mahindra,Bolero,2016,103000.0,Diesel,Manual,1,1493.0,16.5,700000.0
Maruti,Wagon,2010,577414.0,Petrol,Manual,2,1061.0,18.9,194000.0
Maruti,Alto,2006,100000.0,Petrol,Manual,2,796.0,19.7,120000.0
Honda,Amaze,2015,45000.0,Petrol,Automatic,1,1198.0,15.5,415000.0
Honda,Amaze,2015,45000.0,Petrol,Automatic,1,1198.0,15.5,450000.0
Honda,Brio,2014,40000.0,Petrol,Manual,3,1198.0,19.4,325000.0
Mahindra,Bolero,2014,200000.0,Diesel,Manual,1,2523.0,15.96,525000.0
Hyundai,EON,2017,100000.0,Petrol,Manual,1,814.0,21.1,265000.0
Maruti,Omni,2008,120000.0,Petrol,Manual,2,796.0,19.7,100000.0
Jaguar,XE,2017,9000.0,Diesel,Automatic,1,1999.0,13.6,2711000.0
Lexus,ES,2019,20000.0,Petrol,Automatic,1,2487.0,22.37,5150000.0
Jaguar,XF,2017,45000.0,Diesel,Automatic,1,1999.0,19.33,3200000.0
Tata,Safari,2015,110000.0,Diesel,Manual,1,2179.0,14.1,503000.0
Volvo,XC40,2019,20000.0,Diesel,Automatic,1,1969.0,18.0,3800000.0
Toyota,Camry,2016,68089.0,Petrol,Automatic,1,2494.0,19.16,2000000.0
Maruti,Wagon,2013,58343.0,Petrol,Manual,1,998.0,21.79,225000.0
Maruti,Baleno,2018,38817.0,Diesel,Manual,1,1248.0,27.39,740000.0
Honda,Jazz,2016,56494.0,Petrol,Manual,1,1199.0,18.2,550000.0
Toyota,Innova,2013,79328.0,Diesel,Manual,2,2494.0,12.99,750000.0
Maruti,Swift,2019,5621.0,Petrol,Automatic,1,1197.0,22.0,650000.0
Toyota,Etios,2017,25538.0,Petrol,Manual,1,1496.0,16.78,625000.0
Maruti,Swift,2018,69779.0,Petrol,Automatic,1,1197.0,22.0,600000.0
Hyundai,Grand,2017,56290.0,Diesel,Manual,1,1186.0,24.0,450000.0
BMW,X4,2019,7500.0,Diesel,Automatic,1,1995.0,16.78,5400000.0
BMW,X4,2019,8500.0,Diesel,Automatic,1,1995.0,16.78,5500000.0
Honda,Amaze,2019,7032.0,Petrol,Automatic,1,1199.0,19.0,779000.0
Skoda,Rapid,2016,11000.0,Petrol,Automatic,1,1598.0,14.3,645000.0
Volvo,V40,2018,2000.0,Diesel,Automatic,1,1984.0,16.8,2475000.0
Tata,Zest,2015,100000.0,Diesel,Manual,1,1248.0,23.0,400000.0
Hyundai,i20,2013,40000.0,Diesel,Manual,1,1396.0,21.9,345000.0
Mahindra,Thar,2018,15000.0,Diesel,Manual,2,2498.0,16.55,850000.0
Maruti,Ignis,2018,15000.0,Petrol,Automatic,1,1197.0,20.89,620000.0
Maruti,Baleno,2018,10000.0,Petrol,Manual,2,1197.0,21.4,700000.0
Tata,Indica,2012,90000.0,Diesel,Manual,1,1248.0,22.3,200000.0
Mahindra,Bolero,2017,80000.0,Diesel,Manual,1,1493.0,16.5,660000.0
Mitsubishi,Pajero,2015,39000.0,Diesel,Manual,1,2477.0,13.5,1700000.0
Tata,Indica,2009,60000.0,Diesel,Manual,2,1396.0,17.88,90000.0
Mahindra,XUV500,2015,28000.0,Diesel,Manual,2,2179.0,15.1,1050000.0
Ford,Figo,2010,90000.0,Petrol,Manual,2,1196.0,15.6,160000.0
Honda,Civic,2006,80000.0,Petrol,Manual,3,1799.0,13.5,150000.0
Maruti,Zen,2010,35000.0,Petrol,Manual,1,998.0,19.0,200000.0
Toyota,Corolla,2011,185000.0,Diesel,Manual,2,1364.0,21.43,365000.0
Fiat,Punto,2009,110000.0,Petrol,Manual,2,1172.0,15.7,140000.0
Fiat,Avventura,2016,100000.0,Diesel,Manual,1,1248.0,20.5,360000.0
Honda,City,2008,110000.0,Petrol,Manual,2,1497.0,17.7,200000.0
Skoda,Laura,2010,100000.0,Diesel,Manual,2,1896.0,17.5,250000.0
Skoda,Laura,2008,110000.0,Diesel,Manual,2,1896.0,17.5,229999.0
Ford,Fiesta,2011,130000.0,Diesel,Manual,2,1399.0,17.8,320000.0
Hyundai,Santro,2003,68300.0,Petrol,Manual,3,1197.0,19.81,85000.0
Hyundai,Creta,2018,27000.0,Petrol,Manual,1,1591.0,15.8,1200000.0
Maruti,Baleno,2018,9000.0,Petrol,Automatic,1,1197.0,21.4,740000.0
Hyundai,i20,2013,40000.0,Diesel,Manual,1,1396.0,21.9,345000.0
Maruti,Ignis,2019,19000.0,Petrol,Automatic,2,1197.0,20.89,570000.0
Maruti,Wagon,2019,10000.0,Petrol,Manual,1,1197.0,20.52,490000.0
Tata,Indigo,2013,100000.0,Diesel,Manual,1,1396.0,23.57,250000.0
Maruti,Wagon,2017,20000.0,Petrol,Automatic,1,998.0,20.51,430000.0
Hyundai,EON,2014,35000.0,Petrol,Manual,1,814.0,21.1,225000.0
Mahindra,Thar,2018,15000.0,Diesel,Manual,2,2498.0,16.55,850000.0
Maruti,Ignis,2018,15000.0,Petrol,Automatic,1,1197.0,20.89,620000.0
Hyundai,i20,2014,70000.0,Diesel,Manual,2,1396.0,22.54,440000.0
Maruti,Vitara,2016,70000.0,Diesel,Manual,1,1248.0,24.3,800000.0
Maruti,Baleno,2018,10000.0,Petrol,Manual,2,1197.0,21.4,700000.0
Maruti,Swift,2016,47000.0,Diesel,Manual,1,1248.0,25.2,600000.0
Tata,Indica,2012,90000.0,Diesel,Manual,1,1248.0,22.3,200000.0
Mahindra,Bolero,2017,80000.0,Diesel,Manual,1,1493.0,16.5,660000.0
Mitsubishi,Pajero,2015,39000.0,Diesel,Manual,1,2477.0,13.5,1700000.0
Hyundai,Grand,2015,53000.0,Diesel,Manual,1,1120.0,24.0,450000.0
Maruti,Swift,2013,105000.0,Diesel,Manual,2,1248.0,23.4,420000.0
Toyota,Innova,2011,121941.0,Diesel,Manual,1,2494.0,12.8,500000.0
Tata,Tiago,2016,15000.0,Petrol,Manual,1,1199.0,23.84,350000.0
Mahindra,Xylo,2014,100000.0,Diesel,Manual,1,2489.0,14.0,280000.0
Renault,Duster,2013,152186.0,Diesel,Manual,2,1461.0,20.45,425000.0
Hyundai,i10,2013,82246.0,Petrol,Manual,1,1197.0,20.36,295000.0
Maruti,Swift,2016,20000.0,Petrol,Manual,1,1197.0,20.4,540000.0
Maruti,Swift,2017,40000.0,Diesel,Manual,1,1248.0,28.4,754000.0
Toyota,Innova,2011,89580.0,Diesel,Manual,2,2494.0,12.8,650000.0
Toyota,Innova,2011,250000.0,Diesel,Manual,2,2494.0,12.8,550000.0
Toyota,Innova,2011,250000.0,Diesel,Manual,2,2494.0,12.8,550000.0
Ford,Figo,2019,2789.0,Petrol,Manual,1,1196.0,18.16,675000.0
Ford,Freestyle,2018,35278.0,Diesel,Manual,1,1499.0,23.8,700000.0
Ford,Freestyle,2018,2860.0,Diesel,Manual,1,1499.0,23.8,795000.0
Toyota,Innova,2010,200000.0,Diesel,Manual,1,2494.0,12.8,515000.0
Mahindra,KUV,2018,20000.0,Petrol,Manual,1,1198.0,18.15,450000.0
Hyundai,Getz,2008,60000.0,Petrol,Manual,3,1086.0,15.0,155000.0
Toyota,Etios,2011,100000.0,Diesel,Manual,2,1364.0,23.59,350000.0
Ford,Figo,2011,78562.0,Diesel,Manual,1,1399.0,20.0,250000.0
Hyundai,Verna,2011,96000.0,Diesel,Manual,4,1582.0,22.32,450000.0
Hyundai,Verna,2011,96000.0,Diesel,Manual,4,1582.0,22.32,450000.0
Maruti,800,2003,36088.0,Petrol,Manual,1,796.0,16.1,55599.0
Hyundai,i20,2014,50000.0,Diesel,Manual,1,1396.0,22.54,420000.0
Toyota,Etios,2012,100000.0,Diesel,Manual,1,2494.0,12.99,315000.0
Maruti,S-Cross,2018,40000.0,Diesel,Manual,1,1248.0,25.1,750000.0
Datsun,GO,2020,10000.0,Petrol,Manual,1,1198.0,19.02,450000.0
Maruti,Swift,2008,60000.0,Diesel,Manual,2,1248.0,17.8,175000.0
Hyundai,i20,2019,10000.0,Petrol,Manual,1,1197.0,17.19,650000.0
Maruti,Ertiga,2018,10000.0,Diesel,Manual,1,1248.0,25.47,1050000.0
Hyundai,Verna,2011,35000.0,Diesel,Manual,2,1582.0,22.32,375000.0
Hyundai,Santa,2014,80000.0,Diesel,Manual,1,2199.0,14.74,1100000.0
Mahindra,XUV500,2019,28000.0,Diesel,Manual,1,2179.0,15.1,1550000.0
Ford,Figo,2017,35000.0,Diesel,Manual,1,1498.0,24.29,620000.0
Jeep,Compass,2017,32000.0,Diesel,Manual,1,1956.0,16.3,1511000.0
Maruti,Wagon,2003,40000.0,Petrol,Manual,1,998.0,18.9,135000.0
Hyundai,Verna,2011,35000.0,Diesel,Manual,2,1582.0,22.32,375000.0
Renault,KWID,2019,10000.0,Petrol,Manual,1,799.0,25.17,320000.0
Mahindra,XUV500,2019,25000.0,Diesel,Automatic,2,2179.0,15.1,1650000.0
Maruti,Alto,2016,50000.0,Petrol,Manual,1,998.0,23.95,320000.0
Maruti,Swift,2012,129000.0,Diesel,Manual,1,1248.0,19.3,400000.0
Mahindra,XUV500,2015,100000.0,Diesel,Automatic,2,2179.0,16.0,900000.0
Maruti,Alto,2018,30000.0,Petrol,Manual,1,796.0,24.7,310000.0
Tata,Nexon,2018,28000.0,Petrol,Manual,2,1198.0,17.0,595000.0
Maruti,SX4,2017,60000.0,Diesel,Manual,1,1248.0,23.65,800000.0
Mahindra,Verito,2013,70000.0,Petrol,Manual,1,1598.0,13.87,350000.0
Tata,Indica,2013,110000.0,Diesel,Manual,1,1405.0,19.1,275000.0
Maruti,Eeco,2019,10000.0,Petrol,Manual,1,1196.0,15.37,420000.0
Hyundai,Verna,2008,110000.0,Diesel,Manual,2,1493.0,18.1,250000.0
Maruti,Swift,2007,100000.0,Diesel,Manual,2,1248.0,17.8,250000.0
Mahindra,Scorpio,2008,120000.0,Diesel,Manual,2,2179.0,12.05,290000.0
Hyundai,Xcent,2016,60000.0,Petrol,Automatic,1,1197.0,16.9,525000.0
Mahindra,Scorpio,2008,110000.0,Diesel,Manual,3,2609.0,10.5,250000.0
Hyundai,Santro,2007,64000.0,Petrol,Manual,1,1197.0,19.81,90000.0
Maruti,Celerio,2017,10000.0,Petrol,Manual,1,998.0,23.1,430000.0
Maruti,Baleno,2017,35000.0,Petrol,Manual,1,1197.0,21.4,630000.0
Tata,Tigor,2018,23000.0,Petrol,Manual,1,1199.0,20.3,550000.0
Maruti,Swift,2019,15000.0,Diesel,Manual,2,1248.0,28.4,630000.0
Mahindra,TUV,2018,20000.0,Diesel,Manual,1,2179.0,18.49,850000.0
Mahindra,Bolero,2011,90000.0,Diesel,Manual,1,2523.0,13.6,455000.0
Mahindra,Bolero,2011,90000.0,Diesel,Manual,1,2523.0,13.6,445000.0
Hyundai,i20,2013,80000.0,Diesel,Manual,1,1396.0,21.9,370000.0
Hyundai,Grand,2016,50000.0,Petrol,Manual,1,1197.0,18.9,500000.0
Tata,Indica,2005,50000.0,Diesel,Manual,2,1396.0,18.8,95000.0
Tata,Indica,2012,185000.0,Diesel,Manual,2,1405.0,19.4,140000.0
Maruti,Swift,2019,40000.0,Petrol,Manual,1,1197.0,21.21,550000.0
Renault,KWID,2017,30000.0,Petrol,Manual,1,999.0,23.01,300000.0
Tata,Indigo,2011,120000.0,Diesel,Manual,1,1396.0,23.03,150000.0
Maruti,Wagon,2011,500000.0,Petrol,Manual,2,998.0,18.9,229999.0
Mahindra,Scorpio,2017,46000.0,Diesel,Manual,1,2179.0,15.4,880000.0
Toyota,Fortuner,2011,120000.0,Diesel,Manual,1,2982.0,11.5,900000.0
Mahindra,Scorpio,2015,80000.0,Diesel,Manual,1,2523.0,15.4,720000.0
Hyundai,i20,2016,90000.0,Diesel,Manual,2,1396.0,22.54,550000.0
Mahindra,Scorpio,2015,90000.0,Diesel,Manual,1,2523.0,15.4,720000.0
Hyundai,Santro,2006,80000.0,Petrol,Manual,2,1197.0,19.81,70000.0
Maruti,Swift,2016,70000.0,Diesel,Manual,1,1248.0,25.2,535000.0
Hyundai,Xcent,2015,91000.0,Diesel,Manual,3,1120.0,24.4,320000.0
Hyundai,i20,2015,90000.0,Diesel,Manual,1,1396.0,22.54,500000.0
Maruti,Ertiga,2014,110000.0,Diesel,Manual,2,1248.0,20.77,525000.0
Renault,KWID,2019,90000.0,Petrol,Manual,1,999.0,23.01,220000.0
Tata,Tiago,2018,50000.0,Petrol,Manual,1,1199.0,23.84,350000.0
Mahindra,TUV,2016,60000.0,Diesel,Manual,1,1493.0,18.49,530000.0
Maruti,Alto,2013,35000.0,Petrol,Manual,1,796.0,22.74,215000.0
Volkswagen,Vento,2012,100000.0,Diesel,Manual,1,1598.0,20.54,335000.0
Hyundai,Xcent,2015,90000.0,Diesel,Manual,2,1120.0,24.4,320000.0
Ford,Figo,2011,120000.0,Diesel,Manual,2,1399.0,20.0,135000.0
Maruti,A-Star,2009,95000.0,Petrol,Manual,2,998.0,19.0,175000.0
Mahindra,Bolero,2017,35000.0,Diesel,Manual,1,2523.0,15.96,800000.0
Tata,Indica,2007,38000.0,Petrol,Manual,2,1193.0,15.3,78000.0
Honda,City,2014,56000.0,Petrol,Manual,2,1497.0,17.4,565000.0
Hyundai,i20,2017,50000.0,Diesel,Manual,1,1396.0,22.54,575000.0
Hyundai,EON,2014,70000.0,Petrol,Manual,2,814.0,21.1,170000.0
Maruti,Alto,2014,30000.0,Petrol,Manual,1,796.0,22.74,250999.0
Mahindra,XUV500,2015,188000.0,Diesel,Manual,1,2179.0,16.0,950000.0
Honda,City,2014,60000.0,Petrol,Manual,1,1497.0,17.8,650000.0
Tata,Safari,2013,133000.0,Diesel,Manual,1,2179.0,14.0,550000.0
Toyota,Innova,2010,160000.0,Diesel,Manual,1,2494.0,12.8,650000.0
Mahindra,XUV500,2013,150000.0,Diesel,Manual,2,2179.0,15.1,800000.0
Maruti,Alto,2020,30000.0,Petrol,Manual,1,796.0,22.05,250999.0
Maruti,Alto,2013,60000.0,Petrol,Manual,2,796.0,22.74,170000.0
Tata,Indigo,2013,30000.0,Diesel,Manual,1,1396.0,19.09,250000.0
Chevrolet,Enjoy,2014,80000.0,Petrol,Manual,1,1399.0,13.7,312000.0
Maruti,Alto,2014,20000.0,Petrol,Manual,1,796.0,22.74,250000.0
Hyundai,EON,2013,80000.0,Petrol,Manual,1,814.0,21.1,200000.0
Mahindra,Scorpio,2016,73000.0,Diesel,Manual,1,2523.0,15.4,670000.0
Hyundai,EON,2017,50000.0,Petrol,Manual,1,814.0,21.1,270000.0
Mahindra,Bolero,2012,200000.0,Diesel,Manual,1,2523.0,15.96,360000.0
Maruti,Swift,2018,46000.0,Diesel,Manual,1,1248.0,28.4,630000.0
Maruti,800,2003,36088.0,Petrol,Manual,1,796.0,16.1,55599.0
Mahindra,Supro,2018,50000.0,Diesel,Manual,1,909.0,23.5,400000.0
Hyundai,i20,2014,50000.0,Diesel,Manual,1,1396.0,22.54,420000.0
Maruti,Ciaz,2018,25000.0,Petrol,Manual,1,1373.0,20.73,764000.0
Mahindra,Bolero,2019,30000.0,Diesel,Manual,1,2523.0,15.96,710000.0
Tata,Hexa,2018,30000.0,Diesel,Manual,1,2179.0,17.6,1575000.0
Force,One,2018,13000.0,Diesel,Manual,1,2200.0,17.0,1050000.0
Maruti,XL6,2019,15000.0,Petrol,Manual,1,1462.0,19.01,1000000.0
Maruti,SX4,2017,44000.0,Diesel,Manual,1,1248.0,23.65,650000.0
Ford,EcoSport,2015,63000.0,Diesel,Manual,1,1498.0,22.77,600000.0
Mahindra,TUV,2016,110000.0,Diesel,Manual,1,1493.0,18.49,509999.0
Hyundai,Xcent,2017,14000.0,Petrol,Manual,1,1197.0,19.1,610000.0
Maruti,Alto,2017,35000.0,Petrol,Manual,1,796.0,24.7,310000.0
Mahindra,Bolero,2016,35000.0,Diesel,Manual,1,2523.0,15.96,720000.0
Tata,Indigo,2012,110000.0,Diesel,Manual,2,1396.0,19.09,158000.0
Tata,Indigo,2011,85700.0,Diesel,Manual,2,1405.0,17.0,175000.0
Maruti,Ritz,2010,120000.0,Diesel,Manual,1,1248.0,21.1,217000.0
Honda,Amaze,2013,50000.0,Diesel,Manual,1,1498.0,25.8,484999.0
Toyota,Etios,2012,100000.0,Diesel,Manual,1,2494.0,12.99,315000.0
Hyundai,Xcent,2016,35000.0,Diesel,Manual,1,1120.0,24.4,550000.0
Maruti,Swift,2012,70000.0,Petrol,Manual,2,1197.0,18.6,280000.0
Ford,Classic,2013,90000.0,Petrol,Manual,1,1596.0,14.09,350000.0
Mahindra,XUV500,2017,42000.0,Diesel,Manual,2,2179.0,16.0,1150000.0
Hyundai,Grand,2016,30000.0,Petrol,Manual,2,1197.0,18.9,420000.0
Maruti,Ciaz,2017,80000.0,Petrol,Manual,1,1373.0,20.73,810000.0
Hyundai,i20,2011,90000.0,Petrol,Manual,3,1197.0,17.0,290000.0
Chevrolet,Beat,2012,60000.0,Petrol,Manual,1,1199.0,18.6,180000.0
Maruti,Eeco,2010,162000.0,Petrol,Manual,1,1196.0,15.37,160000.0
Tata,Nano,2017,70000.0,Petrol,Manual,3,624.0,23.9,66000.0
Maruti,Wagon,2015,20000.0,Petrol,Manual,2,998.0,20.51,369000.0
Tata,New,2012,80000.0,Diesel,Manual,2,2179.0,13.93,300000.0
Mahindra,Bolero,2008,90000.0,Diesel,Manual,1,2523.0,13.6,350000.0
Hyundai,i10,2008,120000.0,Petrol,Automatic,2,1197.0,19.2,220000.0
Chevrolet,Tavera,2005,220000.0,Diesel,Manual,1,2499.0,14.8,160000.0
Maruti,Swift,2009,100000.0,Diesel,Manual,2,1248.0,17.8,221000.0
Tata,Zest,2017,35000.0,Petrol,Manual,1,1193.0,17.57,400000.0
Toyota,Camry,2004,120000.0,Petrol,Manual,2,2362.0,13.4,250000.0
Mahindra,Bolero,2011,120000.0,Diesel,Manual,4,2523.0,13.6,390000.0
Maruti,Eeco,2012,110000.0,Petrol,Manual,1,1196.0,15.37,190000.0
Renault,KWID,2017,60000.0,Petrol,Manual,1,799.0,25.17,300000.0
Hyundai,i20,2017,27000.0,Diesel,Manual,1,1396.0,22.54,750000.0
Maruti,Swift,2016,50000.0,Diesel,Manual,1,1248.0,26.59,650000.0
Honda,Amaze,2018,40000.0,Petrol,Manual,1,1198.0,17.8,635000.0
Hyundai,Verna,2013,88000.0,Diesel,Manual,2,1582.0,22.32,520000.0
Mahindra,Scorpio,2020,50000.0,Diesel,Manual,1,2179.0,16.36,1500000.0
Hyundai,Verna,2012,80000.0,Diesel,Manual,2,1582.0,22.32,415000.0
Hyundai,Elite,2019,60000.0,Diesel,Manual,1,1396.0,22.54,700000.0
Maruti,Swift,2017,26000.0,Petrol,Manual,2,1197.0,21.21,484999.0
Ford,Fiesta,2007,80000.0,Petrol,Manual,2,1388.0,16.6,120000.0
Hyundai,EON,2014,60000.0,Petrol,Manual,2,814.0,21.1,220000.0
Hyundai,i10,2014,80000.0,Petrol,Manual,2,1197.0,20.36,320000.0
Maruti,Swift,2011,90000.0,Diesel,Manual,2,1248.0,22.9,375000.0
Hyundai,Verna,2012,80000.0,Diesel,Manual,2,1582.0,22.32,440000.0
Hyundai,Grand,2019,15000.0,Petrol,Automatic,1,1197.0,18.9,550000.0
Maruti,Swift,2017,35000.0,Diesel,Manual,2,1248.0,25.2,640000.0
Toyota,Etios,2014,120000.0,Diesel,Manual,1,1364.0,23.59,420000.0
Hyundai,Grand,2016,63000.0,Diesel,Manual,3,1120.0,24.0,330000.0
Volkswagen,Ameo,2019,25000.0,Diesel,Manual,1,1498.0,21.66,800000.0
Maruti,Wagon,2011,64500.0,Petrol,Manual,1,998.0,18.9,240000.0
Mahindra,KUV,2016,100000.0,Diesel,Manual,2,1198.0,25.32,360000.0
Hyundai,Verna,2017,40000.0,Diesel,Manual,1,1582.0,23.9,750000.0
Hyundai,i20,2017,15000.0,Petrol,Manual,2,1197.0,18.6,570000.0
Toyota,Etios,2015,25000.0,Diesel,Manual,1,1364.0,23.59,450000.0
Maruti,Ritz,2016,82000.0,Petrol,Manual,3,1197.0,18.5,270000.0
Maruti,Ertiga,2012,87000.0,Diesel,Manual,1,1248.0,20.77,459999.0
Maruti,Alto,2015,80000.0,Petrol,Manual,2,998.0,23.95,240000.0
Renault,Duster,2012,110000.0,Diesel,Manual,3,1461.0,19.01,320000.0
Tata,Manza,2011,148000.0,Diesel,Manual,2,1248.0,21.12,149000.0
Mahindra,Scorpio,2018,40000.0,Diesel,Manual,1,2179.0,16.36,1500000.0
Hyundai,Accent,2011,70000.0,Petrol,Manual,1,1495.0,16.36,180000.0
Hyundai,Santro,2012,70000.0,LPG,Manual,2,1086.0,13.45,185000.0
Maruti,800,2008,40000.0,Petrol,Manual,2,796.0,16.1,65000.0
Tata,Indigo,2010,120000.0,Diesel,Manual,1,1405.0,17.0,130000.0
Ford,Fiesta,2012,60000.0,Diesel,Manual,1,1399.0,17.8,330000.0
Tata,Manza,2011,90000.0,Diesel,Manual,1,1248.0,18.8,190000.0
Maruti,Swift,2014,68000.0,Diesel,Manual,1,1248.0,22.9,501000.0
Honda,Amaze,2017,24500.0,Diesel,Manual,1,1498.0,25.8,600000.0
Mahindra,XUV500,2012,77000.0,Diesel,Manual,2,2179.0,15.1,570000.0
Honda,Amaze,2015,85000.0,Diesel,Manual,1,1498.0,25.8,450000.0
Toyota,Etios,2011,45500.0,Petrol,Manual,1,1496.0,16.78,285000.0
Maruti,Swift,2014,67000.0,Diesel,Manual,1,1248.0,28.4,490000.0
Maruti,Swift,2014,77000.0,Diesel,Manual,1,1248.0,28.4,500000.0
Hyundai,EON,2016,47000.0,Petrol,Manual,1,814.0,21.1,275000.0
Tata,Tiago,2017,57000.0,Petrol,Manual,1,1199.0,23.84,440000.0
Hyundai,i20,2018,71500.0,Diesel,Manual,1,1396.0,22.54,825000.0
Toyota,Etios,2012,110000.0,Diesel,Manual,1,1364.0,23.59,411000.0
Maruti,Swift,2013,82000.0,Diesel,Manual,2,1248.0,26.59,470000.0
Maruti,Swift,2013,70000.0,Diesel,Manual,2,1248.0,28.4,445000.0
Maruti,Baleno,2017,28000.0,Diesel,Manual,1,1248.0,27.39,752000.0
Skoda,Rapid,2016,125000.0,Diesel,Manual,2,1498.0,21.14,650000.0
Maruti,Swift,2013,67000.0,Diesel,Manual,2,1248.0,28.4,450000.0
Honda,City,2011,93500.0,Petrol,Manual,3,1497.0,17.0,350000.0
Maruti,Swift,2012,8500.0,Petrol,Manual,1,1197.0,22.0,511000.0
Maruti,Baleno,2016,80000.0,Diesel,Manual,1,1248.0,27.39,700000.0
Toyota,Innova,2016,30000.0,Diesel,Automatic,1,2755.0,11.36,1800000.0
Ford,Figo,2018,14200.0,Petrol,Manual,1,1196.0,18.16,550000.0
Ford,Fiesta,2007,97000.0,Petrol,Manual,1,1388.0,16.6,142000.0
Tata,New,2012,90000.0,Diesel,Manual,1,2179.0,13.93,725000.0
Hyundai,i20,2017,30000.0,Petrol,Manual,1,1197.0,18.6,630000.0
Hyundai,i20,2015,50000.0,Petrol,Manual,1,1197.0,18.6,480000.0
Maruti,Alto,2016,30000.0,Petrol,Manual,1,998.0,23.95,330000.0
Maruti,Gypsy,2017,20000.0,Petrol,Manual,1,1298.0,11.96,500000.0
Volkswagen,Polo,2012,60300.0,Diesel,Manual,1,1199.0,22.07,300000.0
Tata,Zest,2015,35000.0,Diesel,Manual,1,1248.0,23.0,400000.0
Tata,Safari,2011,80000.0,Diesel,Manual,1,2179.0,13.93,320000.0
Hyundai,i10,2008,44391.0,Petrol,Manual,2,1086.0,19.81,180000.0
Maruti,Baleno,2016,58000.0,Diesel,Manual,1,1248.0,27.39,530000.0
Mahindra,Bolero,2015,40000.0,Diesel,Manual,1,2523.0,15.96,600000.0
Maruti,Ertiga,2017,66000.0,Diesel,Manual,2,1248.0,24.52,780000.0
Honda,City,2016,110000.0,Diesel,Manual,1,1498.0,26.0,700000.0
Chevrolet,Beat,2013,56315.0,Diesel,Manual,1,936.0,25.44,175000.0
Mahindra,Bolero,2017,70000.0,Diesel,Manual,1,1493.0,16.5,735000.0
Toyota,Etios,2013,120000.0,Diesel,Manual,1,1364.0,23.59,325000.0
Chevrolet,Tavera,2006,100000.0,Diesel,Manual,1,2499.0,14.8,225000.0
Tata,Zest,2015,90000.0,Diesel,Manual,2,1248.0,23.0,350000.0
Maruti,Wagon,2006,120000.0,LPG,Manual,3,1061.0,17.3,110000.0
Maruti,Zen,2007,160000.0,Petrol,Manual,4,998.0,18.2,85000.0
Toyota,Corolla,2006,100000.0,Petrol,Manual,4,1794.0,13.4,150000.0
Maruti,Swift,2009,120000.0,Diesel,Manual,3,1248.0,19.3,225000.0
Tata,Indica,2010,100000.0,Diesel,Manual,2,1248.0,18.0,111000.0
Maruti,Wagon,2007,70000.0,Petrol,Manual,3,1061.0,18.9,150000.0
Hyundai,EON,2017,15151.0,Petrol,Manual,2,814.0,21.1,300000.0
Mahindra,Scorpio,2015,60000.0,Diesel,Manual,1,1997.0,15.4,630000.0
Hyundai,i10,2011,100000.0,Petrol,Manual,1,1086.0,19.81,206000.0
Maruti,Wagon,2006,110000.0,Petrol,Manual,4,998.0,18.9,70000.0
Hyundai,Grand,2019,7000.0,Petrol,Automatic,1,1197.0,18.9,567000.0
Maruti,Wagon,2005,35000.0,Petrol,Manual,1,998.0,18.9,65000.0
Maruti,Swift,2016,60000.0,Diesel,Manual,2,1248.0,26.59,550000.0
Hyundai,i10,2010,70000.0,Petrol,Manual,4,1197.0,20.36,140000.0
Renault,KWID,2016,30000.0,Petrol,Manual,1,799.0,25.17,300000.0
Ford,EcoSport,2013,70000.0,Petrol,Manual,2,1499.0,15.85,500000.0
Hyundai,Grand,2015,128000.0,Petrol,Manual,1,1197.0,18.9,400000.0
Maruti,Swift,2011,160000.0,Diesel,Manual,2,1197.0,21.21,340000.0
Toyota,Innova,2012,120000.0,Diesel,Manual,2,2494.0,12.8,850000.0
Maruti,Swift,2014,15000.0,Diesel,Manual,1,1248.0,25.2,570000.0
Maruti,Swift,2017,60000.0,Diesel,Manual,1,1248.0,28.4,699000.0
Honda,Brio,2013,80000.0,Petrol,Manual,1,1198.0,19.4,355000.0
Maruti,Swift,2016,80000.0,Diesel,Manual,1,1248.0,26.59,690000.0
Ford,Fiesta,2006,114321.0,Diesel,Manual,2,1399.0,17.8,180000.0
Tata,Indica,2013,120000.0,Diesel,Manual,1,1405.0,19.4,200000.0
Mahindra,Scorpio,2012,120000.0,Diesel,Manual,2,2179.0,12.05,575000.0
Toyota,Etios,2014,146000.0,Diesel,Manual,1,1364.0,23.59,415000.0
Hyundai,i10,2012,30000.0,LPG,Manual,1,1086.0,19.2,350000.0
Hyundai,EON,2017,20000.0,Petrol,Manual,1,814.0,21.1,350000.0
Toyota,Platinum,2017,150000.0,Diesel,Manual,1,1364.0,23.59,632000.0
Maruti,Eeco,2014,70000.0,CNG,Manual,2,1196.0,21.94,325000.0
Hyundai,Elantra,2013,90000.0,Petrol,Manual,2,1797.0,16.3,511000.0
Honda,City,2010,100000.0,Petrol,Manual,3,1497.0,17.0,300000.0
Maruti,Wagon,2005,188000.0,Petrol,Manual,4,998.0,18.9,70000.0
Hyundai,i10,2008,100000.0,Petrol,Manual,3,1086.0,19.81,180000.0
Jaguar,XE,2017,9000.0,Diesel,Automatic,1,1999.0,13.6,2711000.0
Lexus,ES,2019,20000.0,Petrol,Automatic,1,2487.0,22.37,5150000.0
Jaguar,XF,2017,45000.0,Diesel,Automatic,1,1999.0,19.33,3200000.0
Tata,Safari,2015,110000.0,Diesel,Manual,1,2179.0,14.1,503000.0
Volvo,XC40,2019,20000.0,Diesel,Automatic,1,1969.0,18.0,3800000.0
Toyota,Camry,2016,68089.0,Petrol,Automatic,1,2494.0,19.16,2000000.0
Maruti,Wagon,2013,58343.0,Petrol,Manual,1,998.0,21.79,225000.0
Maruti,Baleno,2018,38817.0,Diesel,Manual,1,1248.0,27.39,740000.0
Honda,Jazz,2016,56494.0,Petrol,Manual,1,1199.0,18.2,550000.0
Toyota,Innova,2013,79328.0,Diesel,Manual,2,2494.0,12.99,750000.0
Maruti,Swift,2019,5621.0,Petrol,Automatic,1,1197.0,22.0,650000.0
Toyota,Etios,2017,25538.0,Petrol,Manual,1,1496.0,16.78,625000.0
Maruti,Swift,2018,69779.0,Petrol,Automatic,1,1197.0,22.0,600000.0
Hyundai,Grand,2017,56290.0,Diesel,Manual,1,1186.0,24.0,450000.0
BMW,X4,2019,7500.0,Diesel,Automatic,1,1995.0,16.78,5400000.0
BMW,X4,2019,8500.0,Diesel,Automatic,1,1995.0,16.78,5500000.0
Honda,Amaze,2019,7032.0,Petrol,Automatic,1,1199.0,19.0,779000.0
Skoda,Rapid,2016,11000.0,Petrol,Automatic,1,1598.0,14.3,645000.0
Volvo,V40,2018,2000.0,Diesel,Automatic,1,1984.0,16.8,2475000.0
Hyundai,i20,2017,37333.0,Petrol,Manual,1,1197.0,18.6,730000.0
Maruti,Ertiga,2014,15000.0,Diesel,Manual,2,1248.0,20.77,450000.0
Hyundai,Sonata,2012,330000.0,Petrol,Manual,2,2359.0,13.44,550000.0
Maruti,Wagon,2017,60000.0,CNG,Manual,1,998.0,26.6,420000.0
Toyota,Etios,2016,80000.0,Diesel,Manual,2,1364.0,23.59,509999.0
Toyota,Innova,2015,110000.0,Diesel,Manual,1,2494.0,12.99,905000.0
Maruti,Swift,2010,134000.0,Diesel,Manual,2,1197.0,21.21,240000.0
Maruti,Alto,2011,72000.0,Petrol,Manual,2,796.0,19.7,140000.0
Toyota,Innova,2006,140000.0,Diesel,Manual,2,2494.0,12.8,300000.0
Maruti,Ritz,2015,80000.0,Petrol,Manual,2,1197.0,18.5,300000.0
Maruti,Swift,2010,120000.0,Diesel,Manual,2,1248.0,19.3,225000.0
Toyota,Innova,2015,90000.0,Diesel,Manual,2,2494.0,12.99,860000.0
Renault,Duster,2012,100000.0,Diesel,Manual,2,1461.0,20.46,400000.0
Maruti,Swift,2009,90000.0,Petrol,Manual,3,1298.0,17.5,190000.0
Honda,Amaze,2013,140000.0,Diesel,Manual,3,1498.0,25.8,350000.0
Chevrolet,Spark,2010,120000.0,Petrol,Manual,1,995.0,18.0,75000.0
Maruti,Vitara,2019,35000.0,Diesel,Automatic,1,1248.0,24.3,860000.0
Maruti,Alto,2014,50000.0,Petrol,Manual,2,998.0,23.95,250000.0
Hyundai,Verna,2017,82000.0,Diesel,Manual,1,1396.0,24.8,700000.0
Maruti,Swift,2014,70000.0,Diesel,Manual,3,1248.0,25.2,399000.0
Maruti,Ritz,2016,90000.0,Petrol,Manual,1,1197.0,18.5,320000.0
Toyota,Fortuner,2015,60000.0,Diesel,Automatic,1,2982.0,12.55,2000000.0
Skoda,Octavia,2014,79000.0,Diesel,Manual,2,1968.0,20.6,1100000.0
Toyota,Innova,2011,291000.0,Diesel,Manual,2,2494.0,12.8,750000.0
Toyota,Innova,2010,250000.0,Diesel,Manual,2,2494.0,12.8,750000.0
Mahindra,Bolero,2018,20000.0,Diesel,Manual,1,2523.0,15.96,530000.0
Maruti,Ciaz,2017,53000.0,Diesel,Manual,1,1248.0,28.09,750000.0
Nissan,Micra,2017,21500.0,Petrol,Automatic,1,1198.0,19.34,560000.0
Tata,Tiago,2017,89000.0,Diesel,Manual,1,1047.0,27.28,450000.0
Maruti,Swift,2013,35000.0,Petrol,Manual,2,1197.0,19.1,459999.0
Maruti,Zen,2013,43000.0,Petrol,Manual,2,998.0,19.0,235000.0
Hyundai,Santro,2009,80000.0,Petrol,Manual,2,1086.0,17.92,180000.0
Hyundai,Santro,2007,80000.0,Petrol,Manual,2,1086.0,17.8,140000.0
Hyundai,i20,2014,110000.0,Diesel,Manual,1,1396.0,22.54,620000.0
Hyundai,EON,2012,100000.0,Petrol,Manual,1,814.0,21.1,190000.0
Hyundai,EON,2018,25000.0,Petrol,Manual,1,814.0,21.1,380000.0
Ford,EcoSport,2019,20000.0,Diesel,Manual,1,1498.0,23.0,1145000.0
Tata,Zest,2017,70000.0,Diesel,Manual,1,1248.0,22.95,540000.0
Toyota,Innova,2011,197000.0,Diesel,Manual,1,2494.0,12.8,800000.0
Maruti,Wagon,2006,100000.0,Petrol,Manual,2,1061.0,14.0,150000.0
Maruti,800,1995,70000.0,Petrol,Manual,1,796.0,16.1,55000.0
Mahindra,XUV500,2015,140000.0,Diesel,Manual,1,2179.0,16.0,919999.0
Maruti,Esteem,2008,86000.0,Petrol,Manual,2,1197.0,21.21,75000.0
Maruti,Alto,2009,50000.0,Petrol,Manual,1,796.0,19.7,135000.0
Tata,Tiago,2017,40300.0,Petrol,Manual,1,1199.0,23.84,340000.0
Toyota,Innova,2010,120000.0,Diesel,Manual,2,2494.0,12.8,525000.0
Maruti,Celerio,2016,25000.0,Petrol,Manual,2,998.0,23.1,411000.0
Maruti,Wagon,2010,155000.0,Petrol,Manual,3,998.0,18.9,150000.0
Honda,Jazz,2015,50000.0,Petrol,Automatic,1,1199.0,19.0,575000.0
Hyundai,i20,2017,30030.0,Petrol,Manual,1,1197.0,18.6,595000.0
Hyundai,Xcent,2017,29029.0,Petrol,Manual,1,1197.0,19.1,525000.0
Maruti,Ritz,2012,72072.0,Diesel,Manual,1,1248.0,21.1,335000.0
Ford,Figo,2012,54000.0,Diesel,Manual,1,1399.0,20.0,300000.0
Hyundai,i20,2012,82082.0,Diesel,Manual,1,1396.0,22.54,415000.0
Mahindra,XUV500,2016,48000.0,Diesel,Manual,2,2179.0,16.0,925000.0
Maruti,Ertiga,2016,20000.0,Petrol,Manual,1,1373.0,17.5,750000.0
Hyundai,Verna,2018,49000.0,Diesel,Automatic,1,1582.0,22.0,1150000.0
Datsun,GO,2015,35000.0,Petrol,Manual,3,1198.0,19.44,260000.0
Maruti,Alto,2017,67000.0,CNG,Manual,1,796.0,33.44,260000.0
Maruti,Swift,2011,80600.0,Diesel,Manual,1,1248.0,19.3,347000.0
Hyundai,EON,2013,58609.0,Petrol,Manual,2,814.0,21.1,195000.0
Fiat,Punto,2016,33003.0,Petrol,Manual,1,1172.0,15.7,265000.0
Maruti,Wagon,2016,43000.0,CNG,Manual,2,998.0,26.6,320000.0
Hyundai,i20,2016,16500.0,Petrol,Manual,1,1197.0,18.6,590000.0
Toyota,Innova,2012,138000.0,Diesel,Manual,2,2494.0,12.8,650000.0
Mahindra,Scorpio,2013,165500.0,Diesel,Manual,2,2523.0,14.0,509999.0
Maruti,Swift,2011,120000.0,Diesel,Manual,2,1248.0,19.3,350000.0
Tata,Nexon,2018,30000.0,Diesel,Manual,1,1497.0,21.5,749000.0
Tata,Indigo,2010,70000.0,Diesel,Manual,2,1396.0,19.09,150000.0
Hyundai,Santro,2001,80000.0,Petrol,Manual,2,1197.0,19.81,33983.0
Maruti,Zen,2003,170000.0,Petrol,Manual,3,993.0,17.3,58000.0
Mahindra,Verito,2011,120000.0,Diesel,Manual,3,1461.0,21.0,200000.0
Mahindra,Jeep,1998,47990.0,Diesel,Manual,2,2179.0,15.96,210000.0
Tata,Indica,2014,168000.0,Diesel,Manual,2,1248.0,22.3,240000.0
Honda,Amaze,2017,60000.0,Diesel,Manual,2,1498.0,25.8,515000.0
Maruti,Alto,2008,120000.0,Petrol,Manual,2,796.0,19.7,145000.0
Maruti,Wagon,2016,5800.0,Petrol,Manual,2,998.0,20.51,450000.0
Maruti,A-Star,2010,68700.0,Petrol,Manual,3,998.0,19.0,179000.0
Hyundai,Verna,2007,108000.0,Petrol,Manual,3,1599.0,13.9,220000.0
Tata,Zest,2020,40000.0,Petrol,Manual,1,1193.0,17.57,500000.0
Ford,Fiesta,2009,100000.0,Diesel,Manual,2,1399.0,17.8,190000.0
Chevrolet,Beat,2015,40000.0,Diesel,Manual,1,936.0,25.44,200000.0
Ford,EcoSport,2018,90000.0,Petrol,Manual,1,1497.0,17.0,850000.0
Volkswagen,Polo,2011,60000.0,Petrol,Manual,2,1198.0,16.47,270000.0
Hyundai,EON,2016,17000.0,Petrol,Manual,1,814.0,21.1,335000.0
Maruti,Wagon,2018,5000.0,Petrol,Manual,1,998.0,20.51,459999.0
Maruti,Vitara,2017,60000.0,Diesel,Manual,1,1248.0,24.3,710000.0
Maruti,Swift,2015,140000.0,Diesel,Manual,2,1248.0,26.59,330000.0
Jeep,Compass,2017,15000.0,Diesel,Manual,1,1956.0,17.1,1515000.0
Tata,Nexon,2018,25000.0,Petrol,Manual,1,1198.0,17.0,750000.0
Chevrolet,Spark,2016,50000.0,Petrol,Manual,2,995.0,16.2,160000.0
Chevrolet,Beat,2016,60000.0,Diesel,Manual,2,936.0,25.44,215000.0
Tata,Nano,2012,40000.0,Petrol,Manual,2,624.0,25.4,60000.0
Maruti,Swift,2014,72000.0,Petrol,Manual,1,1197.0,19.1,480000.0
Tata,Manza,2012,195000.0,Diesel,Manual,2,1248.0,21.12,140000.0
Hyundai,EON,2012,70000.0,Petrol,Manual,1,814.0,21.1,200000.0
Nissan,Micra,2013,83000.0,Diesel,Manual,1,1461.0,23.08,400000.0
Hyundai,EON,2012,100000.0,Petrol,Manual,2,814.0,21.1,180000.0
Maruti,Swift,2015,25000.0,Petrol,Manual,1,1197.0,20.4,550000.0
Maruti,Swift,2016,50000.0,Diesel,Manual,1,1248.0,25.2,550000.0
Maruti,Ertiga,2012,67000.0,Diesel,Manual,1,1248.0,20.77,550000.0
Maruti,Zen,2011,30000.0,Petrol,Manual,1,998.0,19.0,270000.0
Renault,Pulse,2013,85000.0,Diesel,Manual,1,1461.0,23.08,315000.0
Mahindra,Thar,2018,25000.0,Diesel,Manual,1,2498.0,16.55,875000.0
Toyota,Innova,2007,170000.0,Diesel,Manual,1,2494.0,12.8,400000.0
Mahindra,Scorpio,2014,110000.0,Diesel,Manual,1,2523.0,14.0,540000.0
Maruti,Wagon,2017,60000.0,CNG,Manual,1,998.0,26.6,350000.0
Hyundai,Verna,2011,80000.0,Diesel,Manual,2,1582.0,22.32,360000.0
Maruti,Wagon,2014,31000.0,Petrol,Manual,1,998.0,20.51,300000.0
Hyundai,Grand,2014,100000.0,Diesel,Manual,1,1120.0,24.0,350000.0
Mahindra,NuvoSport,2016,130000.0,Diesel,Manual,1,1493.0,17.45,650000.0
Maruti,Wagon,2016,20000.0,Petrol,Manual,1,998.0,20.51,350000.0
Ford,EcoSport,2017,60000.0,Diesel,Manual,1,1498.0,22.77,700000.0
Maruti,Swift,2013,102996.0,Diesel,Manual,2,1248.0,23.4,415000.0
Mahindra,Marazzo,2019,5000.0,Diesel,Manual,1,1497.0,17.3,1460000.0
Tata,Nexon,2017,35000.0,Diesel,Manual,1,1497.0,21.5,830000.0
Datsun,GO,2018,5000.0,Petrol,Manual,2,1198.0,20.63,430000.0
Ford,EcoSport,2017,60000.0,Diesel,Manual,1,1498.0,22.77,850000.0
Maruti,Swift,2017,70000.0,Petrol,Manual,1,1197.0,20.85,650000.0
Hyundai,Verna,2008,120000.0,Diesel,Manual,2,1493.0,16.8,120000.0
Mahindra,TUV,2016,65100.0,Diesel,Manual,2,1493.0,18.49,730000.0
Maruti,Ignis,2019,20000.0,Petrol,Automatic,1,1197.0,20.89,525000.0
Hyundai,i20,2015,108000.0,Diesel,Manual,1,1396.0,21.19,600000.0
Maruti,Swift,2019,15000.0,Petrol,Manual,1,1197.0,21.21,500000.0
Hyundai,Santro,2009,77000.0,Petrol,Manual,1,1086.0,17.92,150000.0
Maruti,Wagon,2015,18500.0,Petrol,Manual,1,998.0,20.51,409999.0
Mahindra,TUV,2016,120000.0,Diesel,Manual,1,1493.0,18.49,625000.0
Renault,KWID,2015,15200.0,Petrol,Manual,1,799.0,25.17,290000.0
Honda,Mobilio,2015,35000.0,Petrol,Manual,1,1497.0,17.3,500000.0
Hyundai,Verna,2011,80000.0,Diesel,Manual,1,1582.0,22.32,475000.0
Hyundai,EON,2013,70000.0,Petrol,Manual,1,814.0,21.1,190000.0
Mahindra,XUV500,2014,80000.0,Diesel,Manual,2,2179.0,15.1,750000.0
Nissan,Terrano,2014,120000.0,Diesel,Manual,2,1461.0,19.01,525000.0
Chevrolet,Cruze,2012,82000.0,Diesel,Manual,3,1998.0,17.3,495000.0
Hyundai,i20,2015,60000.0,Diesel,Manual,1,1396.0,22.54,550000.0
Mahindra,XUV500,2012,129000.0,Diesel,Manual,3,2179.0,15.1,595000.0
Fiat,Grande,2015,67000.0,Diesel,Manual,1,1248.0,21.2,550000.0
Toyota,Fortuner,2015,120000.0,Diesel,Manual,1,2494.0,13.0,2000000.0
Tata,Safari,2010,120000.0,Diesel,Manual,4,2179.0,13.93,400000.0
Fiat,Avventura,2015,96500.0,Diesel,Manual,1,1248.0,20.5,500000.0
Maruti,Wagon,2017,52412.0,Petrol,Manual,1,998.0,18.9,340000.0
Mahindra,Scorpio,2012,85472.0,Diesel,Manual,1,2179.0,12.05,480000.0
Ford,EcoSport,2013,87452.0,Diesel,Manual,2,1498.0,22.77,480000.0
Ford,EcoSport,2018,17000.0,Diesel,Manual,1,1498.0,23.0,750000.0
Maruti,Wagon,2008,66530.0,Petrol,Manual,2,1061.0,18.9,100000.0
Hyundai,i20,2013,40000.0,Petrol,Manual,1,1197.0,18.5,290000.0
Fiat,Avventura,2015,96500.0,Diesel,Manual,1,1248.0,20.5,425000.0
Honda,City,2010,79000.0,Petrol,Manual,1,1497.0,16.8,285000.0
Mahindra,TUV,2016,50000.0,Diesel,Manual,1,1493.0,18.49,625000.0
Fiat,Grande,2012,60000.0,Diesel,Manual,2,1248.0,20.3,170000.0
Tata,Zest,2018,35000.0,Petrol,Manual,1,1193.0,17.57,459999.0
Fiat,Avventura,2015,120000.0,Diesel,Manual,1,1248.0,20.5,450000.0
Maruti,Swift,2019,10000.0,Petrol,Automatic,1,1197.0,21.21,650000.0
Hyundai,i20,2017,15000.0,Petrol,Manual,1,1197.0,17.19,600000.0
Maruti,Alto,2013,70000.0,CNG,Manual,2,796.0,30.46,178000.0
Maruti,Alto,2016,5000.0,Petrol,Manual,1,796.0,22.74,300000.0
Maruti,Alto,2009,40000.0,Petrol,Manual,1,796.0,19.7,150000.0
Hyundai,Elite,2019,10000.0,Petrol,Manual,1,1197.0,18.6,590000.0
Hyundai,EON,2016,25000.0,Petrol,Manual,1,814.0,21.1,310000.0
Tata,Zest,2017,53000.0,Petrol,Manual,1,1193.0,17.57,400000.0
Mahindra,Scorpio,2014,110000.0,Diesel,Manual,2,2179.0,12.05,520000.0
Ashok,Leyland,2013,200000.0,Diesel,Manual,2,1461.0,20.07,300000.0
Mahindra,XUV300,2019,22000.0,Petrol,Manual,1,1197.0,17.0,1000000.0
Maruti,Wagon,2003,70000.0,Petrol,Manual,4,998.0,18.9,65000.0
Honda,Amaze,2015,75000.0,Diesel,Manual,2,1498.0,25.8,509999.0
Maruti,Wagon,2012,70000.0,Petrol,Manual,1,998.0,18.9,221000.0
Volkswagen,Vento,2014,64000.0,Petrol,Manual,3,1598.0,15.04,390000.0
Maruti,Gypsy,2002,60000.0,Petrol,Manual,1,1298.0,11.96,350000.0
Maruti,Alto,2009,40000.0,Petrol,Manual,1,796.0,19.7,195000.0
Audi,Q7,2010,110000.0,Diesel,Automatic,2,2967.0,12.07,1750000.0
Mahindra,Scorpio,2013,60000.0,Diesel,Manual,1,2179.0,12.05,600000.0
Hyundai,i20,2015,72000.0,Diesel,Manual,1,1396.0,22.54,615000.0
Hyundai,i20,2013,70000.0,Diesel,Manual,2,1396.0,21.9,350000.0
Chevrolet,Beat,2012,75000.0,Diesel,Manual,1,936.0,25.44,140000.0
Hyundai,i20,2017,32331.0,Diesel,Manual,2,1396.0,22.54,650000.0
Hyundai,Creta,2016,70000.0,Diesel,Manual,1,1582.0,19.67,1100000.0
Hyundai,i20,2010,80000.0,Diesel,Manual,2,1396.0,23.0,285000.0
Chevrolet,Spark,2011,20000.0,Petrol,Manual,2,995.0,18.0,190000.0
Nissan,Sunny,2012,110000.0,Petrol,Manual,1,1498.0,16.95,350000.0
Hyundai,Grand,2014,40000.0,Petrol,Manual,2,1197.0,18.9,400000.0
Toyota,Innova,2016,40000.0,Petrol,Automatic,1,2694.0,10.75,2100000.0
Hyundai,i20,2015,90000.0,Petrol,Manual,2,1197.0,18.6,434999.0
Maruti,Swift,2014,50000.0,Petrol,Manual,2,1197.0,19.1,450000.0
Daewoo,Matiz,2001,137000.0,Petrol,Manual,1,796.0,18.5,45000.0
Hyundai,i20,2015,60000.0,Petrol,Manual,1,1197.0,18.6,450000.0
Maruti,Swift,2017,30000.0,Diesel,Manual,1,1248.0,25.2,580000.0
Hyundai,Creta,2016,98000.0,Diesel,Manual,1,1582.0,19.67,900000.0
Maruti,Ertiga,2016,50000.0,Diesel,Manual,1,1248.0,24.52,750000.0
Tata,Indigo,2009,120000.0,Diesel,Manual,3,1396.0,19.09,140000.0
Hyundai,Grand,2017,30000.0,Petrol,Manual,1,1197.0,18.9,525000.0
Tata,Indigo,2009,120000.0,Diesel,Manual,3,1396.0,19.09,114999.0
Tata,Tiago,2016,40000.0,Petrol,Manual,1,1199.0,23.84,399000.0
Hyundai,Santro,2006,100000.0,Petrol,Manual,2,1197.0,19.81,150000.0
Tata,Indica,2012,90000.0,Diesel,Manual,2,1405.0,19.0,275000.0
Hyundai,i20,2011,80000.0,Diesel,Manual,2,1396.0,21.9,340000.0
Hyundai,EON,2012,120000.0,LPG,Manual,1,814.0,21.1,222000.0
Mahindra,Ssangyong,2013,200000.0,Diesel,Automatic,1,2696.0,11.18,850000.0
Tata,Indica,2007,110000.0,Diesel,Manual,2,1396.0,17.2,70000.0
Tata,Tiago,2017,38000.0,Petrol,Manual,2,1199.0,23.84,430000.0
Tata,Tiago,2017,35000.0,Petrol,Manual,2,1199.0,23.84,430000.0
Maruti,Wagon,2014,70000.0,Petrol,Manual,1,998.0,20.51,320000.0
Hyundai,Santro,2005,125000.0,Petrol,Manual,4,1197.0,19.81,95000.0
Renault,Fluence,2012,120000.0,Diesel,Manual,2,1461.0,21.8,500000.0
Renault,Duster,2012,110000.0,Diesel,Manual,2,1461.0,19.01,500000.0
Tata,Indica,2010,140000.0,Diesel,Manual,1,1248.0,18.4,229999.0
Mahindra,Scorpio,2009,155000.0,Diesel,Automatic,2,2179.0,11.79,600000.0
Hyundai,Santro,2007,120000.0,Petrol,Manual,2,1197.0,19.81,200000.0
Renault,Pulse,2017,80000.0,Diesel,Manual,2,1461.0,23.08,500000.0
Mahindra,Bolero,2010,120000.0,Diesel,Manual,2,2523.0,13.6,315000.0
Maruti,Wagon,2011,80000.0,Petrol,Manual,1,998.0,18.9,265000.0
Ford,Figo,2015,110000.0,Diesel,Manual,2,1498.0,25.83,350000.0
Tata,Indigo,2012,230000.0,Diesel,Manual,1,1396.0,23.57,200000.0
Tata,Indica,2011,172000.0,Diesel,Manual,2,1396.0,17.88,114999.0
Hyundai,i20,2014,25000.0,Petrol,Manual,1,1197.0,18.6,425000.0
Ford,EcoSport,2019,35000.0,Diesel,Manual,1,1498.0,23.0,900000.0
Mahindra,Scorpio,2014,126000.0,Diesel,Manual,1,2179.0,12.05,550000.0
Honda,WR-V,2018,30000.0,Diesel,Manual,1,1498.0,25.5,900000.0
Hyundai,i10,2011,97000.0,Petrol,Manual,3,1086.0,19.81,165000.0
Hyundai,Verna,2016,120000.0,Diesel,Automatic,1,1582.0,19.08,850000.0
Hyundai,Verna,2016,120000.0,Diesel,Manual,1,1582.0,23.9,850000.0
Mahindra,Thar,2014,80000.0,Diesel,Manual,2,2498.0,16.55,550000.0
Maruti,Swift,2011,60000.0,Diesel,Manual,2,1248.0,19.3,500000.0
Maruti,Swift,2018,15000.0,Petrol,Manual,1,1197.0,21.21,630000.0
Hyundai,i10,2011,60000.0,Petrol,Manual,1,1086.0,19.81,160000.0
Honda,City,2015,60000.0,Diesel,Manual,1,1498.0,25.1,670000.0
Maruti,Swift,2014,90000.0,Diesel,Manual,1,1248.0,22.9,430000.0
Hyundai,Xcent,2015,30000.0,Petrol,Manual,1,1197.0,19.1,375000.0
Hyundai,i20,2016,35000.0,Petrol,Manual,1,1197.0,18.6,650000.0
Maruti,Swift,2016,35000.0,Diesel,Manual,1,1248.0,26.59,500000.0
Maruti,Swift,2016,35000.0,Diesel,Manual,1,1248.0,26.59,500000.0
Mahindra,XUV500,2017,25000.0,Diesel,Manual,1,2179.0,16.0,1350000.0
Volkswagen,Ameo,2018,40000.0,Diesel,Manual,1,1498.0,21.66,600000.0
Hyundai,Creta,2017,25000.0,Diesel,Manual,1,1582.0,19.67,1200000.0
BMW,X6,2013,56000.0,Diesel,Automatic,1,2993.0,11.2,3750000.0
Maruti,Swift,2018,41779.0,Petrol,Manual,1,1197.0,21.21,795000.0
Honda,Jazz,2016,54000.0,Petrol,Manual,1,1199.0,18.7,625000.0
Mercedes-Benz,E-Class,2016,31000.0,Diesel,Automatic,1,2143.0,13.0,2900000.0
Maruti,Ignis,2017,37000.0,Diesel,Automatic,1,1248.0,26.8,625000.0
Chevrolet,Cruze,2011,90000.0,Diesel,Automatic,2,1991.0,18.1,440000.0
Toyota,Corolla,2018,13534.0,Petrol,Manual,1,1798.0,14.28,1400000.0
Toyota,Corolla,2017,7000.0,Petrol,Automatic,2,1794.0,14.53,1450000.0
Mercedes-Benz,GLA,2017,23000.0,Diesel,Automatic,1,2143.0,17.9,2700000.0
Hyundai,Grand,2017,23456.0,Petrol,Manual,1,1197.0,18.9,550000.0
Toyota,Innova,2019,43000.0,Diesel,Automatic,1,2755.0,11.36,1925000.0
Mahindra,XUV500,2015,39000.0,Diesel,Manual,1,2179.0,16.0,1225000.0
Honda,WR-V,2017,15000.0,Petrol,Manual,1,1199.0,17.5,700000.0
Maruti,Swift,2013,40000.0,Diesel,Manual,1,1248.0,23.4,530000.0
Kia,Seltos,2020,5000.0,Diesel,Automatic,1,1493.0,17.8,1900000.0
Maruti,Ciaz,2017,70000.0,Diesel,Manual,1,1248.0,28.09,844999.0
Skoda,Rapid,2016,99000.0,Diesel,Automatic,1,1498.0,21.66,650000.0
Maruti,Swift,2018,15000.0,Petrol,Manual,1,1197.0,22.0,750000.0
BMW,6,2018,28156.0,Diesel,Automatic,1,2993.0,17.09,6000000.0
Honda,Jazz,2015,30000.0,Petrol,Manual,1,1199.0,18.7,610000.0
Chevrolet,Beat,2010,70000.0,Petrol,Manual,1,1199.0,18.6,150000.0
Maruti,Swift,2014,40000.0,Petrol,Manual,1,1197.0,19.1,475000.0
Mahindra,Scorpio,2008,136500.0,Diesel,Manual,4,2609.0,12.7,375000.0
Mahindra,KUV,2016,70000.0,Diesel,Manual,2,1198.0,25.32,425000.0
Honda,City,2015,90000.0,Diesel,Manual,2,1498.0,25.1,800000.0
Maruti,800,1996,32000.0,Petrol,Manual,2,796.0,16.1,40000.0
Maruti,Wagon,2018,8000.0,Petrol,Automatic,2,998.0,20.51,509999.0
Toyota,Etios,2015,170000.0,Diesel,Manual,1,1364.0,23.59,387000.0
Maruti,Alto,2014,25000.0,Petrol,Manual,1,796.0,22.74,235000.0
Tata,Sumo,2000,120000.0,Diesel,Manual,4,1948.0,12.2,95000.0
Maruti,Swift,2010,110000.0,Diesel,Manual,3,1248.0,17.8,340000.0
Mahindra,XUV500,2016,100000.0,Diesel,Manual,1,2179.0,16.0,1000000.0
Ford,Ikon,2009,115000.0,Diesel,Manual,2,1399.0,13.8,160000.0
Mahindra,Scorpio,2008,120000.0,Diesel,Manual,4,2609.0,12.7,365000.0
Skoda,Fabia,2011,265000.0,Diesel,Manual,2,1199.0,20.86,300000.0
Maruti,Swift,2008,90000.0,Diesel,Manual,2,1248.0,17.8,260000.0
Honda,Jazz,2018,40000.0,Petrol,Automatic,1,1199.0,18.2,860000.0
Hyundai,Verna,2008,55000.0,Petrol,Manual,2,1599.0,13.9,114999.0
Maruti,Alto,2007,90000.0,Petrol,Manual,2,796.0,19.7,100000.0
Volkswagen,Vento,2014,111000.0,Diesel,Manual,1,1498.0,20.34,565000.0
Mahindra,Xylo,2013,120000.0,Diesel,Manual,2,2498.0,11.68,450000.0
Maruti,Baleno,2017,15000.0,Petrol,Manual,1,1197.0,21.4,625000.0
Maruti,Alto,2016,30000.0,Petrol,Manual,2,796.0,22.74,280000.0
Maruti,Alto,2017,50000.0,Petrol,Manual,1,998.0,23.95,330000.0
Hyundai,Creta,2015,40000.0,Diesel,Manual,1,1582.0,19.67,1300000.0
Tata,Indica,2008,50000.0,Petrol,Manual,2,1396.0,15.3,65000.0
Tata,Tiago,2018,45000.0,Petrol,Manual,2,1199.0,23.84,480000.0
Tata,Tiago,2016,35000.0,Diesel,Manual,2,1047.0,27.28,400000.0
Tata,New,2009,80000.0,Diesel,Manual,1,2179.0,13.93,500000.0
Mahindra,Xylo,2012,120000.0,Diesel,Manual,1,2498.0,11.68,320000.0
Mahindra,XUV500,2014,90000.0,Diesel,Manual,2,2179.0,15.1,750000.0
Mahindra,Bolero,2017,100000.0,Diesel,Manual,1,1493.0,16.5,620000.0
Maruti,Swift,2011,120000.0,Diesel,Manual,3,1248.0,19.3,300000.0
Hyundai,Creta,2018,15000.0,Petrol,Manual,1,1591.0,15.8,1405000.0
Maruti,Alto,2017,15000.0,Petrol,Manual,1,796.0,24.7,282000.0
Maruti,Swift,2017,15000.0,Petrol,Automatic,1,1197.0,21.21,700000.0
Ford,Figo,2017,70000.0,Diesel,Manual,1,1498.0,25.83,700000.0
Ford,EcoSport,2015,135000.0,Diesel,Manual,1,1498.0,22.77,600000.0
Skoda,Rapid,2012,80000.0,Diesel,Manual,2,1598.0,20.5,290000.0
Chevrolet,Cruze,2011,80000.0,Diesel,Automatic,2,1991.0,18.1,430000.0
Hyundai,i20,2017,19000.0,Petrol,Manual,1,1197.0,18.6,575000.0
Hyundai,Creta,2017,42000.0,Petrol,Manual,1,1591.0,15.29,875000.0
Maruti,Wagon,2010,77000.0,Petrol,Manual,1,998.0,18.9,180000.0
Maruti,Ritz,2012,120000.0,Diesel,Manual,1,1248.0,23.2,229999.0
Toyota,Glanza,2019,10000.0,Petrol,Automatic,1,1197.0,19.56,800000.0
Chevrolet,Spark,2009,110000.0,Petrol,Manual,3,995.0,16.5,60000.0
Maruti,SX4,2009,110000.0,Petrol,Manual,1,1586.0,15.0,150000.0
Tata,Indigo,2007,90000.0,Diesel,Manual,3,1396.0,23.57,100000.0
Hyundai,Creta,2015,90000.0,Petrol,Manual,1,1591.0,15.29,900000.0
Hyundai,i20,2018,50000.0,Diesel,Manual,1,1396.0,22.54,850000.0
Chevrolet,Beat,2014,50000.0,Diesel,Manual,1,936.0,25.44,220000.0
Maruti,Alto,2014,40000.0,Petrol,Manual,2,796.0,22.74,250000.0
Tata,Indica,2012,120000.0,Diesel,Manual,1,1248.0,22.3,125000.0
Hyundai,Creta,2018,27000.0,Petrol,Manual,1,1591.0,15.8,1200000.0
Tata,Indigo,2013,100000.0,Diesel,Manual,1,1396.0,23.57,250000.0
Hyundai,i20,2014,70000.0,Diesel,Manual,2,1396.0,22.54,440000.0
Tata,Tiago,2017,40000.0,Petrol,Manual,1,1199.0,23.84,400000.0
Maruti,800,2002,62000.0,Petrol,Manual,1,796.0,16.1,50000.0
Hyundai,Verna,2018,10000.0,Petrol,Manual,1,1591.0,17.0,1000000.0
Honda,City,2014,160000.0,Diesel,Manual,1,1498.0,25.1,600000.0
Hyundai,i20,2010,60000.0,Petrol,Manual,1,1197.0,17.0,250000.0
Mahindra,Bolero,2009,110000.0,Diesel,Manual,1,2523.0,13.6,310000.0
Maruti,Wagon,2005,60000.0,Petrol,Manual,4,998.0,18.9,120000.0
Mahindra,Xylo,2014,78000.0,Diesel,Manual,1,2498.0,11.68,390000.0
Hyundai,Santro,2019,30000.0,Petrol,Manual,1,1086.0,20.3,458000.0
Ford,EcoSport,2018,20000.0,Diesel,Manual,1,1498.0,23.0,950000.0
Maruti,Swift,2017,21000.0,Petrol,Manual,1,1197.0,22.0,650000.0
Maruti,Swift,2013,70000.0,Diesel,Manual,1,1248.0,22.9,400000.0
Hyundai,Grand,2015,70000.0,Petrol,Automatic,2,1197.0,18.9,400000.0
Maruti,Alto,2006,42500.0,Petrol,Manual,1,796.0,19.7,100000.0
Hyundai,i10,2012,25000.0,Petrol,Manual,1,1197.0,20.36,350000.0
Tata,Aria,2013,80000.0,Diesel,Manual,2,2197.0,13.7,450000.0
Mahindra,Scorpio,2006,90000.0,Diesel,Manual,1,2609.0,12.7,350000.0
Volkswagen,Polo,2010,80000.0,Diesel,Manual,4,1199.0,22.07,250000.0
Mahindra,Bolero,2013,146000.0,Diesel,Manual,2,2523.0,15.96,450000.0
Maruti,800,2013,47200.0,Petrol,Manual,3,796.0,16.1,157000.0
Mahindra,XUV500,2018,60000.0,Diesel,Manual,1,2179.0,15.1,1500000.0
Mahindra,XUV500,2018,60000.0,Diesel,Manual,1,2179.0,15.1,1500000.0
Tata,Indica,2007,100000.0,Petrol,Manual,2,1193.0,15.3,75000.0
Chevrolet,Tavera,2010,100000.0,Diesel,Manual,2,2499.0,14.8,280000.0
Hyundai,i20,2015,35000.0,Petrol,Manual,1,1197.0,18.6,600000.0
Tata,Sumo,2012,120000.0,Diesel,Manual,4,2956.0,15.3,250999.0
Toyota,Corolla,2010,80000.0,Petrol,Manual,2,1794.0,12.5,350000.0
Renault,KWID,2016,34000.0,Petrol,Manual,1,999.0,23.01,300000.0
Renault,Duster,2017,50000.0,Diesel,Manual,1,1461.0,19.87,819999.0
Tata,Indigo,2010,100000.0,Diesel,Manual,2,1405.0,19.61,409999.0
Hyundai,Verna,2008,52000.0,Petrol,Manual,2,1599.0,13.9,275000.0
Maruti,Ertiga,2013,110000.0,Diesel,Manual,1,1248.0,20.77,497000.0
Hyundai,i20,2015,70000.0,Petrol,Manual,1,1197.0,18.6,500000.0
Mahindra,Bolero,2006,120000.0,Diesel,Manual,2,2523.0,14.0,170000.0
Ford,Ecosport,2016,68609.0,Diesel,Manual,1,1498.0,22.7,515000.0
Ford,EcoSport,2018,33360.0,Diesel,Manual,1,1498.0,22.77,925000.0
Mahindra,Marazzo,2019,5000.0,Diesel,Manual,1,1497.0,17.3,1460000.0
Isuzu,MUX,2019,10000.0,Diesel,Automatic,1,2999.0,13.8,2700000.0
Tata,Nexon,2017,35000.0,Diesel,Manual,1,1497.0,21.5,830000.0
Ford,EcoSport,2019,30000.0,Diesel,Manual,1,1498.0,23.0,975000.0
Ford,Aspire,2018,15000.0,Petrol,Manual,1,1194.0,20.4,620000.0
Nissan,Kicks,2019,14317.0,Petrol,Manual,1,1498.0,14.23,860000.0
Datsun,GO,2018,5000.0,Petrol,Manual,2,1198.0,20.63,430000.0
Honda,City,2019,5000.0,Petrol,Automatic,1,1497.0,18.0,1227000.0
Honda,City,2017,28000.0,Petrol,Manual,1,1497.0,17.8,860000.0
Ford,EcoSport,2018,40000.0,Diesel,Manual,1,1498.0,23.0,950000.0
Ford,Figo,2012,87237.0,Diesel,Manual,2,1399.0,20.0,225000.0
Chevrolet,Captiva,2011,99500.0,Diesel,Manual,3,1991.0,11.5,500000.0
Ford,Figo,2017,62960.0,Diesel,Manual,1,1498.0,25.83,500000.0
MG,Hector,2019,16500.0,Petrol,Automatic,1,1451.0,13.96,1700000.0
Maruti,Ertiga,2014,110000.0,Diesel,Manual,1,1248.0,20.77,545000.0
Maruti,Swift,2011,72000.0,Diesel,Manual,1,1248.0,22.9,400000.0
Maruti,Swift,2018,50000.0,Diesel,Manual,1,1248.0,28.4,650000.0
Hyundai,Verna,2008,55000.0,Petrol,Manual,2,1599.0,13.9,114999.0
Maruti,Baleno,2015,60000.0,Diesel,Manual,1,1248.0,27.39,562000.0
Tata,Sumo,2002,120000.0,Diesel,Manual,1,2956.0,14.07,96000.0
Jaguar,XE,2017,9000.0,Diesel,Automatic,1,1999.0,13.6,2711000.0
Lexus,ES,2019,20000.0,Petrol,Automatic,1,2487.0,22.37,5150000.0
Jaguar,XF,2017,45000.0,Diesel,Automatic,1,1999.0,19.33,3200000.0
Tata,Safari,2015,110000.0,Diesel,Manual,1,2179.0,14.1,503000.0
Volvo,XC40,2019,20000.0,Diesel,Automatic,1,1969.0,18.0,3800000.0
Toyota,Camry,2016,68089.0,Petrol,Automatic,1,2494.0,19.16,2000000.0
Maruti,Wagon,2013,58343.0,Petrol,Manual,1,998.0,21.79,225000.0
Maruti,Baleno,2018,38817.0,Diesel,Manual,1,1248.0,27.39,740000.0
Honda,Jazz,2016,56494.0,Petrol,Manual,1,1199.0,18.2,550000.0
Toyota,Innova,2013,79328.0,Diesel,Manual,2,2494.0,12.99,750000.0
Maruti,Swift,2019,5621.0,Petrol,Automatic,1,1197.0,22.0,650000.0
Toyota,Etios,2017,25538.0,Petrol,Manual,1,1496.0,16.78,625000.0
Maruti,Swift,2018,69779.0,Petrol,Automatic,1,1197.0,22.0,600000.0
Hyundai,Grand,2017,56290.0,Diesel,Manual,1,1186.0,24.0,450000.0
BMW,X4,2019,7500.0,Diesel,Automatic,1,1995.0,16.78,5400000.0
BMW,X4,2019,8500.0,Diesel,Automatic,1,1995.0,16.78,5500000.0
Honda,Amaze,2019,7032.0,Petrol,Automatic,1,1199.0,19.0,779000.0
Skoda,Rapid,2016,11000.0,Petrol,Automatic,1,1598.0,14.3,645000.0
Volvo,V40,2018,2000.0,Diesel,Automatic,1,1984.0,16.8,2475000.0
Jaguar,XE,2017,9000.0,Diesel,Automatic,1,1999.0,13.6,2711000.0
Lexus,ES,2019,20000.0,Petrol,Automatic,1,2487.0,22.37,5150000.0
Jaguar,XF,2017,45000.0,Diesel,Automatic,1,1999.0,19.33,3200000.0
Tata,Safari,2015,110000.0,Diesel,Manual,1,2179.0,14.1,503000.0
Volvo,XC40,2019,20000.0,Diesel,Automatic,1,1969.0,18.0,3800000.0
Toyota,Camry,2016,68089.0,Petrol,Automatic,1,2494.0,19.16,2000000.0
Maruti,Wagon,2013,58343.0,Petrol,Manual,1,998.0,21.79,225000.0
Maruti,Baleno,2018,38817.0,Diesel,Manual,1,1248.0,27.39,740000.0
Honda,Jazz,2016,56494.0,Petrol,Manual,1,1199.0,18.2,550000.0
Toyota,Innova,2013,79328.0,Diesel,Manual,2,2494.0,12.99,750000.0
Maruti,Swift,2019,5621.0,Petrol,Automatic,1,1197.0,22.0,650000.0
Toyota,Etios,2017,25538.0,Petrol,Manual,1,1496.0,16.78,625000.0
Maruti,Swift,2018,69779.0,Petrol,Automatic,1,1197.0,22.0,600000.0
Hyundai,Grand,2017,56290.0,Diesel,Manual,1,1186.0,24.0,450000.0
BMW,X4,2019,7500.0,Diesel,Automatic,1,1995.0,16.78,5400000.0
BMW,X4,2019,8500.0,Diesel,Automatic,1,1995.0,16.78,5500000.0
Honda,Amaze,2019,7032.0,Petrol,Automatic,1,1199.0,19.0,779000.0
Skoda,Rapid,2016,11000.0,Petrol,Automatic,1,1598.0,14.3,645000.0
Volvo,V40,2018,2000.0,Diesel,Automatic,1,1984.0,16.8,2475000.0
Mitsubishi,Lancer,1999,100000.0,Diesel,Manual,3,1998.0,14.8,155000.0
Maruti,Swift,2009,120000.0,Diesel,Manual,4,1197.0,21.21,210000.0
Jaguar,XE,2017,9000.0,Diesel,Automatic,1,1999.0,13.6,2711000.0
Lexus,ES,2019,20000.0,Petrol,Automatic,1,2487.0,22.37,5150000.0
Jaguar,XF,2017,45000.0,Diesel,Automatic,1,1999.0,19.33,3200000.0
Tata,Safari,2015,110000.0,Diesel,Manual,1,2179.0,14.1,503000.0
Volvo,XC40,2019,20000.0,Diesel,Automatic,1,1969.0,18.0,3800000.0
Toyota,Camry,2016,68089.0,Petrol,Automatic,1,2494.0,19.16,2000000.0
Maruti,Wagon,2013,58343.0,Petrol,Manual,1,998.0,21.79,225000.0
Maruti,Baleno,2018,38817.0,Diesel,Manual,1,1248.0,27.39,740000.0
Honda,Jazz,2016,56494.0,Petrol,Manual,1,1199.0,18.2,550000.0
Toyota,Innova,2013,79328.0,Diesel,Manual,2,2494.0,12.99,750000.0
Maruti,Swift,2019,5621.0,Petrol,Automatic,1,1197.0,22.0,650000.0
Toyota,Etios,2017,25538.0,Petrol,Manual,1,1496.0,16.78,625000.0
Maruti,Swift,2018,69779.0,Petrol,Automatic,1,1197.0,22.0,600000.0
Hyundai,Grand,2017,56290.0,Diesel,Manual,1,1186.0,24.0,450000.0
BMW,X4,2019,7500.0,Diesel,Automatic,1,1995.0,16.78,5400000.0
BMW,X4,2019,8500.0,Diesel,Automatic,1,1995.0,16.78,5500000.0
Honda,Amaze,2019,7032.0,Petrol,Automatic,1,1199.0,19.0,779000.0
Skoda,Rapid,2016,11000.0,Petrol,Automatic,1,1598.0,14.3,645000.0
Volvo,V40,2018,2000.0,Diesel,Automatic,1,1984.0,16.8,2475000.0
Ford,Fiesta,2015,80000.0,Diesel,Manual,1,1498.0,25.01,590000.0
Hyundai,Xcent,2016,120000.0,Diesel,Manual,2,1120.0,24.4,350000.0
Maruti,Ignis,2017,30000.0,Petrol,Manual,1,1197.0,20.89,484999.0
Tata,Indica,2015,110000.0,Diesel,Manual,2,1405.0,19.1,240000.0
Toyota,Innova,2008,219000.0,Diesel,Manual,2,2494.0,12.8,500000.0
Maruti,Alto,2017,80000.0,Petrol,Manual,1,796.0,24.7,300000.0
Maruti,Ciaz,2016,80000.0,Diesel,Manual,1,1248.0,28.09,750000.0
Maruti,Swift,2016,35000.0,Petrol,Manual,2,1197.0,20.85,574000.0
Tata,Indica,2013,167000.0,Diesel,Manual,1,1248.0,22.3,200000.0
Hyundai,Creta,2016,94000.0,Diesel,Manual,1,1582.0,19.67,1100000.0
Hyundai,Santro,2012,80000.0,Petrol,Manual,1,1086.0,17.92,350000.0
Maruti,800,1998,100000.0,Petrol,Manual,2,796.0,16.1,70000.0
Ford,Ikon,2005,90000.0,Petrol,Manual,2,1299.0,13.8,120000.0
Toyota,Innova,2012,246000.0,Diesel,Manual,2,2494.0,12.99,700000.0
Maruti,Baleno,2019,10000.0,Petrol,Manual,1,1197.0,21.4,500000.0
Tata,Indigo,2016,90000.0,Diesel,Manual,1,1405.0,19.09,370000.0
Tata,Tigor,2019,5200.0,Petrol,Manual,1,1199.0,20.3,600000.0
Maruti,Zen,2006,120000.0,Petrol,Manual,2,993.0,17.3,100000.0
Maruti,Swift,2013,90000.0,Diesel,Manual,2,1248.0,22.9,409999.0
Honda,City,2016,50000.0,Petrol,Automatic,1,1497.0,18.0,750000.0
Hyundai,Grand,2017,5000.0,Petrol,Manual,1,1197.0,18.9,600000.0
Mahindra,KUV,2018,10500.0,Petrol,Manual,1,1198.0,18.15,550000.0
Renault,Duster,2018,26000.0,Diesel,Manual,1,1461.0,19.6,950000.0
Mahindra,Scorpio,2014,139000.0,Diesel,Automatic,1,2179.0,11.79,645000.0
Mahindra,XUV500,2014,60000.0,Diesel,Manual,2,2179.0,15.1,750000.0
Mercedes-Benz,New,2006,40000.0,Petrol,Manual,1,1796.0,11.7,650000.0
Ford,EcoSport,2015,25000.0,Petrol,Manual,1,1499.0,15.85,800000.0
Toyota,Corolla,2010,60000.0,Petrol,Manual,2,1798.0,14.53,350000.0
Ford,EcoSport,2015,25000.0,Petrol,Manual,1,1499.0,15.85,700000.0
Maruti,Swift,2011,15000.0,Petrol,Manual,1,1298.0,17.5,335000.0
Maruti,Swift,2012,110000.0,Diesel,Manual,1,1248.0,19.3,270000.0
Hyundai,Santro,2001,70000.0,Petrol,Manual,2,1197.0,19.81,52000.0
Maruti,Swift,2010,100000.0,Diesel,Manual,2,1248.0,19.3,320000.0
Hyundai,Santro,2007,120000.0,Petrol,Manual,1,1086.0,17.8,120000.0
Audi,A4,2010,55000.0,Petrol,Automatic,2,1781.0,12.3,730000.0
Maruti,SX4,2007,120000.0,Petrol,Manual,3,1586.0,15.0,125000.0
Maruti,Zen,2007,35000.0,Petrol,Manual,1,1061.0,18.2,150000.0
Maruti,Alto,2018,13000.0,Petrol,Manual,1,796.0,24.7,310000.0
Maruti,Swift,2015,50000.0,Diesel,Manual,1,1248.0,26.59,625000.0
Hyundai,i10,2012,40000.0,Petrol,Manual,1,1197.0,20.36,267000.0
Hyundai,i20,2016,25000.0,Petrol,Manual,1,1197.0,17.19,600000.0
Maruti,Eeco,2011,110000.0,Petrol,Manual,2,1196.0,15.37,180000.0
Toyota,Glanza,2019,5000.0,Petrol,Manual,1,1197.0,23.87,700000.0
Maruti,800,2013,50000.0,Petrol,Manual,2,796.0,16.1,121000.0
Hyundai,Grand,2014,80000.0,Petrol,Manual,3,1197.0,18.9,350000.0
Toyota,Innova,2012,225000.0,Diesel,Manual,2,2494.0,12.99,869999.0
Jaguar,XE,2017,9000.0,Diesel,Automatic,1,1999.0,13.6,2711000.0
Lexus,ES,2019,20000.0,Petrol,Automatic,1,2487.0,22.37,5150000.0
Jaguar,XF,2017,45000.0,Diesel,Automatic,1,1999.0,19.33,3200000.0
Tata,Safari,2015,110000.0,Diesel,Manual,1,2179.0,14.1,503000.0
Volvo,XC40,2019,20000.0,Diesel,Automatic,1,1969.0,18.0,3800000.0
Toyota,Camry,2016,68089.0,Petrol,Automatic,1,2494.0,19.16,2000000.0
Maruti,Wagon,2013,58343.0,Petrol,Manual,1,998.0,21.79,225000.0
Maruti,Baleno,2018,38817.0,Diesel,Manual,1,1248.0,27.39,740000.0
Honda,Jazz,2016,56494.0,Petrol,Manual,1,1199.0,18.2,550000.0
Toyota,Innova,2013,79328.0,Diesel,Manual,2,2494.0,12.99,750000.0
Maruti,Swift,2019,5621.0,Petrol,Automatic,1,1197.0,22.0,650000.0
Toyota,Etios,2017,25538.0,Petrol,Manual,1,1496.0,16.78,625000.0
Maruti,Swift,2018,69779.0,Petrol,Automatic,1,1197.0,22.0,600000.0
Hyundai,Grand,2017,56290.0,Diesel,Manual,1,1186.0,24.0,450000.0
BMW,X4,2019,7500.0,Diesel,Automatic,1,1995.0,16.78,5400000.0
BMW,X4,2019,8500.0,Diesel,Automatic,1,1995.0,16.78,5500000.0
Honda,Amaze,2019,7032.0,Petrol,Automatic,1,1199.0,19.0,779000.0
Skoda,Rapid,2016,11000.0,Petrol,Automatic,1,1598.0,14.3,645000.0
Volvo,V40,2018,2000.0,Diesel,Automatic,1,1984.0,16.8,2475000.0
Maruti,Wagon,2008,100000.0,Petrol,Manual,3,1061.0,17.3,80000.0
Hyundai,i10,2008,93331.0,Petrol,Manual,2,1086.0,19.81,120000.0
Mahindra,Scorpio,2012,120000.0,Diesel,Manual,2,2179.0,13.5,370000.0
Nissan,Terrano,2015,70000.0,Diesel,Manual,1,1461.0,19.01,750000.0
Mahindra,Bolero,2015,100000.0,Diesel,Manual,1,2523.0,15.96,484999.0
Hyundai,Accent,2006,90000.0,Diesel,Manual,2,1493.0,13.1,120000.0
Honda,City,2017,28000.0,Petrol,Manual,1,1497.0,17.8,860000.0
Maruti,Swift,2018,50000.0,Diesel,Manual,1,1248.0,28.4,650000.0
Maruti,Ertiga,2014,90000.0,Diesel,Manual,1,1248.0,20.77,650000.0
Hyundai,Verna,2016,40000.0,Diesel,Manual,1,1396.0,24.8,710000.0
Ford,Figo,2017,113000.0,Diesel,Manual,1,1498.0,25.83,430000.0
Maruti,Swift,2011,188000.0,Diesel,Manual,2,1248.0,17.8,305000.0
Ford,Figo,2011,100000.0,Diesel,Manual,1,1399.0,20.0,220000.0
Tata,Sumo,2010,225000.0,Diesel,Manual,3,1948.0,14.0,150000.0
Mahindra,TUV,2017,67000.0,Diesel,Manual,2,1493.0,18.49,660000.0
Chevrolet,Beat,2011,70000.0,Diesel,Manual,4,936.0,25.44,140000.0
Toyota,Corolla,2015,50000.0,Petrol,Manual,1,1798.0,14.28,1100000.0
Jaguar,XF,2013,60000.0,Diesel,Automatic,1,2179.0,16.36,2450000.0
Volkswagen,Ameo,2017,34000.0,Diesel,Automatic,1,1498.0,22.0,625000.0
Honda,City,2004,110000.0,Petrol,Manual,3,1493.0,12.8,198000.0
Hyundai,Santro,2001,71000.0,Petrol,Manual,2,1197.0,19.81,60000.0
Maruti,Wagon,2005,140000.0,Petrol,Manual,2,998.0,18.9,130000.0
Honda,City,2012,100000.0,Petrol,Manual,2,1497.0,16.8,540000.0
Hyundai,Grand,2017,10000.0,Petrol,Automatic,1,1197.0,18.9,550000.0
Maruti,Celerio,2018,30000.0,Petrol,Manual,1,998.0,21.63,475000.0
Toyota,Fortuner,2016,90000.0,Diesel,Automatic,1,2755.0,15.04,3100000.0
Maruti,Ritz,2010,120000.0,Diesel,Manual,1,1248.0,21.1,217000.0
Hyundai,Santro,2002,184000.0,Petrol,Manual,2,1197.0,19.81,35000.0
Maruti,Swift,2019,6500.0,Petrol,Automatic,1,1197.0,21.21,750000.0
Maruti,Gypsy,2010,80000.0,Petrol,Manual,1,1298.0,11.96,350000.0
Mahindra,Scorpio,2008,100000.0,Diesel,Manual,3,2179.0,12.05,400000.0
Toyota,Etios,2015,120000.0,Diesel,Manual,2,1364.0,23.59,570000.0
Hyundai,EON,2012,120000.0,Petrol,Manual,2,814.0,21.1,180000.0
Opel,Astra,1998,110000.0,Petrol,Manual,3,1598.0,13.1,68000.0
Skoda,Octavia,2006,150000.0,Diesel,Manual,3,1896.0,18.7,280000.0
Tata,Indigo,2005,120000.0,Diesel,Manual,4,1405.0,16.1,90000.0
Mercedes-Benz,M-Class,2015,100000.0,Diesel,Automatic,2,2143.0,15.26,2600000.0
Tata,Sumo,2018,63000.0,Diesel,Manual,1,2956.0,15.3,700000.0
Mercedes-Benz,GLA,2016,40000.0,Diesel,Automatic,2,2143.0,17.9,1850000.0
Ford,Ecosport,2015,109000.0,Diesel,Manual,1,1498.0,22.7,685000.0
Maruti,Swift,2015,114000.0,Diesel,Manual,1,1248.0,25.2,565000.0
Skoda,Octavia,2017,33000.0,Petrol,Automatic,2,1798.0,14.7,1600000.0
Hyundai,Grand,2014,160000.0,Diesel,Manual,3,1120.0,24.0,395000.0
Hyundai,i20,2013,101000.0,Diesel,Manual,1,1396.0,21.9,425000.0
Volkswagen,Vento,2019,5400.0,Diesel,Manual,0,1498.0,22.27,1350000.0
Hyundai,Tucson,2016,45000.0,Diesel,Automatic,2,1995.0,16.38,1950000.0
Renault,KWID,2018,31000.0,Petrol,Automatic,1,999.0,24.04,535000.0
Renault,KWID,2018,31000.0,Petrol,Manual,1,999.0,23.01,500000.0
Maruti,Wagon,2016,55000.0,Petrol,Manual,1,1197.0,20.52,434999.0
Tata,Nano,2018,55000.0,Petrol,Automatic,1,624.0,21.9,250000.0
Hyundai,Verna,2014,117000.0,Diesel,Manual,1,1582.0,22.32,700000.0
BMW,3,2010,102000.0,Diesel,Automatic,1,1995.0,19.62,1100000.0
Volkswagen,Passat,2012,108000.0,Diesel,Automatic,1,1968.0,17.42,900000.0
Maruti,Wagon,2015,75000.0,Petrol,Manual,1,1197.0,20.52,425000.0
Mercedes-Benz,E-Class,2011,74000.0,Diesel,Automatic,1,2148.0,10.0,1600000.0
Ford,Figo,2013,158000.0,Diesel,Manual,1,1499.0,24.4,325000.0
Isuzu,MUX,2019,10000.0,Diesel,Automatic,1,2999.0,13.8,2700000.0
Ford,EcoSport,2018,40000.0,Diesel,Manual,1,1498.0,23.0,950000.0
Tata,Nexon,2019,10000.0,Diesel,Automatic,1,1497.0,21.5,1140000.0
Tata,Hexa,2017,53000.0,Diesel,Manual,1,2179.0,17.6,980000.0
Jeep,Compass,2017,20000.0,Diesel,Manual,2,1956.0,16.3,1920000.0
Volkswagen,Polo,2020,5000.0,Petrol,Manual,1,999.0,18.24,808000.0
Maruti,Swift,2014,30000.0,Petrol,Manual,1,1197.0,19.1,550000.0
Maruti,Alto,2010,64000.0,Petrol,Manual,1,796.0,19.7,215000.0
Ford,Figo,2016,10500.0,Petrol,Manual,1,1196.0,18.16,512000.0
Maruti,Alto,2011,50000.0,Petrol,Manual,2,796.0,19.7,215000.0
Skoda,Rapid,2012,60000.0,Diesel,Manual,1,1598.0,20.5,500000.0
Skoda,Rapid,2015,35000.0,Diesel,Manual,1,1498.0,21.14,700000.0
Tata,Safari,2012,135000.0,Diesel,Manual,1,2179.0,13.93,525000.0
Mahindra,Scorpio,2011,70000.0,Diesel,Manual,2,2179.0,12.05,550000.0
Maruti,Vitara,2016,80000.0,Diesel,Manual,1,1248.0,24.3,750000.0
Maruti,Celerio,2017,25000.0,Petrol,Manual,1,998.0,21.63,395000.0
Hyundai,i20,2017,5000.0,Petrol,Manual,1,1197.0,18.6,675000.0
Hyundai,Santro,2008,80000.0,Petrol,Manual,3,1086.0,17.92,140000.0
Mahindra,Scorpio,2011,120000.0,Diesel,Manual,2,2179.0,12.05,430000.0
Jaguar,XE,2017,9000.0,Diesel,Automatic,1,1999.0,13.6,2711000.0
Lexus,ES,2019,20000.0,Petrol,Automatic,1,2487.0,22.37,5150000.0
Jaguar,XF,2017,45000.0,Diesel,Automatic,1,1999.0,19.33,3200000.0
Tata,Safari,2015,110000.0,Diesel,Manual,1,2179.0,14.1,503000.0
Volvo,XC40,2019,20000.0,Diesel,Automatic,1,1969.0,18.0,3800000.0
Toyota,Camry,2016,68089.0,Petrol,Automatic,1,2494.0,19.16,2000000.0
Maruti,Wagon,2013,58343.0,Petrol,Manual,1,998.0,21.79,225000.0
Maruti,Baleno,2018,38817.0,Diesel,Manual,1,1248.0,27.39,740000.0
Honda,Jazz,2016,56494.0,Petrol,Manual,1,1199.0,18.2,550000.0
Toyota,Innova,2013,79328.0,Diesel,Manual,2,2494.0,12.99,750000.0
Maruti,Swift,2019,5621.0,Petrol,Automatic,1,1197.0,22.0,650000.0
Toyota,Etios,2017,25538.0,Petrol,Manual,1,1496.0,16.78,625000.0
Maruti,Swift,2018,69779.0,Petrol,Automatic,1,1197.0,22.0,600000.0
Hyundai,Grand,2017,56290.0,Diesel,Manual,1,1186.0,24.0,450000.0
BMW,X4,2019,7500.0,Diesel,Automatic,1,1995.0,16.78,5400000.0
BMW,X4,2019,8500.0,Diesel,Automatic,1,1995.0,16.78,5500000.0
Honda,Amaze,2019,7032.0,Petrol,Automatic,1,1199.0,19.0,779000.0
Skoda,Rapid,2016,11000.0,Petrol,Automatic,1,1598.0,14.3,645000.0
Volvo,V40,2018,2000.0,Diesel,Automatic,1,1984.0,16.8,2475000.0
Toyota,Etios,2011,167000.0,Petrol,Manual,1,2494.0,12.99,270000.0
Toyota,Etios,2011,167000.0,Petrol,Manual,1,2494.0,12.99,270000.0
Maruti,Wagon,2014,10000.0,Petrol,Manual,1,998.0,20.51,300000.0
Chevrolet,Sail,2013,68000.0,Diesel,Manual,1,1248.0,22.1,355000.0
Maruti,Alto,2015,35000.0,Petrol,Manual,2,796.0,22.74,180000.0
Tata,Indigo,2013,70000.0,Diesel,Manual,1,1396.0,25.0,280000.0
Tata,Manza,2011,70000.0,Diesel,Manual,1,1248.0,19.0,250000.0
Tata,Indica,2007,50000.0,Petrol,Manual,1,1193.0,15.3,125000.0
Maruti,Swift,2006,80000.0,Diesel,Manual,1,1197.0,21.21,150000.0
Hyundai,Santro,2006,60898.0,Petrol,Manual,1,1197.0,19.81,95000.0
Maruti,S-Cross,2018,29700.0,Diesel,Manual,1,1248.0,25.1,810000.0
Hyundai,i20,2018,20000.0,Petrol,Automatic,1,1368.0,18.6,671000.0
Maruti,Alto,2018,20000.0,Petrol,Manual,1,796.0,24.7,295000.0
Maruti,Ertiga,2017,40000.0,Diesel,Manual,1,1248.0,24.52,850000.0
Maruti,Swift,2013,90000.0,Diesel,Manual,1,1248.0,22.9,409999.0
Maruti,Ertiga,2015,90000.0,Petrol,Manual,1,1373.0,16.02,600000.0
Mahindra,Bolero,2015,80000.0,Diesel,Manual,1,2523.0,15.96,600000.0
Maruti,Wagon,2012,60000.0,Petrol,Manual,3,998.0,18.9,220000.0
Maruti,Swift,2013,56000.0,Diesel,Manual,1,1248.0,23.4,550000.0
Mahindra,Scorpio,2014,50000.0,Diesel,Manual,1,2523.0,14.0,650000.0
Mahindra,Scorpio,2014,50000.0,Diesel,Manual,2,2523.0,14.0,655000.0
Tata,Sumo,2006,74000.0,Diesel,Manual,1,1948.0,13.7,130000.0
Renault,Duster,2014,123000.0,Diesel,Manual,1,1461.0,19.01,400000.0
Maruti,Swift,2007,60000.0,Petrol,Manual,3,1197.0,21.21,250000.0
Maruti,Alto,2009,54000.0,Petrol,Manual,1,796.0,19.7,155000.0
Tata,Indigo,2013,50000.0,Petrol,Manual,1,1193.0,15.64,250000.0
Hyundai,Grand,2014,80000.0,Petrol,Manual,2,1197.0,18.9,400000.0
Datsun,GO,2019,10000.0,Petrol,Manual,1,1198.0,19.02,500000.0
Hyundai,Santro,2018,10000.0,Petrol,Automatic,1,1086.0,20.3,565000.0
Ford,EcoSport,2018,40000.0,Diesel,Manual,1,1498.0,23.0,900000.0
Mahindra,Bolero,2017,120000.0,Diesel,Manual,1,1493.0,16.5,650000.0
Mahindra,Bolero,2013,45000.0,Diesel,Manual,1,2523.0,15.96,600000.0
Maruti,Swift,2018,35000.0,Diesel,Manual,1,1248.0,28.4,800000.0
Hyundai,i20,2015,60000.0,Diesel,Manual,1,1396.0,22.54,575000.0
Ford,Figo,2016,40000.0,Petrol,Automatic,1,1499.0,17.01,550000.0
Maruti,SX4,2011,80000.0,Petrol,Manual,3,1586.0,15.5,190000.0
Ford,EcoSport,2017,37000.0,Diesel,Manual,1,1498.0,23.0,750000.0
Maruti,Baleno,2018,22000.0,Petrol,Manual,1,1197.0,21.4,625000.0
Hyundai,i20,2018,60000.0,Diesel,Manual,2,1396.0,22.54,799000.0
Maruti,Wagon,2013,57000.0,Petrol,Manual,2,998.0,20.51,300000.0
Maruti,Ciaz,2017,27000.0,Petrol,Manual,1,1373.0,20.73,850000.0
Chevrolet,Spark,2012,70000.0,Petrol,Manual,1,995.0,18.0,130000.0
Maruti,Alto,2011,40000.0,Petrol,Manual,2,998.0,20.92,229999.0
Maruti,Celerio,2015,60000.0,Petrol,Manual,1,998.0,23.1,400000.0
Mahindra,Thar,2018,35000.0,Diesel,Manual,1,2498.0,16.55,900000.0
Mahindra,Scorpio,2015,70000.0,Diesel,Manual,1,1997.0,15.4,800000.0
Hyundai,EON,2015,43000.0,Petrol,Manual,2,814.0,21.1,250999.0
Tata,Manza,2011,110000.0,Petrol,Manual,2,1368.0,15.0,250000.0
Fiat,Punto,2009,100000.0,Petrol,Manual,2,1172.0,15.7,100000.0
Maruti,Swift,2016,64000.0,Petrol,Manual,1,1197.0,20.4,450000.0
Renault,Duster,2017,96000.0,Diesel,Manual,1,1461.0,19.87,575000.0
Renault,Duster,2013,96000.0,Diesel,Manual,1,1461.0,20.46,400000.0
Maruti,Celerio,2019,7600.0,Petrol,Manual,1,998.0,21.63,480000.0
Maruti,Celerio,2019,7000.0,Petrol,Manual,1,998.0,21.63,490000.0
Tata,Indigo,2007,120000.0,Diesel,Manual,2,1405.0,17.0,150000.0
Tata,Bolt,2017,50000.0,Diesel,Manual,1,1248.0,22.95,600000.0
Hyundai,Xcent,2015,50000.0,Diesel,Manual,2,1120.0,24.4,500000.0
Tata,Zest,2015,80000.0,Diesel,Manual,1,1248.0,23.0,425000.0
Hyundai,Accent,2003,200000.0,Diesel,Manual,2,1493.0,13.1,108000.0
Toyota,Innova,2015,190000.0,Diesel,Manual,1,2494.0,12.99,1030000.0
Maruti,Wagon,2015,34000.0,Petrol,Manual,1,998.0,20.51,360000.0
Volkswagen,Polo,2012,80000.0,Petrol,Manual,2,1198.0,16.47,290000.0
Maruti,Swift,2011,72000.0,Diesel,Manual,1,1248.0,22.9,400000.0
Maruti,Esteem,2003,20000.0,Diesel,Manual,1,1527.0,15.9,70000.0
Tata,Sumo,2012,70000.0,Diesel,Manual,2,2956.0,15.3,320000.0
Ford,EcoSport,2019,30000.0,Diesel,Manual,1,1498.0,23.0,975000.0
Honda,City,2019,5000.0,Petrol,Automatic,1,1497.0,18.0,1227000.0
Hyundai,Verna,2014,29340.0,Diesel,Manual,1,1582.0,22.32,755000.0
Ford,Figo,2011,120000.0,Diesel,Manual,1,1399.0,20.0,215000.0
Toyota,Innova,2011,200000.0,Diesel,Manual,2,2494.0,12.8,735000.0
Hyundai,i10,2007,70000.0,Petrol,Manual,2,1086.0,19.81,190000.0
Toyota,Innova,2014,80800.0,Diesel,Manual,2,2494.0,12.99,1365000.0
Honda,Jazz,2018,24265.0,Petrol,Manual,1,1199.0,18.7,675000.0
Maruti,Swift,2014,81000.0,Diesel,Manual,1,1248.0,23.4,438999.0
Renault,Lodgy,2015,240000.0,Diesel,Manual,1,1461.0,19.98,550000.0
Maruti,Swift,2013,35000.0,Petrol,Manual,1,1197.0,19.1,409999.0
Renault,KWID,2019,15000.0,Petrol,Manual,1,799.0,25.17,350000.0
Chevrolet,Beat,2012,49000.0,Diesel,Manual,3,936.0,25.44,135000.0
Toyota,Innova,2016,56900.0,Diesel,Manual,2,2393.0,13.68,1490000.0
Maruti,Swift,2014,70000.0,Diesel,Manual,2,1248.0,25.2,520000.0
Maruti,Swift,2010,180000.0,Diesel,Manual,1,1248.0,19.3,315000.0
Maruti,A-Star,2010,50000.0,Petrol,Manual,1,998.0,19.0,235000.0
Hyundai,Accent,2005,50000.0,Petrol,Manual,3,1495.0,13.2,80500.0
Maruti,Ritz,2013,88200.0,Diesel,Manual,1,1248.0,23.2,375000.0
Maruti,Swift,2006,93000.0,Petrol,Manual,2,1197.0,16.1,189000.0
Honda,Amaze,2017,120000.0,Diesel,Manual,1,1498.0,25.8,550000.0
Ford,Fiesta,2011,110000.0,Diesel,Manual,2,1399.0,17.8,260000.0
Maruti,Swift,2016,50000.0,Diesel,Automatic,2,1248.0,26.59,650000.0
Maruti,Swift,2013,80000.0,Diesel,Manual,1,1248.0,23.4,480000.0
Hyundai,i20,2016,40000.0,Diesel,Manual,1,1396.0,22.54,700000.0
Maruti,Ertiga,2015,110000.0,Diesel,Manual,3,1248.0,20.77,650000.0
Hyundai,Creta,2015,48000.0,Diesel,Manual,2,1582.0,19.67,1300000.0
Volkswagen,Jetta,2016,97000.0,Diesel,Automatic,1,1968.0,16.96,1350000.0
Volkswagen,Vento,2016,60000.0,Diesel,Automatic,1,1498.0,22.15,1000000.0
Mercedes-Benz,M-Class,2011,110000.0,Diesel,Automatic,3,2987.0,0.0,1700000.0
Toyota,Yaris,2018,12800.0,Petrol,Automatic,1,1496.0,17.8,1080000.0
Hyundai,EON,2012,40000.0,Petrol,Manual,1,814.0,21.1,170000.0
Maruti,Swift,2017,49000.0,Diesel,Manual,1,1248.0,28.4,610000.0
Maruti,Ritz,2014,25000.0,Petrol,Manual,1,1197.0,18.5,350000.0
Maruti,Alto,2016,65000.0,Petrol,Manual,2,796.0,22.74,260000.0
Fiat,Linea,2015,20000.0,Diesel,Manual,1,1248.0,20.4,700000.0
Volkswagen,Polo,2018,17000.0,Petrol,Manual,1,999.0,18.78,678000.0
Maruti,SX4,2015,15000.0,Diesel,Manual,1,1248.0,23.65,800000.0
Toyota,Etios,2014,120000.0,Diesel,Manual,2,1364.0,23.59,400000.0
Hyundai,i20,2010,49000.0,Petrol,Manual,1,1197.0,18.5,300000.0
Hyundai,i20,2016,29000.0,Petrol,Manual,1,1197.0,18.6,520000.0
Nissan,Terrano,2017,55000.0,Diesel,Automatic,1,1461.0,19.61,850000.0
Maruti,Alto,2015,40000.0,Petrol,Manual,1,998.0,23.95,300000.0
Honda,City,2010,120000.0,Petrol,Manual,2,1497.0,17.0,350000.0
Maruti,Omni,1999,100000.0,LPG,Manual,4,1197.0,21.21,70000.0
Maruti,Vitara,2019,10000.0,Diesel,Manual,1,1248.0,24.3,892000.0
Fiat,Grande,2012,70000.0,Diesel,Manual,2,1248.0,20.3,285000.0
Hyundai,i10,2012,60000.0,LPG,Manual,1,1086.0,19.2,300000.0
Maruti,Ciaz,2016,90000.0,Diesel,Manual,1,1248.0,28.09,620000.0
Maruti,Vitara,2017,90000.0,Diesel,Manual,1,1248.0,24.3,750000.0
Maruti,Alto,2016,35000.0,Petrol,Manual,1,796.0,22.74,270000.0
Maruti,Ertiga,2014,90000.0,Diesel,Manual,1,1248.0,20.77,560000.0
Hyundai,Santro,2012,40000.0,Petrol,Manual,2,1086.0,17.92,300000.0
Hyundai,Santro,2012,40000.0,Petrol,Manual,2,1086.0,17.92,300000.0
Hyundai,Grand,2018,20000.0,Petrol,Manual,1,1197.0,18.9,570000.0
Tata,Indigo,2011,80000.0,Diesel,Manual,1,1396.0,23.03,220000.0
Maruti,SX4,2012,99000.0,Petrol,Manual,2,1586.0,15.5,260000.0
Maruti,Swift,2019,7500.0,Petrol,Automatic,1,1197.0,21.21,600000.0
Tata,Nano,2015,60000.0,Petrol,Manual,1,624.0,23.9,80000.0
Hyundai,EON,2016,40800.0,Petrol,Manual,1,814.0,21.1,300000.0
Tata,Zest,2015,70000.0,Petrol,Manual,1,1193.0,17.57,300000.0
Mahindra,KUV,2016,100000.0,Petrol,Manual,1,1198.0,18.15,400000.0
Maruti,Swift,2016,8588.0,Petrol,Manual,1,1197.0,22.0,550000.0
Honda,City,2019,40000.0,Diesel,Manual,1,1498.0,25.6,1200000.0
Ford,Figo,2015,60000.0,Diesel,Manual,1,1498.0,25.83,500000.0
Maruti,Esteem,2005,80000.0,Petrol,Manual,3,1298.0,15.9,93000.0
Honda,City,2014,110000.0,Diesel,Manual,1,1498.0,26.0,500000.0
Toyota,Platinum,2018,150000.0,Diesel,Manual,1,1364.0,23.59,670000.0
Toyota,Innova,2012,120000.0,Diesel,Manual,2,2494.0,12.8,750000.0
Maruti,Alto,2017,30000.0,Petrol,Manual,1,998.0,23.95,370000.0
Maruti,800,2012,70000.0,Petrol,Manual,2,796.0,16.1,100000.0
Hyundai,i10,2016,50000.0,Petrol,Manual,1,1086.0,19.81,425000.0
Toyota,Innova,2006,305000.0,Diesel,Manual,4,2494.0,12.8,370000.0
Toyota,Etios,2012,158500.0,Diesel,Manual,3,2494.0,12.99,400000.0
Tata,New,2009,212000.0,Diesel,Manual,3,2179.0,11.57,229999.0
Maruti,Ertiga,2016,35000.0,Diesel,Manual,1,1248.0,24.52,850000.0
Mahindra,Verito,2018,22000.0,Diesel,Manual,1,1461.0,21.03,750000.0
Tata,Winger,2010,50000.0,Diesel,Manual,1,1948.0,10.71,235000.0
Honda,WR-V,2017,70000.0,Diesel,Manual,1,1498.0,25.5,700000.0
Hyundai,Grand,2016,56000.0,Diesel,Manual,1,1120.0,24.0,480000.0
Tata,Zest,2016,50000.0,Diesel,Manual,1,1248.0,22.95,475000.0
Skoda,Rapid,2015,120000.0,Diesel,Manual,1,1498.0,21.14,610000.0
Toyota,Innova,2011,120000.0,Diesel,Manual,2,2494.0,12.8,650000.0
Honda,WR-V,2017,70000.0,Diesel,Manual,1,1498.0,25.5,800000.0
Tata,New,2015,120000.0,Diesel,Manual,1,2179.0,11.57,520000.0
Tata,Indica,2014,90000.0,Diesel,Manual,1,1396.0,25.0,160000.0
Maruti,S-Cross,2018,70000.0,Diesel,Manual,1,1248.0,25.1,1000000.0
Maruti,Ertiga,2015,120000.0,Diesel,Manual,2,1248.0,20.77,700000.0
Honda,Amaze,2017,70000.0,Diesel,Manual,2,1498.0,25.8,590000.0
Maruti,Wagon,2002,80000.0,Petrol,Manual,2,998.0,18.9,140000.0
Mahindra,TUV,2017,100000.0,Diesel,Manual,2,1493.0,18.49,725000.0
Toyota,Innova,2017,157000.0,Diesel,Manual,1,2393.0,13.68,1680000.0
Maruti,Swift,2015,50000.0,Diesel,Manual,1,1248.0,26.59,550000.0
Maruti,Ritz,2012,90000.0,Diesel,Manual,2,1248.0,23.2,240000.0
Chevrolet,Captiva,2013,65000.0,Diesel,Manual,1,2231.0,14.6,667000.0
Honda,Jazz,2017,50000.0,Diesel,Manual,1,1498.0,27.3,670000.0
Maruti,Swift,2015,110000.0,Diesel,Manual,1,1248.0,26.59,550000.0
Maruti,Celerio,2015,30000.0,Petrol,Manual,1,998.0,23.1,400000.0
Hyundai,Verna,2014,80000.0,Diesel,Manual,2,1582.0,22.32,545000.0
Maruti,Ertiga,2015,70000.0,Petrol,Manual,1,1373.0,16.02,599000.0
Hyundai,Creta,2016,100000.0,Diesel,Manual,1,1396.0,21.38,725000.0
Honda,City,2015,120000.0,Petrol,Manual,2,1497.0,17.4,525000.0
Maruti,Ritz,2011,85000.0,Diesel,Manual,2,1248.0,21.1,204999.0
Skoda,Fabia,2012,110000.0,Diesel,Manual,1,1199.0,21.0,190000.0
Hyundai,Grand,2015,60000.0,Diesel,Manual,4,1120.0,24.0,310000.0
Hyundai,Grand,2016,90000.0,Diesel,Manual,2,1120.0,24.0,380000.0
Maruti,Alto,2012,110000.0,Petrol,Manual,3,998.0,20.92,204000.0
Hyundai,EON,2018,25000.0,Petrol,Manual,1,998.0,20.3,350000.0
Volkswagen,Vento,2013,100000.0,Diesel,Manual,1,1598.0,20.54,350000.0
Ford,Figo,2012,120000.0,Diesel,Manual,2,1399.0,20.0,175000.0
Volkswagen,Vento,2011,90000.0,Diesel,Manual,1,1598.0,20.54,340000.0
Honda,City,2017,35000.0,Petrol,Manual,1,1497.0,17.4,950000.0
Honda,City,2017,35000.0,Petrol,Manual,1,1497.0,17.8,894999.0
Tata,Sumo,2014,101200.0,Diesel,Manual,2,2956.0,15.3,350000.0
Tata,Indigo,2005,90000.0,Petrol,Manual,2,1396.0,12.8,100000.0
Maruti,Swift,2016,76000.0,Diesel,Manual,1,1248.0,26.59,550000.0
Tata,Indigo,2004,60000.0,Diesel,Manual,3,1405.0,16.1,100000.0
Mahindra,XUV500,2016,90000.0,Diesel,Manual,1,2179.0,16.0,800000.0
Mahindra,Bolero,2013,80000.0,Diesel,Manual,2,2523.0,15.96,525000.0
Tata,New,2008,179150.0,Diesel,Manual,2,2179.0,11.57,500000.0
Maruti,800,2003,62000.0,Petrol,Manual,1,796.0,16.1,42000.0
Maruti,Swift,2009,160000.0,Petrol,Manual,3,1197.0,17.5,190000.0
Maruti,Swift,2019,35000.0,Diesel,Manual,1,1248.0,28.4,694000.0
Mahindra,XUV500,2016,120000.0,Diesel,Automatic,1,2179.0,16.0,861999.0
Honda,Amaze,2017,50000.0,Diesel,Manual,1,1498.0,25.8,650000.0
Maruti,Swift,2011,70000.0,Diesel,Manual,2,1248.0,19.3,310000.0
Maruti,Swift,2013,97000.0,Diesel,Manual,1,1248.0,22.9,360000.0
Maruti,Swift,2011,90000.0,Diesel,Manual,2,1248.0,19.3,240000.0
Mahindra,XUV500,2012,84487.0,Diesel,Manual,4,2179.0,15.1,500000.0
Toyota,Innova,2010,100000.0,Diesel,Manual,2,2494.0,12.8,475000.0
Maruti,Alto,2007,60000.0,Petrol,Manual,3,796.0,19.7,100000.0
Maruti,SX4,2009,110000.0,Petrol,Manual,3,1586.0,15.0,200000.0
Toyota,Innova,2006,264000.0,Diesel,Manual,1,2494.0,12.8,430000.0
Mahindra,Xylo,2010,146000.0,Diesel,Manual,4,2498.0,14.0,245000.0
Maruti,Swift,2014,70000.0,Diesel,Manual,1,1248.0,23.4,450000.0
Maruti,Vitara,2017,51146.0,Diesel,Manual,1,1248.0,24.3,800000.0
Maruti,Ritz,2011,40000.0,Petrol,Manual,1,1197.0,21.1,215000.0
Maruti,Vitara,2017,50000.0,Diesel,Manual,1,1248.0,24.3,760000.0
Volkswagen,Polo,2015,80000.0,Diesel,Manual,1,1498.0,20.14,416000.0
Maruti,Wagon,2011,120000.0,Petrol,Manual,1,998.0,18.9,195000.0
Maruti,Alto,2017,23000.0,Petrol,Manual,1,796.0,24.7,325000.0
Maruti,Alto,2010,70000.0,Petrol,Manual,2,998.0,20.92,145000.0
Maruti,Swift,2018,23000.0,Diesel,Manual,1,1248.0,28.4,675000.0
Maruti,Wagon,2016,30000.0,Petrol,Manual,2,998.0,20.51,340000.0
Tata,Manza,2011,50000.0,Diesel,Manual,1,1248.0,19.0,340000.0
Maruti,Omni,2014,40000.0,Petrol,Manual,1,796.0,16.8,260000.0
Maruti,Alto,2015,50000.0,Petrol,Manual,1,796.0,22.74,300000.0
Maruti,800,2007,60000.0,Petrol,Manual,2,796.0,16.1,75000.0
Tata,Indica,2011,80000.0,Diesel,Manual,1,1405.0,19.4,350000.0
Maruti,XL6,2019,15000.0,Petrol,Manual,1,1462.0,19.01,1000000.0
Tata,Manza,2010,150000.0,Diesel,Manual,3,1248.0,21.12,170000.0
Maruti,Swift,2018,40000.0,Petrol,Manual,1,1197.0,19.0,600000.0
Honda,City,2010,25000.0,Petrol,Automatic,1,1497.0,16.8,800000.0
Force,One,2018,120000.0,Diesel,Manual,2,2650.0,17.0,850000.0
Mahindra,XUV500,2014,120000.0,Diesel,Manual,2,2179.0,15.1,980000.0
Ford,Endeavour,2011,298000.0,Diesel,Manual,2,2499.0,13.1,850000.0
Tata,Sumo,2012,270000.0,Diesel,Manual,3,2956.0,14.07,340000.0
Maruti,Vitara,2018,50000.0,Diesel,Automatic,2,1248.0,24.3,900000.0
Maruti,Swift,2010,120000.0,Diesel,Manual,2,1248.0,19.3,310000.0
Maruti,Ertiga,2013,60000.0,Diesel,Manual,3,1248.0,20.77,600000.0
Maruti,Swift,2008,149000.0,Diesel,Manual,2,1248.0,19.3,270000.0
Hyundai,Santro,2019,5000.0,Petrol,Manual,1,1086.0,20.3,509999.0
Tata,Indica,2013,70000.0,Diesel,Manual,2,1405.0,19.4,225000.0
Hyundai,i10,2015,55000.0,Petrol,Manual,1,1197.0,20.36,280000.0
Tata,Tiago,2016,100000.0,Diesel,Manual,1,1047.0,27.28,490000.0
Mahindra,Bolero,2013,120000.0,Diesel,Manual,1,2523.0,15.96,440000.0
Tata,Safari,2014,291977.0,Diesel,Manual,1,2179.0,14.0,500000.0
Honda,CR-V,2005,85000.0,Petrol,Manual,3,2354.0,11.1,476999.0
Hyundai,i20,2015,70000.0,Petrol,Manual,3,1197.0,17.19,590000.0
Ford,Endeavour,2010,120000.0,Diesel,Manual,1,2499.0,13.1,500000.0
Ford,EcoSport,2015,40000.0,Diesel,Manual,1,1498.0,22.77,600000.0
Mahindra,Scorpio,2016,70000.0,Diesel,Manual,1,1997.0,15.4,750000.0
BMW,3,2017,39000.0,Diesel,Automatic,1,1995.0,19.59,2950000.0
BMW,5,2019,10000.0,Diesel,Automatic,1,1995.0,18.12,5200000.0
Volkswagen,Polo,2019,36800.0,Diesel,Manual,1,1498.0,20.14,695000.0
Maruti,Swift,2018,52200.0,Diesel,Manual,1,1248.0,26.59,690000.0
Hyundai,Grand,2016,78000.0,Diesel,Manual,1,1186.0,24.0,409999.0
Tata,Harrier,2020,16000.0,Diesel,Manual,1,1956.0,17.0,1650000.0
Audi,Q3,2016,30000.0,Diesel,Automatic,1,1968.0,15.73,2375000.0
Hyundai,Grand,2017,29000.0,Diesel,Manual,2,1186.0,24.0,525000.0
Jeep,Compass,2019,25000.0,Diesel,Manual,1,1956.0,16.3,2150000.0
Mahindra,XUV500,2013,60000.0,Diesel,Manual,2,2179.0,15.1,540000.0
Toyota,Fortuner,2017,60000.0,Diesel,Automatic,2,2982.0,12.55,2750000.0
Mahindra,Scorpio,2016,112000.0,Diesel,Manual,2,1997.0,15.4,1000000.0
Audi,A4,2018,15000.0,Diesel,Automatic,1,1968.0,18.25,2900000.0
Mahindra,TUV,2017,40000.0,Diesel,Manual,1,1493.0,18.49,725000.0
Maruti,Ciaz,2018,36000.0,Diesel,Manual,1,1248.0,28.09,975000.0
Maruti,Wagon,2016,60000.0,Petrol,Manual,1,998.0,21.79,355000.0
Honda,CR-V,2008,120000.0,Petrol,Manual,1,2354.0,11.1,400000.0
Maruti,Alto,2015,48000.0,Petrol,Manual,1,796.0,24.7,265000.0
Volkswagen,Polo,2018,40000.0,Diesel,Manual,1,1498.0,20.14,650000.0
Maruti,Ciaz,2017,60000.0,Diesel,Manual,1,1248.0,28.09,720000.0
Hyundai,Verna,2016,25000.0,Petrol,Manual,1,1591.0,17.01,850000.0
Maruti,Alto,2015,42000.0,Petrol,Manual,1,998.0,23.95,290000.0
Mercedes-Benz,E-Class,2010,35000.0,Petrol,Automatic,2,2497.0,10.93,1200000.0
Mahindra,TUV,2016,90000.0,Diesel,Automatic,2,1493.0,18.49,600000.0
Maruti,Ritz,2011,90000.0,Diesel,Manual,2,1248.0,21.1,300000.0
Renault,Pulse,2012,110000.0,Diesel,Manual,2,1461.0,23.08,225000.0
Maruti,Swift,2009,70000.0,Diesel,Manual,2,1248.0,19.3,240000.0
Hyundai,Verna,2014,80000.0,Diesel,Manual,1,1582.0,22.32,700000.0
Maruti,Swift,2014,70000.0,Diesel,Manual,2,1248.0,25.2,470000.0
Hyundai,i20,2016,80000.0,Diesel,Manual,1,1396.0,21.19,800000.0
Renault,Duster,2012,90000.0,Diesel,Manual,1,1461.0,19.01,450000.0
Tata,Indica,2007,90000.0,Diesel,Manual,3,1396.0,17.2,90000.0
Toyota,Corolla,2010,120000.0,Diesel,Manual,2,1364.0,21.43,450000.0
Toyota,Etios,2012,107500.0,Diesel,Manual,2,2494.0,12.99,400000.0
Toyota,Innova,2017,62000.0,Diesel,Automatic,1,2755.0,11.36,1465000.0
Hyundai,Creta,2016,79000.0,Diesel,Manual,1,1582.0,19.67,925000.0
Toyota,Innova,2016,60000.0,Diesel,Manual,2,2393.0,13.68,1385000.0
Toyota,Fortuner,2015,20000.0,Diesel,Manual,1,2982.0,12.55,2000000.0
Tata,Indigo,2004,248200.0,Diesel,Manual,2,1405.0,16.1,80000.0
Mahindra,Scorpio,2007,110000.0,Diesel,Manual,2,2179.0,10.5,300000.0
Maruti,Swift,2009,100000.0,Diesel,Manual,1,1248.0,19.3,360000.0
Hyundai,Verna,2010,70000.0,Diesel,Manual,2,1493.0,16.2,320000.0
Ambassador,Classic,1994,100000.0,Diesel,Manual,2,1995.0,12.8,99000.0
Maruti,Ertiga,2016,50000.0,Diesel,Manual,2,1248.0,24.52,780000.0
Maruti,Ertiga,2013,139000.0,Diesel,Manual,1,1248.0,20.77,620000.0
Skoda,Octavia,2006,120000.0,Petrol,Manual,3,1781.0,13.1,100000.0
Tata,Indica,2014,35000.0,Petrol,Manual,2,1172.0,16.7,210000.0
Mahindra,Bolero,2015,80000.0,Diesel,Manual,1,2523.0,15.96,375000.0
Renault,Triber,2019,7720.0,Petrol,Manual,1,999.0,20.0,786000.0
Mahindra,XUV500,2014,50000.0,Diesel,Manual,1,2179.0,15.1,1000000.0
Maruti,Zen,2002,60000.0,Diesel,Manual,2,1527.0,20.8,120000.0
Mahindra,Verito,2016,100000.0,Diesel,Manual,1,1461.0,20.8,750000.0
Hyundai,i20,2016,57882.0,Petrol,Manual,1,1197.0,18.6,550000.0
Tata,Safari,2018,142000.0,Diesel,Manual,1,2179.0,14.1,875000.0
Tata,Safari,2018,140000.0,Diesel,Manual,3,2179.0,14.1,890000.0
Maruti,Ertiga,2015,35000.0,Petrol,Manual,1,1373.0,16.02,700000.0
Mahindra,Bolero,2015,30000.0,Diesel,Manual,1,2523.0,15.96,550000.0
Datsun,GO,2018,10000.0,Petrol,Manual,1,1198.0,19.83,400000.0
Maruti,Celerio,2015,30000.0,Petrol,Manual,2,998.0,23.1,290000.0
Tata,Indigo,2012,90000.0,Diesel,Manual,1,1396.0,19.09,150000.0
Maruti,Eeco,2015,35000.0,Petrol,Manual,2,1196.0,15.37,300000.0
Maruti,Swift,2009,25000.0,Petrol,Manual,1,1197.0,21.21,220000.0
Maruti,Wagon,2008,35008.0,Petrol,Manual,1,998.0,21.79,221000.0
Datsun,RediGO,2017,31100.0,Petrol,Manual,1,799.0,22.7,270000.0
Hyundai,Xcent,2014,42312.0,Diesel,Manual,1,1120.0,24.4,455000.0
Toyota,Etios,2011,72000.0,Petrol,Manual,1,1496.0,17.6,300000.0
Toyota,Etios,2014,54891.0,Diesel,Manual,1,1364.0,23.59,480000.0
Hyundai,Verna,2018,30000.0,Diesel,Automatic,1,1582.0,22.0,1000000.0
BMW,3,2017,44000.0,Diesel,Automatic,1,1995.0,22.69,2600000.0
Toyota,Innova,2017,18890.0,Diesel,Automatic,1,2755.0,11.36,1850000.0
Hyundai,Santro,2019,5000.0,Petrol,Manual,1,1086.0,20.3,500000.0
Mahindra,Ssangyong,2013,117000.0,Diesel,Automatic,1,2696.0,11.18,800000.0
Renault,Koleos,2013,75010.0,Diesel,Automatic,1,1995.0,13.73,1000000.0
Tata,Manza,2013,50000.0,Diesel,Manual,1,1248.0,21.02,250000.0
Renault,Pulse,2012,100000.0,Diesel,Manual,1,1461.0,23.08,245000.0
Hyundai,Grand,2019,4337.0,Petrol,Automatic,1,1197.0,18.9,625000.0
Volkswagen,Polo,2018,14495.0,Petrol,Manual,1,999.0,18.78,560000.0
Honda,Jazz,2018,8576.0,Petrol,Manual,1,1199.0,18.7,680000.0
Maruti,Swift,2019,30000.0,Diesel,Manual,1,1248.0,28.4,700000.0
Tata,Indigo,2013,80000.0,Diesel,Manual,1,1396.0,23.03,220000.0
Tata,Indigo,2017,70000.0,Diesel,Manual,1,1405.0,19.09,450000.0
Tata,Tigor,2017,19723.0,Petrol,Automatic,1,1199.0,20.3,525000.0
Toyota,Innova,2009,242000.0,Diesel,Manual,4,2494.0,12.8,650000.0
BMW,6,2018,22000.0,Diesel,Automatic,1,2993.0,17.09,5500000.0
Maruti,Swift,2017,30000.0,Diesel,Automatic,1,1248.0,28.4,875000.0
Hyundai,i20,2019,9000.0,Petrol,Manual,1,1197.0,18.6,785000.0
Honda,WR-V,2017,30000.0,Petrol,Manual,1,1199.0,17.5,819999.0
BMW,3,2016,60000.0,Diesel,Automatic,1,1995.0,21.76,2950000.0
Toyota,Innova,2016,27000.0,Diesel,Manual,1,2393.0,13.68,1925000.0
Honda,WR-V,2017,39000.0,Diesel,Manual,1,1498.0,25.5,885000.0
Ford,EcoSport,2015,64000.0,Petrol,Automatic,1,1499.0,16.05,680000.0
Ford,EcoSport,2017,42000.0,Diesel,Manual,1,1498.0,23.0,960000.0
Honda,Brio,2012,45000.0,Petrol,Manual,1,1198.0,18.5,385000.0
Tata,Harrier,2019,15000.0,Diesel,Manual,1,1956.0,17.0,1650000.0
Mahindra,TUV,2018,55000.0,Diesel,Manual,1,1493.0,18.49,890000.0
Ford,Endeavour,2015,64000.0,Diesel,Automatic,1,2953.0,11.4,1275000.0
BMW,6,2018,27000.0,Diesel,Automatic,1,2993.0,17.09,6000000.0
Maruti,Ciaz,2019,15000.0,Petrol,Automatic,1,1462.0,20.28,1025000.0
Volkswagen,Polo,2016,69000.0,Petrol,Automatic,1,1197.0,17.2,675000.0
Maruti,Swift,2017,80000.0,Petrol,Manual,1,1197.0,22.0,700000.0
Ford,EcoSport,2016,60000.0,Diesel,Manual,1,1498.0,22.77,780000.0
Hyundai,Verna,2017,70000.0,Diesel,Manual,1,1582.0,22.32,1050000.0
Audi,Q5,2015,105000.0,Diesel,Automatic,2,2967.0,13.22,2700000.0
Tata,Bolt,2016,100000.0,Diesel,Manual,1,1248.0,22.95,400000.0
Mahindra,Bolero,2011,100000.0,Diesel,Manual,1,2523.0,15.96,400000.0
Maruti,Alto,2009,90000.0,Petrol,Manual,2,796.0,19.7,85000.0
Tata,Hexa,2018,35000.0,Diesel,Manual,1,2179.0,17.6,1300000.0
Mahindra,TUV,2018,11500.0,Diesel,Manual,1,1493.0,18.49,819999.0
Mahindra,TUV,2015,40000.0,Diesel,Automatic,1,1493.0,18.49,620000.0
Renault,KWID,2018,50000.0,Petrol,Manual,1,999.0,23.01,260000.0
Hyundai,Elantra,2016,49900.0,Petrol,Manual,1,1797.0,16.3,805000.0
Hyundai,Grand,2015,55380.0,Petrol,Manual,1,1197.0,18.9,484999.0
Jaguar,XE,2017,9000.0,Diesel,Automatic,1,1999.0,13.6,2711000.0
Tata,Nexon,2018,11000.0,Petrol,Manual,1,1198.0,17.0,811000.0
Honda,Jazz,2015,50000.0,Petrol,Automatic,1,1199.0,19.0,575000.0
Jeep,Compass,2018,80000.0,Diesel,Manual,1,1956.0,17.1,1675000.0
Skoda,Rapid,2016,11000.0,Petrol,Automatic,1,1598.0,14.3,645000.0
Jaguar,XF,2015,13500.0,Diesel,Automatic,1,2993.0,14.74,2500000.0
Mercedes-Benz,CLA,2018,18000.0,Petrol,Automatic,1,1991.0,15.04,2550000.0
Mercedes-Benz,New,2017,16000.0,Petrol,Automatic,1,1991.0,14.74,2700000.0
Volkswagen,Ameo,2017,18816.0,Petrol,Manual,1,1198.0,17.0,650000.0
Toyota,Innova,2017,33019.0,Diesel,Manual,1,2393.0,13.68,1748999.0
Honda,City,2017,18000.0,Petrol,Automatic,1,1497.0,15.6,925000.0
Toyota,Glanza,2019,9654.0,Petrol,Automatic,1,1197.0,19.56,894999.0
Maruti,Alto,2011,11000.0,Petrol,Manual,1,998.0,23.95,175000.0
Maruti,Swift,2012,24300.0,Petrol,Manual,1,1197.0,21.21,340000.0
Toyota,Innova,2016,42163.0,Diesel,Automatic,2,2755.0,11.36,1525000.0
Maruti,Ciaz,2017,47747.0,Diesel,Manual,1,1248.0,28.09,810000.0
Tata,Nexon,2018,8000.0,Diesel,Automatic,1,1497.0,21.5,1025000.0
BMW,3,2016,30000.0,Diesel,Automatic,1,1995.0,22.69,2150000.0
Toyota,Innova,2013,70000.0,Diesel,Manual,2,2494.0,12.99,910000.0
Tata,Indica,2016,60000.0,Diesel,Manual,2,1405.0,17.88,300000.0
Maruti,Zen,2004,80000.0,Petrol,Manual,2,993.0,17.3,120000.0
Hyundai,i20,2015,45900.0,Petrol,Manual,2,1197.0,18.6,490000.0
Honda,Amaze,2013,70000.0,Diesel,Manual,1,1498.0,25.8,425000.0
Maruti,Alto,2011,40000.0,Petrol,Manual,1,796.0,19.7,155000.0
Mahindra,Scorpio,2013,90000.0,Diesel,Manual,2,2179.0,12.05,490000.0
Maruti,Alto,2010,105000.0,Petrol,Manual,1,796.0,19.7,132000.0
Hyundai,Elite,2018,30000.0,Diesel,Manual,1,1396.0,22.54,750000.0
Maruti,Wagon,2011,20000.0,Petrol,Manual,1,998.0,18.9,225000.0
Hyundai,i10,2011,80000.0,Petrol,Manual,1,1197.0,20.36,240000.0
Maruti,Wagon,2004,90000.0,Petrol,Manual,3,998.0,18.9,33351.0
Chevrolet,Spark,2010,80000.0,Petrol,Manual,2,995.0,18.0,80000.0
Maruti,800,2004,120000.0,Petrol,Manual,1,796.0,16.1,40000.0
Honda,BRV,2019,50000.0,Diesel,Manual,2,1498.0,21.9,1100000.0
Jaguar,XE,2017,9000.0,Diesel,Automatic,1,1999.0,13.6,2711000.0
Lexus,ES,2019,20000.0,Petrol,Automatic,1,2487.0,22.37,5150000.0
Jaguar,XF,2017,45000.0,Diesel,Automatic,1,1999.0,19.33,3200000.0
Tata,Safari,2015,110000.0,Diesel,Manual,1,2179.0,14.1,503000.0
Volvo,XC40,2019,20000.0,Diesel,Automatic,1,1969.0,18.0,3800000.0
Toyota,Camry,2016,68089.0,Petrol,Automatic,1,2494.0,19.16,2000000.0
Maruti,Wagon,2013,58343.0,Petrol,Manual,1,998.0,21.79,225000.0
Maruti,Baleno,2018,38817.0,Diesel,Manual,1,1248.0,27.39,740000.0
Honda,Jazz,2016,56494.0,Petrol,Manual,1,1199.0,18.2,550000.0
Toyota,Innova,2013,79328.0,Diesel,Manual,2,2494.0,12.99,750000.0
Maruti,Swift,2019,5621.0,Petrol,Automatic,1,1197.0,22.0,650000.0
Toyota,Etios,2017,25538.0,Petrol,Manual,1,1496.0,16.78,625000.0
Maruti,Swift,2018,69779.0,Petrol,Automatic,1,1197.0,22.0,600000.0
Hyundai,Grand,2017,56290.0,Diesel,Manual,1,1186.0,24.0,450000.0
BMW,X4,2019,7500.0,Diesel,Automatic,1,1995.0,16.78,5400000.0
BMW,X4,2019,8500.0,Diesel,Automatic,1,1995.0,16.78,5500000.0
Honda,Amaze,2019,7032.0,Petrol,Automatic,1,1199.0,19.0,779000.0
Skoda,Rapid,2016,11000.0,Petrol,Automatic,1,1598.0,14.3,645000.0
Volvo,V40,2018,2000.0,Diesel,Automatic,1,1984.0,16.8,2475000.0
Hyundai,Xcent,2016,80000.0,Diesel,Manual,2,1120.0,24.4,380000.0
Tata,New,2011,120000.0,Diesel,Manual,2,2179.0,11.57,300000.0
Maruti,Alto,2014,50000.0,Petrol,Manual,1,796.0,22.74,240000.0
Maruti,Swift,2011,70000.0,Diesel,Manual,1,1248.0,22.9,325000.0
Mahindra,KUV,2016,130000.0,Diesel,Manual,1,1198.0,25.32,400000.0
Renault,Lodgy,2017,50000.0,Diesel,Manual,1,1461.0,21.04,800000.0
Ford,EcoSport,2018,80000.0,Diesel,Manual,1,1498.0,23.0,950000.0
Maruti,Swift,2013,120000.0,Diesel,Manual,4,1248.0,22.9,300000.0
Maruti,Alto,2020,5000.0,Petrol,Manual,1,796.0,22.05,350000.0
Mahindra,KUV,2017,59000.0,Petrol,Manual,1,1198.0,18.15,530000.0
Chevrolet,Enjoy,2013,100000.0,Diesel,Manual,3,1248.0,18.2,350000.0
Hyundai,Sonata,2008,50000.0,Petrol,Automatic,1,2359.0,11.0,168000.0
Renault,KWID,2016,45000.0,Petrol,Manual,2,799.0,25.17,240000.0
Maruti,Swift,2010,80000.0,Diesel,Manual,4,1248.0,19.3,220000.0
Maruti,Wagon,2008,80000.0,Petrol,Manual,4,1061.0,18.9,110000.0
Maruti,Vitara,2016,100000.0,Diesel,Manual,1,1248.0,24.3,850000.0
Maruti,Ertiga,2014,110000.0,Diesel,Manual,1,1248.0,20.77,545000.0
Toyota,Innova,2018,24000.0,Diesel,Manual,1,2393.0,13.68,2064000.0
Maruti,S-Cross,2018,25000.0,Diesel,Manual,1,1248.0,25.1,950000.0
Hyundai,EON,2013,68697.0,Petrol,Manual,3,814.0,21.1,200000.0
Maruti,Swift,2017,30000.0,Diesel,Manual,1,1248.0,25.2,660000.0
Honda,Amaze,2013,40000.0,Diesel,Manual,2,1498.0,25.8,420000.0
Tata,Indica,2010,29000.0,Petrol,Manual,1,1172.0,16.5,150000.0
Chevrolet,Beat,2013,68000.0,Diesel,Manual,2,936.0,25.44,175000.0
Honda,Amaze,2018,15000.0,Petrol,Automatic,1,1199.0,18.1,750000.0
Maruti,Ritz,2014,70000.0,Diesel,Manual,1,1248.0,23.2,425000.0
Toyota,Corolla,2015,126000.0,Diesel,Manual,3,1364.0,21.43,790000.0
Toyota,Innova,2011,300000.0,Diesel,Manual,3,2494.0,12.8,830000.0
Honda,Mobilio,2015,94000.0,Diesel,Manual,2,1498.0,24.5,650000.0
Toyota,Corolla,2015,129000.0,Diesel,Manual,3,1364.0,21.43,780000.0
Hyundai,i10,2010,55000.0,Petrol,Manual,2,1086.0,19.81,180000.0
Ford,EcoSport,2019,40000.0,Diesel,Manual,1,1498.0,23.0,869999.0
Tata,Manza,2011,50000.0,Diesel,Manual,1,1248.0,21.12,275000.0
Hyundai,i20,2017,25000.0,Petrol,Manual,2,1197.0,18.6,630000.0
Toyota,Corolla,2008,60000.0,Petrol,Manual,2,1794.0,13.4,150000.0
Maruti,Alto,2016,25000.0,Petrol,Manual,1,796.0,22.74,315000.0
Tata,Indigo,2011,70000.0,Diesel,Manual,2,1396.0,23.57,189000.0
Maruti,Swift,2014,120000.0,Diesel,Manual,1,1248.0,23.4,580000.0
Fiat,Punto,2009,153000.0,Diesel,Manual,2,1248.0,20.3,150000.0
Maruti,Vitara,2018,35000.0,Diesel,Manual,1,1248.0,24.3,825000.0
Tata,Safari,2016,60000.0,Diesel,Manual,2,2179.0,14.1,650000.0
Honda,City,2004,62000.0,Petrol,Manual,2,1343.0,13.0,50000.0
Skoda,Fabia,2011,120000.0,Petrol,Manual,2,1198.0,16.25,200000.0
Tata,Venture,2013,120000.0,Diesel,Manual,3,1405.0,15.42,135000.0
Hyundai,i20,2017,80000.0,Diesel,Manual,1,1396.0,22.54,680000.0
Hyundai,i20,2017,80000.0,Diesel,Manual,1,1396.0,22.54,670000.0
BMW,5,2010,60000.0,Diesel,Automatic,1,1995.0,16.73,1000000.0
Maruti,Alto,2010,80000.0,Petrol,Manual,2,998.0,20.92,240000.0
Force,One,2014,147279.0,Diesel,Manual,2,2200.0,17.0,555000.0
Skoda,Rapid,2013,98000.0,Diesel,Manual,1,1598.0,20.5,455000.0
Maruti,Swift,2018,25000.0,Diesel,Manual,1,1248.0,28.4,750000.0
Maruti,Swift,2016,90000.0,Diesel,Automatic,1,1248.0,26.59,700000.0
Tata,Nano,2016,22000.0,Petrol,Automatic,1,624.0,21.9,220000.0
Tata,Indica,2014,120000.0,Diesel,Manual,1,1396.0,25.0,160000.0
Chevrolet,Sail,2013,100000.0,Diesel,Manual,2,1248.0,22.1,225000.0
Tata,Indigo,2008,120000.0,Diesel,Manual,2,1396.0,19.09,140000.0
Maruti,Swift,2014,70000.0,Diesel,Manual,2,1248.0,23.4,600000.0
Mahindra,XUV500,2015,24700.0,Diesel,Manual,1,2179.0,16.0,1000000.0
Chevrolet,Spark,2008,100000.0,Petrol,Manual,3,995.0,18.0,65000.0
Maruti,Ignis,2019,10000.0,Petrol,Manual,1,1197.0,20.89,500000.0
Mahindra,XUV500,2017,88754.0,Diesel,Manual,1,2179.0,16.0,1100000.0
Ford,Fiesta,2011,53287.0,Petrol,Manual,1,1497.0,20.0,325000.0
Mahindra,XUV500,2017,43526.0,Diesel,Manual,1,2179.0,16.0,1150000.0
Skoda,Fabia,2012,55885.0,Petrol,Manual,1,1198.0,16.25,320000.0
Ford,Ecosport,2019,16034.0,Diesel,Manual,1,1498.0,21.7,950000.0
Ford,Figo,2012,156040.0,Diesel,Manual,1,1399.0,20.0,250000.0
Ford,Endeavour,2004,93415.0,Diesel,Manual,1,2499.0,13.1,400000.0
BMW,5,2008,122000.0,Diesel,Automatic,2,1995.0,18.48,1100000.0
Maruti,Baleno,2017,20000.0,Diesel,Manual,1,1248.0,27.39,600000.0
Maruti,Swift,2017,46000.0,Petrol,Manual,1,1197.0,22.0,509999.0
Skoda,Rapid,2016,50000.0,Petrol,Manual,3,1598.0,15.41,395000.0
Maruti,Wagon,2018,5000.0,Petrol,Manual,1,998.0,21.79,469000.0
Maruti,Alto,2017,42000.0,Petrol,Manual,1,796.0,24.7,250000.0
Chevrolet,Spark,2011,68519.0,Petrol,Manual,1,995.0,16.2,130000.0
Ford,EcoSport,2019,30000.0,Diesel,Manual,1,1498.0,23.0,906000.0
Ford,Figo,2011,85000.0,Diesel,Manual,1,1399.0,20.0,160000.0
Maruti,Swift,2012,88000.0,Petrol,Manual,1,1298.0,17.5,300000.0
Maruti,800,2010,100000.0,Petrol,Manual,4,796.0,14.0,60000.0
Maruti,Swift,2014,100000.0,Petrol,Manual,2,1197.0,19.1,400000.0
Tata,Tiago,2018,22966.0,Petrol,Manual,1,1199.0,23.84,450000.0
Mahindra,Bolero,2014,80000.0,Diesel,Manual,2,2523.0,15.96,465000.0
Maruti,Swift,2012,80000.0,Diesel,Manual,2,1248.0,22.9,325000.0
Maruti,Alto,2008,70000.0,Petrol,Manual,2,796.0,19.7,150000.0
Hyundai,EON,2014,2350.0,Petrol,Manual,1,814.0,21.1,250000.0
Maruti,Alto,2011,50000.0,Petrol,Manual,1,796.0,19.7,175000.0
Maruti,Alto,2010,58000.0,Petrol,Manual,1,796.0,19.7,175000.0
Honda,City,2006,80000.0,Petrol,Manual,2,1497.0,16.9,150000.0
Mahindra,Bolero,2018,60000.0,Diesel,Manual,1,1493.0,16.5,797000.0
Hyundai,Elite,2019,35000.0,Petrol,Manual,1,1197.0,18.6,800000.0
Mahindra,Bolero,2019,59872.0,Diesel,Manual,1,2523.0,15.96,750000.0
Mahindra,Scorpio,2011,140000.0,Diesel,Manual,2,2179.0,13.5,400000.0
Maruti,Alto,2012,110000.0,Petrol,Manual,1,796.0,19.7,160000.0
Mahindra,Bolero,2016,91182.0,Diesel,Manual,1,2523.0,15.96,700000.0
Maruti,Alto,2010,60000.0,Petrol,Manual,3,796.0,19.7,160000.0
Hyundai,i20,2012,100000.0,Diesel,Manual,1,1396.0,21.27,400000.0
Toyota,Etios,2013,120000.0,Diesel,Manual,1,1364.0,23.59,451000.0
Maruti,800,2002,80000.0,Petrol,Manual,1,796.0,16.1,40000.0
Tata,Manza,2012,70000.0,Diesel,Manual,3,1248.0,21.12,300000.0
Maruti,Celerio,2017,59500.0,Petrol,Manual,2,998.0,23.1,421000.0
Maruti,Omni,2000,100000.0,CNG,Manual,2,796.0,10.9,80000.0
Maruti,Vitara,2016,45000.0,Diesel,Manual,1,1248.0,24.3,950000.0
Hyundai,i20,2011,75500.0,Diesel,Manual,2,1396.0,23.0,395000.0
Maruti,Vitara,2016,46000.0,Diesel,Manual,2,1248.0,24.3,950000.0
Maruti,Alto,2013,60000.0,Petrol,Manual,1,796.0,22.74,270000.0
Hyundai,i20,2009,60000.0,Petrol,Automatic,2,1396.0,15.0,360000.0
Maruti,Swift,2008,152500.0,Diesel,Manual,1,1248.0,17.8,235000.0
Mercedes-Benz,E-Class,2014,60000.0,Diesel,Automatic,2,2143.0,13.0,1850000.0
Toyota,Fortuner,2015,130000.0,Diesel,Automatic,1,2982.0,12.55,1900000.0
Hyundai,Grand,2017,23456.0,Petrol,Manual,1,1197.0,18.9,550000.0
Mahindra,XUV500,2015,39000.0,Diesel,Manual,1,2179.0,16.0,1225000.0
Honda,WR-V,2017,15000.0,Petrol,Manual,1,1199.0,17.5,700000.0
Jeep,Compass,2017,69123.0,Diesel,Manual,1,1956.0,17.1,1650000.0
Honda,Brio,2012,26000.0,Petrol,Manual,1,1198.0,19.4,376000.0
Ford,Ecosport,2017,77524.0,Diesel,Manual,1,1498.0,22.7,875000.0
Hyundai,i20,2014,40523.0,Petrol,Manual,2,1197.0,18.5,459999.0
Maruti,Swift,2018,39000.0,Diesel,Manual,1,1248.0,28.4,755000.0
Audi,A6,2019,7800.0,Petrol,Automatic,0,1798.0,15.26,6223000.0
Audi,A6,2019,11500.0,Petrol,Automatic,0,1798.0,15.26,5923000.0
Audi,A6,2019,23600.0,Petrol,Automatic,0,1798.0,15.26,6523000.0
Toyota,Fortuner,2010,220000.0,Diesel,Manual,2,2982.0,11.5,1050000.0
Toyota,Qualis,2004,218000.0,Diesel,Manual,2,2494.0,12.99,215000.0
Mahindra,XUV500,2015,120000.0,Diesel,Manual,2,2179.0,15.1,1050000.0
Maruti,Baleno,2018,25000.0,Petrol,Automatic,1,1197.0,21.4,800000.0
Maruti,Swift,2015,31000.0,Diesel,Manual,2,1248.0,25.2,600000.0
Maruti,Baleno,2017,42000.0,Petrol,Manual,1,1197.0,21.4,530000.0
Maruti,Swift,2015,80000.0,Petrol,Manual,1,1197.0,20.85,450000.0
Maruti,Alto,2011,60000.0,Petrol,Manual,1,998.0,20.92,235000.0
Maruti,Swift,2013,240000.0,Diesel,Manual,1,1248.0,23.4,550000.0
Skoda,Rapid,2013,35000.0,Petrol,Automatic,2,1598.0,14.3,395000.0
Tata,Tigor,2018,35000.0,Petrol,Manual,1,1199.0,20.3,450000.0
Renault,Triber,2019,5000.0,Petrol,Manual,1,999.0,20.0,600000.0
Maruti,Vitara,2016,110000.0,Diesel,Manual,1,1248.0,24.3,610000.0
Hyundai,i20,2017,20000.0,Petrol,Manual,1,1197.0,18.6,690000.0
Tata,Nexon,2018,15000.0,Petrol,Manual,1,1198.0,17.0,790000.0
Maruti,Alto,2014,40000.0,Petrol,Manual,2,998.0,20.92,254999.0
Honda,Jazz,2016,41000.0,Petrol,Manual,1,1199.0,18.7,500000.0
Mahindra,Bolero,2011,100000.0,Diesel,Manual,2,2523.0,13.6,340000.0
Tata,Sumo,2008,120000.0,Diesel,Manual,1,1948.0,12.2,150000.0
Mahindra,Bolero,2007,110000.0,Diesel,Manual,3,2523.0,13.6,245000.0
Volkswagen,Vento,2015,120000.0,Diesel,Manual,2,1498.0,20.34,515000.0
Ambassador,Grand,2008,60000.0,Diesel,Manual,2,1995.0,12.8,122000.0
Hyundai,i10,2009,35000.0,Petrol,Manual,3,1086.0,19.81,160000.0
Maruti,Alto,2007,120000.0,Petrol,Manual,2,796.0,19.7,110000.0
Maruti,Swift,2014,70000.0,Diesel,Manual,1,1248.0,25.2,360000.0
Maruti,Swift,2009,110000.0,Diesel,Manual,1,1197.0,21.21,210000.0
Hyundai,Verna,2011,90000.0,Diesel,Manual,3,1493.0,16.2,260000.0
Maruti,Alto,2007,60000.0,Petrol,Manual,2,796.0,19.7,128000.0
Hyundai,Verna,2015,80000.0,Diesel,Manual,2,1582.0,23.9,600000.0
Toyota,Fortuner,2010,151000.0,Diesel,Manual,2,2982.0,11.5,800000.0
Maruti,Swift,2019,25000.0,Diesel,Manual,1,1248.0,28.4,675000.0
Mahindra,XUV500,2015,24700.0,Diesel,Manual,1,2179.0,16.0,1000000.0
Chevrolet,Spark,2008,100000.0,Petrol,Manual,3,995.0,18.0,65000.0
Maruti,Ignis,2019,10000.0,Petrol,Manual,1,1197.0,20.89,500000.0
Maruti,SX4,2010,50000.0,Petrol,Manual,1,1586.0,15.0,300000.0
Maruti,800,2009,80000.0,Petrol,Manual,1,796.0,16.1,125000.0
Hyundai,Grand,2017,25000.0,Petrol,Manual,1,1197.0,18.9,550000.0
Maruti,Alto,2007,80000.0,Petrol,Manual,3,796.0,19.7,150000.0
Mahindra,Scorpio,2017,80000.0,Diesel,Manual,1,2179.0,15.4,891000.0
Toyota,Innova,2015,70000.0,Diesel,Manual,1,2494.0,12.99,1050000.0
Maruti,Baleno,2018,15000.0,Petrol,Manual,1,998.0,21.1,750000.0
Hyundai,i20,2012,27500.0,Petrol,Manual,1,1197.0,18.5,380000.0
Toyota,Innova,2013,110000.0,Diesel,Manual,2,2494.0,12.99,800000.0
Mahindra,Logan,2010,120000.0,Petrol,Manual,1,1390.0,15.7,200000.0
Maruti,Ciaz,2016,70000.0,Diesel,Manual,1,1248.0,28.09,700000.0
Toyota,Qualis,2002,290000.0,Diesel,Manual,1,2446.0,13.1,229999.0
Honda,Accord,2010,74000.0,Petrol,Manual,2,2354.0,12.8,300000.0
Honda,Mobilio,2015,120000.0,Diesel,Manual,1,1498.0,24.2,670000.0
Honda,City,2007,140000.0,Petrol,Manual,1,1497.0,17.7,210000.0
Maruti,Ignis,2017,40000.0,Petrol,Manual,1,1197.0,20.89,370000.0
Maruti,Baleno,2019,20000.0,Petrol,Automatic,1,1197.0,21.4,600000.0
Maruti,Vitara,2020,15000.0,Diesel,Manual,1,1248.0,24.3,810000.0
Fiat,Palio,2006,35000.0,Petrol,Manual,1,1248.0,20.3,80000.0
Tata,Tiago,2019,16000.0,Petrol,Manual,1,1199.0,23.84,346000.0
Honda,City,2005,130000.0,Petrol,Manual,1,1343.0,13.0,55000.0
Tata,Safari,2012,118000.0,Diesel,Manual,2,2179.0,13.93,250000.0
Maruti,Swift,2006,44000.0,Petrol,Manual,2,1298.0,16.1,120000.0
Maruti,Ertiga,2013,50000.0,Diesel,Manual,2,1248.0,20.77,600000.0
Maruti,Eeco,2016,60000.0,Petrol,Manual,1,1196.0,15.37,330000.0
Hyundai,i20,2014,147000.0,Petrol,Manual,2,1197.0,18.6,400000.0
Tata,Indica,2004,40000.0,Diesel,Manual,2,1405.0,16.8,100000.0
Maruti,Swift,2014,100000.0,Petrol,Manual,3,1197.0,19.1,450000.0
Maruti,Ertiga,2017,55000.0,Diesel,Manual,1,1248.0,24.52,800000.0
Maruti,Celerio,2015,40000.0,Diesel,Manual,2,793.0,27.62,340000.0
Maruti,Ritz,2010,64000.0,Diesel,Manual,3,1248.0,21.1,225000.0
Maruti,Zen,2002,100000.0,Petrol,Manual,2,993.0,17.3,55000.0
Maruti,Ertiga,2016,50000.0,Diesel,Manual,1,1248.0,24.52,900000.0
Volvo,S60,2014,30000.0,Diesel,Automatic,1,1984.0,9.0,2500000.0
Maruti,Wagon,2018,30000.0,Petrol,Manual,1,998.0,20.51,465000.0
Maruti,Zen,2004,150000.0,Petrol,Manual,1,993.0,17.3,70000.0
Tata,Zest,2016,24177.0,Petrol,Manual,1,1193.0,17.57,400000.0
Tata,Indigo,2012,80000.0,Diesel,Manual,1,1405.0,16.1,185000.0
Maruti,Wagon,2006,150000.0,Petrol,Manual,2,998.0,18.9,140000.0
Renault,Lodgy,2015,120000.0,Diesel,Manual,2,1461.0,21.04,415000.0
Mahindra,Scorpio,2012,121779.0,Diesel,Manual,1,2179.0,12.05,532000.0
Maruti,Baleno,2017,56000.0,Diesel,Manual,1,1248.0,27.39,600000.0
Maruti,SX4,2008,100000.0,Petrol,Manual,4,1586.0,15.0,150000.0
Maruti,Swift,2018,12000.0,Petrol,Manual,1,1197.0,20.4,459999.0
Maruti,Vitara,2017,15381.0,Diesel,Manual,1,1248.0,24.3,800000.0
Mahindra,Bolero,2011,5000.0,Diesel,Manual,1,2523.0,13.6,310000.0
Nissan,Terrano,2014,40000.0,Diesel,Manual,1,1461.0,19.01,475000.0
Maruti,Wagon,2016,35000.0,CNG,Manual,2,998.0,26.6,310000.0
Maruti,Alto,2018,10000.0,Petrol,Manual,1,998.0,23.95,350000.0
Mahindra,XUV500,2019,10000.0,Diesel,Manual,1,2179.0,16.0,1800000.0
Maruti,Swift,2018,25000.0,Petrol,Automatic,1,1197.0,22.0,640000.0
Maruti,Wagon,2017,50000.0,Petrol,Automatic,1,998.0,20.51,350000.0
Tata,Nexon,2018,30000.0,Petrol,Manual,1,1198.0,17.0,600000.0
Hyundai,Verna,2015,23000.0,Diesel,Manual,1,1582.0,23.9,575000.0
Mahindra,Thar,2019,15000.0,Diesel,Manual,1,2498.0,16.55,974000.0
Maruti,Wagon,2018,5000.0,Petrol,Automatic,2,998.0,20.51,445000.0
Maruti,Ertiga,2015,15000.0,Diesel,Manual,2,1248.0,20.77,580000.0
Hyundai,Creta,2020,20000.0,Diesel,Manual,1,1396.0,22.1,1050000.0
Ford,EcoSport,2015,50000.0,Diesel,Manual,1,1498.0,22.77,600000.0
Ford,Figo,2017,40000.0,Petrol,Manual,2,1196.0,18.16,370000.0
Maruti,Zen,2007,70000.0,Petrol,Manual,3,1061.0,18.2,150000.0
Maruti,Celerio,2017,15000.0,Petrol,Manual,1,998.0,23.1,483000.0
Hyundai,Grand,2016,10000.0,Petrol,Manual,1,1197.0,18.9,470000.0
Maruti,Vitara,2018,25000.0,Diesel,Manual,1,1248.0,24.3,950000.0
Hyundai,Verna,2013,50000.0,Petrol,Manual,3,1591.0,17.01,450000.0
Toyota,Etios,2011,70000.0,Petrol,Manual,1,1496.0,17.6,345000.0
Maruti,Ignis,2020,5000.0,Petrol,Automatic,1,1197.0,20.89,600000.0
Maruti,A-Star,2009,60000.0,Petrol,Manual,1,998.0,19.0,300000.0
Maruti,Zen,2007,74800.0,Petrol,Manual,2,998.0,18.2,160000.0
Maruti,800,2004,80000.0,Petrol,Manual,2,796.0,16.1,120000.0
Maruti,Eeco,2012,270000.0,CNG,Manual,1,1196.0,21.94,220000.0
Hyundai,EON,2018,120000.0,Petrol,Manual,1,998.0,20.3,340000.0
Honda,City,2007,120000.0,Petrol,Manual,2,1497.0,17.7,138000.0
Toyota,Qualis,2000,250000.0,Diesel,Manual,4,2494.0,12.99,100000.0
Maruti,Swift,2010,80000.0,Petrol,Manual,3,1298.0,17.5,231000.0
Mahindra,XUV500,2013,120000.0,Diesel,Manual,2,2179.0,15.1,800000.0
Mahindra,XUV300,2019,20000.0,Petrol,Manual,1,1197.0,17.0,960000.0
Maruti,Wagon,2009,70000.0,Petrol,Manual,2,1061.0,18.9,120000.0
Maruti,Wagon,2012,40000.0,Petrol,Manual,1,998.0,18.9,270000.0
Maruti,Ritz,2011,100000.0,Petrol,Manual,2,1197.0,21.1,200000.0
Maruti,Swift,2012,123000.0,Petrol,Manual,1,1197.0,18.6,328000.0
Hyundai,Verna,2012,77000.0,Diesel,Manual,1,1582.0,22.32,432000.0
Volkswagen,Polo,2019,7000.0,Petrol,Manual,1,999.0,18.78,565000.0
Maruti,Eeco,2017,70000.0,Petrol,Manual,1,1196.0,15.37,390000.0
Ford,Figo,2017,30000.0,Diesel,Manual,1,1498.0,25.83,600000.0
Hyundai,i20,2011,120000.0,Diesel,Manual,3,1396.0,23.0,250000.0
Chevrolet,Spark,2011,70000.0,Petrol,Manual,1,995.0,18.0,165000.0
Honda,City,2011,105000.0,Petrol,Manual,1,1497.0,17.0,421000.0
Hyundai,Accent,2012,109322.0,Petrol,Manual,2,1495.0,16.36,225000.0
Nissan,Sunny,2013,120000.0,Diesel,Manual,1,1461.0,21.64,350000.0
Jeep,Compass,2018,24000.0,Diesel,Manual,1,1956.0,17.1,1757000.0
Maruti,Baleno,2015,70000.0,Diesel,Manual,2,1248.0,27.39,600000.0
Tata,Tiago,2018,35000.0,Petrol,Manual,1,1199.0,24.0,515000.0
Maruti,800,1999,80000.0,Petrol,Manual,3,796.0,16.1,80000.0
Maruti,SX4,2017,70000.0,Diesel,Manual,2,1248.0,23.65,800000.0
Mahindra,Scorpio,2004,100000.0,Diesel,Manual,4,2179.0,10.5,120000.0
Jaguar,XE,2017,9000.0,Diesel,Automatic,1,1999.0,13.6,2711000.0
Lexus,ES,2019,20000.0,Petrol,Automatic,1,2487.0,22.37,5150000.0
Jaguar,XF,2017,45000.0,Diesel,Automatic,1,1999.0,19.33,3200000.0
Tata,Safari,2015,110000.0,Diesel,Manual,1,2179.0,14.1,503000.0
Volvo,XC40,2019,20000.0,Diesel,Automatic,1,1969.0,18.0,3800000.0
Toyota,Camry,2016,68089.0,Petrol,Automatic,1,2494.0,19.16,2000000.0
Maruti,Wagon,2013,58343.0,Petrol,Manual,1,998.0,21.79,225000.0
Maruti,Baleno,2018,38817.0,Diesel,Manual,1,1248.0,27.39,740000.0
Honda,Jazz,2016,56494.0,Petrol,Manual,1,1199.0,18.2,550000.0
Toyota,Innova,2013,79328.0,Diesel,Manual,2,2494.0,12.99,750000.0
Maruti,Swift,2019,5621.0,Petrol,Automatic,1,1197.0,22.0,650000.0
Toyota,Etios,2017,25538.0,Petrol,Manual,1,1496.0,16.78,625000.0
Maruti,Swift,2018,69779.0,Petrol,Automatic,1,1197.0,22.0,600000.0
Hyundai,Grand,2017,56290.0,Diesel,Manual,1,1186.0,24.0,450000.0
BMW,X4,2019,7500.0,Diesel,Automatic,1,1995.0,16.78,5400000.0
BMW,X4,2019,8500.0,Diesel,Automatic,1,1995.0,16.78,5500000.0
Honda,Amaze,2019,7032.0,Petrol,Automatic,1,1199.0,19.0,779000.0
Skoda,Rapid,2016,11000.0,Petrol,Automatic,1,1598.0,14.3,645000.0
Volvo,V40,2018,2000.0,Diesel,Automatic,1,1984.0,16.8,2475000.0
Maruti,Wagon,2017,40000.0,Petrol,Manual,1,998.0,20.51,475000.0
Maruti,Wagon,2015,20000.0,Petrol,Automatic,1,998.0,20.51,400000.0
Hyundai,Santro,2004,90000.0,Petrol,Automatic,2,1197.0,19.81,80000.0
Fiat,Grande,2011,60000.0,Diesel,Manual,1,1248.0,20.3,300000.0
Mahindra,Scorpio,2011,475000.0,Diesel,Manual,3,2179.0,13.5,400000.0
Maruti,Wagon,2009,70000.0,Petrol,Manual,2,1061.0,17.3,235000.0
Maruti,Wagon,2015,40000.0,Petrol,Manual,2,998.0,20.51,350000.0
Maruti,Swift,2017,34000.0,Diesel,Manual,2,1248.0,28.4,625000.0
Mahindra,XUV500,2014,120000.0,Diesel,Manual,1,2179.0,15.1,525000.0
Tata,Tigor,2018,10000.0,Petrol,Manual,1,1199.0,20.3,550000.0
Mahindra,Bolero,2015,80000.0,Diesel,Manual,2,2523.0,15.96,550000.0
Honda,City,2006,100000.0,Petrol,Manual,2,1497.0,17.7,200000.0
Mahindra,Xylo,2011,120000.0,Diesel,Manual,1,2489.0,13.0,350000.0
Honda,City,2006,100000.0,Petrol,Manual,2,1497.0,17.7,220000.0
Hyundai,Grand,2016,25000.0,Petrol,Manual,1,1197.0,18.9,412000.0
Maruti,Wagon,2009,52000.0,Petrol,Manual,2,1061.0,18.9,126000.0
Maruti,Swift,2013,63000.0,Diesel,Manual,1,1248.0,23.4,430000.0
Maruti,A-Star,2009,90000.0,Petrol,Manual,2,998.0,19.0,130000.0
Tata,Tiago,2017,60000.0,Petrol,Manual,1,1199.0,23.84,350000.0
Maruti,Alto,2011,35000.0,Petrol,Manual,1,796.0,19.7,220000.0
Mahindra,Bolero,2011,80000.0,Diesel,Manual,1,2523.0,13.6,380000.0
Ford,Figo,2010,110000.0,Diesel,Manual,2,1399.0,20.0,200000.0
Toyota,Fortuner,2015,20000.0,Diesel,Manual,1,2982.0,12.55,2000000.0
Ford,EcoSport,2015,90000.0,Diesel,Manual,1,1498.0,22.77,610000.0
BMW,X1,2016,30000.0,Petrol,Automatic,2,1998.0,15.71,2500000.0
Maruti,Swift,2017,61000.0,Diesel,Manual,1,1248.0,26.59,620000.0
Maruti,Omni,2013,66000.0,Petrol,Manual,1,796.0,14.7,150000.0
Datsun,GO,2018,80000.0,Petrol,Manual,1,1198.0,20.62,450000.0
Hyundai,Creta,2017,27000.0,Diesel,Manual,2,1582.0,19.67,1150000.0
Mahindra,KUV,2018,60000.0,Petrol,Manual,1,1198.0,18.15,500000.0
Maruti,Wagon,2011,139000.0,Petrol,Manual,1,998.0,18.9,246000.0
Maruti,Eeco,2017,60000.0,CNG,Manual,1,1196.0,21.94,400000.0
Maruti,800,2008,10000.0,Petrol,Manual,2,796.0,16.1,65000.0
Ford,Ecosport,2016,30000.0,Diesel,Manual,1,1498.0,21.7,725000.0
Hyundai,Verna,2014,125000.0,Diesel,Automatic,1,1582.0,22.32,736000.0
Maruti,Swift,2018,45000.0,Diesel,Manual,1,1248.0,28.4,700000.0
Chevrolet,Spark,2011,30000.0,Petrol,Manual,1,995.0,18.0,150000.0
Maruti,Alto,2010,80500.0,Petrol,Manual,2,796.0,19.7,180000.0
Toyota,Etios,2014,200000.0,Diesel,Manual,1,1364.0,23.59,409999.0
Mahindra,Bolero,2013,60000.0,Diesel,Manual,1,2523.0,15.96,550000.0
Maruti,800,2004,18000.0,Petrol,Manual,2,796.0,16.1,50000.0
Maruti,Zen,2006,110000.0,Diesel,Manual,2,1527.0,20.8,80000.0
Maruti,Alto,2005,90000.0,Petrol,Manual,2,796.0,19.7,110000.0
Honda,City,2006,120000.0,Petrol,Manual,2,1497.0,17.7,180000.0
Maruti,Swift,2017,127000.0,Diesel,Manual,1,1248.0,28.4,605000.0
Maruti,Ertiga,2017,70000.0,Diesel,Manual,1,1248.0,24.52,800000.0
Hyundai,i20,2011,116500.0,Diesel,Manual,1,1396.0,23.0,350000.0
Hyundai,i20,2012,120000.0,Petrol,Manual,1,1197.0,18.5,300000.0
Hyundai,Verna,2008,100000.0,Petrol,Manual,4,1599.0,13.9,160000.0
Ford,Figo,2011,90000.0,Diesel,Manual,2,1399.0,20.0,225000.0
Audi,Q7,2009,120000.0,Diesel,Automatic,3,2967.0,12.07,1025000.0
Tata,Hexa,2017,40000.0,Diesel,Automatic,1,2179.0,17.6,1300000.0
Volkswagen,Ameo,2018,18000.0,Diesel,Manual,1,1498.0,21.66,560000.0
Maruti,Vitara,2017,70000.0,Diesel,Manual,1,1248.0,24.3,650000.0
Mahindra,XUV500,2018,29000.0,Diesel,Manual,1,2179.0,15.1,1150000.0
Maruti,Baleno,2016,65755.0,Petrol,Manual,1,1197.0,21.4,480000.0
Ford,EcoSport,2019,2600.0,Diesel,Manual,1,1498.0,23.0,960000.0
Mahindra,XUV500,2017,46000.0,Diesel,Automatic,1,2179.0,16.0,1050000.0
Hyundai,EON,2017,15000.0,Petrol,Manual,2,814.0,21.1,310000.0
Maruti,Swift,2014,60000.0,Diesel,Manual,1,1248.0,23.4,500000.0
Maruti,Alto,2017,15500.0,Petrol,Automatic,1,998.0,23.95,350000.0
Honda,Amaze,2015,120000.0,Diesel,Manual,1,1498.0,25.8,365000.0
Mitsubishi,Lancer,2008,120000.0,Diesel,Manual,3,1998.0,14.8,165000.0
Tata,Spacio,2007,120000.0,Diesel,Manual,3,2956.0,14.6,100000.0
Mahindra,Bolero,2007,80000.0,Diesel,Manual,2,2523.0,13.6,240000.0
Mahindra,Marazzo,2019,40000.0,Diesel,Manual,1,1497.0,17.3,925000.0
Ford,Figo,2018,15000.0,Petrol,Manual,1,1196.0,18.16,590000.0
Tata,Aria,2013,110000.0,Diesel,Manual,2,2179.0,13.7,525000.0
Toyota,Innova,2014,80000.0,Diesel,Manual,2,2494.0,12.99,720000.0
Renault,Duster,2017,50000.0,Diesel,Automatic,1,1461.0,19.6,850000.0
Mahindra,Scorpio,2010,110000.0,Diesel,Automatic,1,2179.0,11.79,490000.0
Honda,Amaze,2013,100000.0,Diesel,Manual,1,1498.0,25.8,325000.0
Hyundai,Verna,2019,20000.0,Diesel,Automatic,1,1582.0,22.0,1200000.0
Mahindra,Bolero,2012,135000.0,Diesel,Manual,1,2523.0,15.96,450000.0
Tata,Indigo,2014,50700.0,Diesel,Manual,1,1405.0,19.09,300000.0
Volkswagen,Polo,2013,70000.0,Diesel,Manual,2,1199.0,22.07,365000.0
Mercedes-Benz,New,2007,120000.0,Petrol,Automatic,1,1796.0,11.7,500000.0
Toyota,Innova,2014,112000.0,Diesel,Manual,2,2494.0,12.99,900000.0
Hyundai,Grand,2018,35000.0,Diesel,Manual,1,1186.0,24.0,700000.0
Renault,Duster,2017,50000.0,Diesel,Manual,1,1461.0,19.6,880000.0
Toyota,Innova,2014,121000.0,Diesel,Manual,3,2494.0,12.99,700000.0
Mahindra,Scorpio,2009,120000.0,Diesel,Manual,2,2179.0,12.05,380000.0
Toyota,Corolla,2006,90000.0,Petrol,Manual,3,1794.0,13.4,150000.0
Maruti,Zen,2014,70000.0,CNG,Manual,2,998.0,26.3,235000.0
Renault,KWID,2018,20000.0,Petrol,Manual,1,999.0,23.01,320000.0
Renault,Duster,2015,60000.0,Diesel,Manual,1,1461.0,20.45,550000.0
BMW,5,2016,40000.0,Diesel,Automatic,1,1995.0,18.12,3200000.0
Toyota,Innova,2013,440000.0,Diesel,Manual,2,2494.0,12.99,750000.0
Mahindra,TUV,2017,60000.0,Diesel,Manual,1,1493.0,18.49,645000.0
Maruti,Wagon,2015,110000.0,Petrol,Manual,1,998.0,20.51,300000.0
Hyundai,i20,2016,152000.0,Diesel,Manual,1,1396.0,21.19,580000.0
Hyundai,i20,2011,220000.0,Petrol,Manual,4,1197.0,17.0,220000.0
Mahindra,Bolero,2013,70000.0,Diesel,Manual,1,2523.0,15.96,451000.0
Tata,Nexon,2018,50000.0,Petrol,Manual,1,1198.0,17.0,850000.0
Maruti,Swift,2011,125000.0,Diesel,Manual,1,1248.0,19.3,300000.0
Ford,Figo,2016,60000.0,Petrol,Manual,1,1196.0,18.16,350000.0
Maruti,Eeco,2014,90000.0,CNG,Manual,1,1196.0,21.94,300000.0
Maruti,Eeco,2017,30000.0,CNG,Manual,1,1196.0,21.94,390000.0
Toyota,Innova,2016,90000.0,Diesel,Manual,1,2494.0,12.99,1200000.0
Volkswagen,Ameo,2017,20000.0,Petrol,Manual,1,1198.0,17.0,550000.0
Maruti,Swift,2012,110000.0,Diesel,Manual,3,1248.0,22.9,300000.0
Volkswagen,Vento,2012,150000.0,Diesel,Manual,2,1598.0,20.54,300000.0
Hyundai,i20,2012,110000.0,Diesel,Manual,1,1396.0,23.0,350000.0
Hyundai,Creta,2015,120000.0,Diesel,Manual,2,1582.0,19.67,880000.0
Hyundai,Accent,2010,120000.0,CNG,Manual,2,1495.0,13.2,160000.0
Tata,Sumo,2012,80000.0,Diesel,Manual,4,2956.0,15.3,250000.0
Hyundai,i20,2016,110000.0,Diesel,Manual,1,1396.0,21.19,660000.0
Tata,Zest,2015,40000.0,Petrol,Manual,1,1193.0,17.57,450000.0
Volkswagen,Polo,2012,110000.0,Diesel,Manual,2,1598.0,19.7,400000.0
Mahindra,Scorpio,2019,20000.0,Diesel,Manual,1,2179.0,16.36,1300000.0
Ford,Figo,2013,230000.0,Diesel,Manual,1,1399.0,20.0,229999.0
Chevrolet,Beat,2010,60000.0,Petrol,Manual,1,1199.0,18.6,140000.0
Maruti,Zen,2012,35000.0,Petrol,Manual,2,998.0,19.0,195000.0
Hyundai,i20,2015,45000.0,Petrol,Manual,1,1197.0,17.19,500000.0
Tata,Nano,2012,45000.0,Petrol,Manual,1,624.0,25.4,60000.0
Tata,Zest,2016,25000.0,Petrol,Manual,1,1193.0,17.57,400000.0
Hyundai,i20,2014,10000.0,Petrol,Manual,1,1197.0,18.6,400000.0
Maruti,Wagon,2018,19000.0,Petrol,Manual,1,998.0,20.51,380000.0
Maruti,Baleno,2019,10000.0,Petrol,Manual,1,1197.0,21.4,579000.0
Mahindra,KUV,2019,25000.0,Petrol,Manual,1,1198.0,18.15,400000.0
Hyundai,i10,2012,30000.0,Petrol,Manual,1,1197.0,20.36,270000.0
Mahindra,Bolero,2014,90000.0,Diesel,Manual,1,2523.0,15.96,500000.0
Tata,Tiago,2017,20000.0,Petrol,Manual,1,1199.0,23.84,475000.0
Nissan,Terrano,2018,48000.0,Diesel,Manual,1,1461.0,19.87,850000.0
Mahindra,Scorpio,2009,120000.0,Diesel,Manual,1,2179.0,12.05,475000.0
Maruti,Swift,2012,210000.0,Diesel,Manual,2,1248.0,19.3,370000.0
Hyundai,i10,2010,200400.0,Petrol,Manual,2,1086.0,19.81,187000.0
Hyundai,i10,2008,110000.0,Petrol,Manual,2,1197.0,20.36,195000.0
Tata,Safari,2014,38000.0,Diesel,Manual,1,2179.0,13.93,459999.0
Toyota,Corolla,2004,90000.0,Petrol,Manual,2,1794.0,13.4,135000.0
Maruti,Ertiga,2017,43000.0,Diesel,Manual,1,1248.0,24.52,850000.0
Hyundai,Santro,2018,25000.0,Petrol,Manual,1,1086.0,20.3,500000.0
Maruti,Wagon,2016,26000.0,Petrol,Manual,2,998.0,20.51,385000.0
Hyundai,Verna,2006,120000.0,Diesel,Manual,2,1493.0,16.8,135000.0
Maruti,Alto,2008,70000.0,Petrol,Manual,3,796.0,19.7,120000.0
Honda,Accord,2006,60000.0,Petrol,Manual,3,2354.0,11.9,200000.0
Tata,New,2007,120000.0,Diesel,Manual,2,2956.0,13.93,200000.0
Maruti,Ciaz,2016,20000.0,Petrol,Manual,1,1373.0,20.73,700000.0
Tata,Indigo,2013,25000.0,Diesel,Manual,1,1396.0,23.57,290000.0
Maruti,Swift,2017,60000.0,Diesel,Manual,1,1248.0,28.4,725000.0
Tata,Sumo,2008,80000.0,Diesel,Manual,1,1948.0,12.2,200000.0
Maruti,Omni,2014,80000.0,Petrol,Manual,1,796.0,16.8,155000.0
Honda,Amaze,2019,1303.0,Petrol,Manual,1,1198.0,17.8,690000.0
Audi,Q5,2018,31800.0,Diesel,Automatic,1,1968.0,17.01,3975000.0
Lexus,ES,2019,20000.0,Petrol,Automatic,1,2487.0,22.37,5150000.0
Jaguar,XF,2017,45000.0,Diesel,Automatic,1,1999.0,19.33,3200000.0
Jeep,Wrangler,2017,17000.0,Petrol,Automatic,1,3604.0,9.5,4100000.0
Toyota,Camry,2016,68089.0,Petrol,Automatic,1,2494.0,19.16,2000000.0
Honda,Jazz,2016,56494.0,Petrol,Manual,1,1199.0,18.2,550000.0
Toyota,Innova,2013,79328.0,Diesel,Manual,2,2494.0,12.99,750000.0
BMW,X4,2019,7500.0,Diesel,Automatic,1,1995.0,16.78,5400000.0
BMW,X4,2019,8500.0,Diesel,Automatic,1,1995.0,16.78,5500000.0
Honda,Amaze,2019,7032.0,Petrol,Automatic,1,1199.0,19.0,779000.0
Volvo,V40,2018,2000.0,Diesel,Automatic,1,1984.0,16.8,2475000.0
Mercedes-Benz,E-Class,2019,17000.0,Petrol,Automatic,1,1991.0,15.0,5200000.0
Land Rover,Discovery,2019,21000.0,Diesel,Automatic,1,1999.0,12.83,4500000.0
Mercedes-Benz,S-Class,2017,37000.0,Diesel,Automatic,1,2987.0,13.5,6000000.0
BMW,5,2018,10000.0,Diesel,Automatic,1,1995.0,22.48,4000000.0
Hyundai,Venue,2019,3500.0,Petrol,Automatic,1,998.0,18.15,1125000.0
Audi,A4,2016,46000.0,Diesel,Automatic,1,1968.0,18.25,1898999.0
Honda,CR-V,2017,52000.0,Petrol,Automatic,1,2354.0,12.0,1650000.0
Maruti,Swift,2011,20000.0,Petrol,Manual,2,1197.0,18.6,280000.0
Tata,Tigor,2019,25000.0,Petrol,Manual,1,1199.0,20.3,450000.0
Maruti,Esteem,2006,70000.0,Petrol,Manual,2,1298.0,15.9,135000.0
Mahindra,XUV500,2014,40000.0,Diesel,Manual,1,2179.0,15.1,650000.0
Maruti,Baleno,2020,7300.0,Petrol,Manual,1,1197.0,21.01,650000.0
Maruti,Ciaz,2018,25000.0,Diesel,Manual,1,1248.0,28.09,750000.0
Maruti,Alto,2010,100000.0,Petrol,Manual,1,796.0,19.7,150000.0
Mahindra,KUV,2017,35000.0,Diesel,Manual,1,1198.0,25.32,500000.0
Toyota,Etios,2012,100000.0,Diesel,Manual,1,2494.0,12.99,311000.0
Hyundai,Verna,2013,80000.0,Diesel,Manual,2,1582.0,22.32,425000.0
Hyundai,i10,2010,60000.0,Petrol,Manual,1,1197.0,20.36,260000.0
Volkswagen,Polo,2014,110000.0,Diesel,Manual,2,1498.0,20.14,400000.0
Hyundai,i20,2017,70000.0,Diesel,Manual,2,1396.0,22.54,575000.0
Hyundai,Santro,2008,40000.0,Petrol,Manual,1,1086.0,0.0,175000.0
Maruti,SX4,2010,90000.0,CNG,Manual,2,1586.0,21.4,250000.0
Volkswagen,Polo,2012,95000.0,Diesel,Manual,1,1598.0,19.7,400000.0
Mahindra,Bolero,2011,200000.0,Diesel,Manual,2,2523.0,13.6,350000.0
Maruti,Swift,2015,30000.0,Diesel,Manual,1,1248.0,25.2,484999.0
Maruti,Swift,2015,30000.0,Diesel,Manual,1,1248.0,25.2,484999.0
Volkswagen,CrossPolo,2013,70000.0,Diesel,Manual,2,1498.0,20.14,350000.0
Toyota,Fortuner,2014,80000.0,Diesel,Automatic,2,2982.0,12.55,1400000.0
Maruti,Swift,2012,100000.0,Diesel,Manual,3,1248.0,19.3,250000.0
Maruti,Swift,2017,70000.0,Diesel,Manual,1,1248.0,28.4,655000.0
Honda,Jazz,2016,30000.0,Diesel,Manual,1,1498.0,27.3,500000.0
Chevrolet,Beat,2016,15000.0,Petrol,Manual,1,1199.0,18.6,300000.0
Ford,Figo,2018,21000.0,Diesel,Manual,1,1498.0,25.83,650000.0
Maruti,Wagon,2014,35000.0,Petrol,Manual,1,1197.0,20.52,300000.0
Honda,Jazz,2016,25000.0,Petrol,Manual,1,1199.0,18.7,475000.0
Tata,Tiago,2017,30000.0,Petrol,Manual,1,1199.0,23.84,450000.0
Maruti,Swift,2019,10000.0,Diesel,Manual,1,1248.0,28.4,754000.0
Hyundai,i10,2013,40000.0,Petrol,Manual,1,1197.0,20.36,300000.0
Hyundai,EON,2014,25000.0,Petrol,Manual,1,814.0,21.1,250000.0
Maruti,Swift,2018,15000.0,Diesel,Manual,1,1248.0,28.4,725000.0
Maruti,Alto,2008,70000.0,Petrol,Manual,1,796.0,19.7,95000.0
Hyundai,Santro,2018,7800.0,Petrol,Manual,1,1086.0,20.3,475000.0
Tata,Safari,2014,55000.0,Diesel,Manual,1,2179.0,14.0,575000.0
Tata,Tiago,2016,30000.0,Petrol,Manual,1,1199.0,23.84,350000.0
Mahindra,Bolero,2013,125000.0,Diesel,Manual,2,2523.0,15.96,330000.0
Maruti,Swift,2016,50000.0,Petrol,Manual,1,1197.0,20.4,482000.0
Ford,EcoSport,2017,40000.0,Diesel,Manual,4,1498.0,22.77,625000.0
Tata,Tiago,2017,30000.0,Petrol,Manual,1,1199.0,23.84,380000.0
Chevrolet,Beat,2016,30000.0,Petrol,Manual,1,1199.0,18.6,310000.0
Maruti,Swift,2009,35000.0,Petrol,Manual,1,1298.0,17.5,280000.0
Renault,Duster,2018,30000.0,Petrol,Automatic,1,1498.0,14.99,900000.0
Maruti,Wagon,2010,60000.0,Petrol,Manual,1,1061.0,18.9,250000.0
Hyundai,Verna,2017,39000.0,Petrol,Manual,1,1591.0,17.01,750000.0
Renault,KWID,2019,15000.0,Petrol,Manual,1,999.0,23.01,420000.0
Honda,Amaze,2019,5000.0,Petrol,Manual,1,1199.0,19.5,670000.0
Hyundai,i10,2016,9750.0,Petrol,Manual,2,1086.0,19.81,420000.0
Toyota,Innova,2016,110000.0,Diesel,Manual,1,2393.0,13.68,1800000.0
Honda,WR-V,2018,35000.0,Petrol,Manual,1,1199.0,17.5,900000.0
Mahindra,XUV500,2015,10000.0,Diesel,Manual,1,2179.0,15.1,1200000.0
Mahindra,Scorpio,2003,157138.0,Diesel,Manual,3,2179.0,10.5,195000.0
Hyundai,Verna,2007,120000.0,Diesel,Manual,4,1493.0,16.8,185000.0
Hyundai,i10,2008,110000.0,Petrol,Manual,4,1086.0,19.81,185000.0
Mahindra,XUV500,2018,46000.0,Diesel,Manual,1,2179.0,15.1,1525000.0
Maruti,Swift,2006,102000.0,Petrol,Manual,3,1298.0,16.1,215000.0
Maruti,Alto,2015,50000.0,Petrol,Manual,2,796.0,22.74,210000.0
Toyota,Innova,2016,110000.0,Diesel,Manual,2,2393.0,13.68,1700000.0
Maruti,Omni,1991,120000.0,LPG,Manual,2,1197.0,21.21,55000.0
Toyota,Innova,2009,285000.0,Diesel,Manual,3,2494.0,12.8,530000.0
Honda,City,2015,50000.0,Petrol,Manual,1,1497.0,17.4,800000.0
Maruti,Swift,2014,70000.0,Diesel,Manual,2,1248.0,25.2,570000.0
Maruti,SX4,2012,120000.0,Diesel,Manual,2,1248.0,21.5,350000.0
Hyundai,i20,2011,93000.0,Diesel,Manual,2,1396.0,21.9,350000.0
Mahindra,Bolero,2018,50000.0,Diesel,Manual,1,1493.0,16.5,750000.0
Maruti,Eeco,2011,100000.0,Petrol,Manual,2,1196.0,15.37,160000.0
Tata,Indigo,2010,70000.0,Diesel,Manual,3,1405.0,15.7,150000.0
Maruti,Swift,2008,90000.0,Diesel,Manual,3,1197.0,21.21,250000.0
Hyundai,Grand,2019,5000.0,Petrol,Manual,1,1197.0,18.9,562000.0
Hyundai,i10,2012,27000.0,Petrol,Manual,1,1197.0,20.36,290000.0
Mahindra,XUV500,2014,122000.0,Diesel,Manual,2,2179.0,15.1,600000.0
Hyundai,Xcent,2015,74000.0,Diesel,Manual,2,1120.0,24.4,401000.0
Maruti,Swift,2019,6500.0,Petrol,Automatic,1,1197.0,21.21,750000.0
Mahindra,Bolero,2007,80000.0,Diesel,Manual,2,2523.0,13.6,240000.0
Maruti,Alto,2012,50000.0,Petrol,Manual,1,998.0,20.92,229999.0
Mahindra,Bolero,2013,50000.0,Diesel,Manual,1,2523.0,15.96,500000.0
Maruti,Gypsy,2010,80000.0,Petrol,Manual,1,1298.0,11.96,350000.0
Datsun,RediGO,2018,25000.0,Petrol,Manual,1,799.0,22.7,217000.0
Nissan,Sunny,2018,35000.0,Diesel,Manual,1,1461.0,22.71,670000.0
Maruti,Alto,2011,30000.0,Petrol,Manual,1,998.0,20.92,225000.0
Maruti,Vitara,2020,10000.0,Petrol,Automatic,1,1462.0,18.76,737000.0
Maruti,Celerio,2014,80000.0,Petrol,Manual,1,998.0,23.1,300000.0
Tata,Indigo,2008,120000.0,Diesel,Manual,1,1405.0,17.0,85000.0
Hyundai,Verna,2010,120000.0,Diesel,Manual,2,1493.0,16.2,195000.0
Honda,WR-V,2017,127991.0,Diesel,Manual,1,1498.0,25.5,675000.0
Mitsubishi,Lancer,1999,198000.0,Diesel,Manual,2,1998.0,14.8,150000.0
Tata,Indigo,2010,65000.0,Petrol,Manual,1,1193.0,15.64,290000.0
Maruti,Esteem,2002,90000.0,Petrol,Manual,3,1197.0,21.21,95000.0
Maruti,Ciaz,2018,20000.0,Diesel,Manual,1,1248.0,28.09,889000.0
Volkswagen,Ameo,2016,60000.0,Petrol,Manual,1,1198.0,17.0,400000.0
Renault,KWID,2018,13120.0,Petrol,Manual,1,799.0,25.17,390000.0
Jeep,Compass,2017,87500.0,Diesel,Manual,1,1956.0,17.1,1550000.0
Hyundai,Verna,2014,125000.0,Diesel,Manual,1,1582.0,22.32,600000.0
Hyundai,Elite,2018,25000.0,Petrol,Automatic,1,1197.0,17.4,800000.0
Maruti,Ertiga,2013,120000.0,Diesel,Manual,3,1248.0,20.77,600000.0
Hyundai,Verna,2015,35000.0,Petrol,Manual,1,1591.0,17.01,795000.0
Hyundai,i20,2016,25000.0,Diesel,Manual,1,1396.0,22.54,735000.0
Skoda,Octavia,2005,120000.0,Diesel,Manual,3,1896.0,16.4,250000.0
Renault,KWID,2018,25000.0,Petrol,Automatic,1,999.0,24.04,400000.0
Mahindra,Xylo,2014,140000.0,Diesel,Manual,1,2489.0,14.0,395000.0
Hyundai,Accent,2005,79000.0,Diesel,Manual,2,1493.0,13.1,130000.0
Renault,Lodgy,2015,125000.0,Diesel,Manual,1,1461.0,21.04,600000.0
Hyundai,i20,2016,80000.0,Diesel,Manual,1,1396.0,21.19,720000.0
Honda,City,2011,110000.0,Petrol,Manual,3,1497.0,16.8,450000.0
Hyundai,Verna,2010,80000.0,Diesel,Manual,2,1493.0,16.2,220000.0
Hyundai,Verna,2014,100000.0,Diesel,Manual,2,1582.0,22.32,545000.0
Volkswagen,Vento,2011,100000.0,Diesel,Manual,2,1598.0,20.54,370000.0
Mahindra,Bolero,2010,78000.0,Diesel,Manual,1,2523.0,13.6,450000.0
Hyundai,i20,2018,15000.0,Petrol,Automatic,1,1197.0,17.4,750000.0
Mahindra,Scorpio,2015,70000.0,Diesel,Manual,1,2179.0,15.4,1100000.0
Maruti,Baleno,2019,5000.0,Petrol,Manual,1,1197.0,21.4,711000.0
Maruti,Alto,2016,75000.0,Petrol,Manual,1,998.0,23.95,285000.0
Maruti,Baleno,2020,5500.0,Petrol,Manual,1,1197.0,21.01,749000.0
Renault,Duster,2016,80000.0,Diesel,Manual,2,1461.0,19.64,550000.0
Maruti,Swift,2010,120000.0,Diesel,Manual,2,1248.0,19.3,300000.0
Maruti,Baleno,2017,70000.0,Diesel,Manual,1,1248.0,27.39,625000.0
Hyundai,i20,2017,80000.0,Petrol,Manual,2,1197.0,17.19,650000.0
Hyundai,Verna,2014,120000.0,Diesel,Manual,3,1582.0,22.32,575000.0
Maruti,Swift,2016,75000.0,Diesel,Manual,2,1248.0,26.59,631000.0
Hyundai,Verna,2010,80000.0,Diesel,Manual,2,1493.0,16.2,220000.0
Tata,Tigor,2017,40000.0,Petrol,Manual,2,1199.0,20.3,600000.0
Mahindra,Jeep,1997,100000.0,Diesel,Manual,4,2179.0,15.96,160000.0
Ford,Fiesta,2012,120000.0,Diesel,Manual,1,1498.0,23.5,390000.0
Mahindra,Scorpio,2007,110000.0,Diesel,Manual,4,2609.0,12.7,375000.0
Hyundai,i20,2010,110000.0,Diesel,Manual,1,1396.0,23.0,340000.0
Tata,Tiago,2019,2000.0,Diesel,Manual,1,1047.0,27.28,670000.0
Maruti,Swift,2014,80000.0,Diesel,Manual,2,1248.0,23.4,530000.0
Maruti,Alto,2015,38000.0,Petrol,Automatic,2,998.0,23.95,350000.0
Maruti,Celerio,2014,46000.0,Petrol,Manual,1,998.0,21.63,415000.0
Maruti,Ertiga,2014,102000.0,Diesel,Manual,1,1498.0,24.2,700000.0
BMW,X1,2012,96000.0,Diesel,Automatic,2,1998.0,19.62,925000.0
Renault,KWID,2017,20000.0,Petrol,Automatic,1,999.0,22.0,375000.0
Maruti,Swift,2015,16000.0,Petrol,Manual,1,1197.0,19.1,575000.0
Hyundai,i20,2013,23000.0,Petrol,Manual,1,1197.0,17.0,425000.0
Ford,Figo,2011,25000.0,Petrol,Manual,1,1196.0,18.16,245000.0
Hyundai,Verna,2015,35000.0,Petrol,Manual,2,1497.0,17.7,540000.0
Mercedes-Benz,New,2011,90000.0,Diesel,Automatic,1,2143.0,14.94,1000000.0
Hyundai,i10,2013,37000.0,Petrol,Manual,1,1197.0,20.36,291000.0
Maruti,Baleno,2017,34000.0,Petrol,Manual,2,1197.0,21.4,600000.0
Hyundai,Verna,2012,60000.0,Petrol,Manual,1,1497.0,17.7,355000.0
Hyundai,i10,2010,50000.0,Petrol,Manual,1,1197.0,20.36,225000.0
Chevrolet,Enjoy,2013,37000.0,Petrol,Manual,1,1399.0,13.7,350000.0
Maruti,Alto,2012,38000.0,Petrol,Manual,2,796.0,24.7,200000.0
Ford,Figo,2017,40000.0,Diesel,Manual,1,1497.0,20.0,600000.0
Hyundai,Verna,2012,57000.0,Petrol,Manual,1,1497.0,17.7,434999.0
Hyundai,i20,2014,62200.0,Petrol,Manual,1,1197.0,17.0,440000.0
Maruti,Ritz,2013,77000.0,Diesel,Manual,1,1248.0,21.1,390000.0
Maruti,800,1997,110000.0,Petrol,Manual,2,796.0,16.1,50000.0
Maruti,Swift,2012,30000.0,Petrol,Manual,1,1197.0,17.5,450000.0
Maruti,Alto,2009,60000.0,Petrol,Manual,3,796.0,19.7,125000.0
Mahindra,Scorpio,2014,25000.0,Diesel,Manual,1,2179.0,15.4,999000.0
Tata,Sumo,2005,188000.0,Diesel,Manual,1,1948.0,12.3,225000.0
Maruti,Alto,2010,150000.0,Petrol,Manual,3,796.0,19.7,85000.0
Hyundai,EON,2012,40000.0,Petrol,Manual,1,814.0,21.1,150000.0
Renault,Duster,2014,120000.0,Diesel,Manual,1,1461.0,19.01,500000.0
Hyundai,i10,2011,70000.0,Petrol,Manual,3,1197.0,20.36,220000.0
Mahindra,Scorpio,2014,25000.0,Diesel,Manual,1,2179.0,15.4,999000.0
Hyundai,Creta,2017,60000.0,Diesel,Manual,1,1396.0,21.38,957000.0
Toyota,Innova,2006,250000.0,Diesel,Manual,1,2494.0,12.8,1050000.0
Datsun,RediGO,2018,35000.0,Petrol,Manual,1,999.0,22.5,320000.0
Maruti,Alto,2016,15000.0,Petrol,Manual,1,998.0,23.95,300000.0
Maruti,Swift,2010,98000.0,Diesel,Manual,1,1248.0,17.8,270000.0
Hyundai,Accent,2011,62000.0,Petrol,Manual,3,1495.0,16.36,170000.0
Chevrolet,Cruze,2010,90000.0,Diesel,Manual,2,1991.0,18.3,270000.0
Chevrolet,Beat,2013,110000.0,Petrol,Manual,2,1199.0,18.6,140000.0
Hyundai,i10,2010,90000.0,Petrol,Manual,3,1197.0,20.36,170000.0
Mahindra,Marazzo,2019,10000.0,Diesel,Manual,1,1497.0,17.3,1450000.0
Mahindra,XUV300,2019,25000.0,Diesel,Manual,1,1497.0,20.0,1200000.0
Hyundai,Elite,2019,13000.0,Diesel,Manual,1,1396.0,22.54,834000.0
Tata,Tiago,2017,80000.0,Diesel,Manual,1,1047.0,27.28,450000.0
Volkswagen,Polo,2014,40000.0,Diesel,Manual,3,1498.0,20.14,575000.0
Maruti,Swift,2019,20000.0,Diesel,Manual,1,1248.0,28.4,900000.0
Maruti,800,2008,87540.0,LPG,Manual,3,796.0,16.6,149000.0
Chevrolet,Spark,2007,84000.0,LPG,Manual,3,995.0,16.0,100000.0
Skoda,Fabia,2011,160000.0,Diesel,Manual,3,1199.0,20.86,325000.0
Volkswagen,Vento,2012,100000.0,Diesel,Manual,2,1598.0,20.54,400000.0
Hyundai,EON,2017,35000.0,Petrol,Manual,2,998.0,20.3,250000.0
Chevrolet,Optra,2010,60000.0,Petrol,Manual,2,1598.0,12.9,225000.0
Ford,Fiesta,2012,70000.0,Diesel,Manual,1,1388.0,18.6,300000.0
Fiat,Avventura,2015,60000.0,Diesel,Manual,2,1248.0,20.5,459999.0
Ford,EcoSport,2016,35000.0,Diesel,Manual,2,1498.0,22.77,825000.0
Tata,Indica,2012,231438.0,Diesel,Manual,2,1248.0,18.4,150000.0
Maruti,Baleno,2016,71000.0,Diesel,Manual,1,1248.0,27.39,710000.0
Maruti,Swift,2008,90000.0,Petrol,Manual,1,1197.0,21.21,200000.0
Maruti,Ritz,2016,70000.0,Diesel,Manual,1,1248.0,23.2,425000.0
Maruti,800,2007,80000.0,Petrol,Manual,1,796.0,16.1,45000.0
Mahindra,Bolero,2011,239451.0,Diesel,Manual,2,2523.0,13.6,380000.0
Mahindra,Marshal,2000,50000.0,Diesel,Manual,1,2179.0,15.96,150000.0
Maruti,Ritz,2009,90000.0,Diesel,Manual,1,1248.0,21.1,240000.0
Hyundai,Creta,2016,154000.0,Diesel,Manual,1,1582.0,19.67,1150000.0
Renault,Duster,2013,109000.0,Diesel,Manual,2,1461.0,19.64,520000.0
Maruti,Swift,2016,120000.0,Diesel,Manual,2,1248.0,26.59,675000.0
Tata,Indica,2006,77000.0,Diesel,Manual,1,1396.0,18.8,170000.0
Maruti,Wagon,2012,100000.0,CNG,Manual,3,998.0,26.2,297000.0
Tata,New,2009,110000.0,Diesel,Manual,1,2179.0,11.57,250000.0
Hyundai,Accent,2005,200000.0,Diesel,Manual,2,1493.0,13.1,200000.0
Maruti,Swift,2008,120000.0,Diesel,Manual,4,1197.0,21.21,225000.0
Maruti,Wagon,2016,39000.0,Petrol,Manual,3,998.0,20.51,380000.0
Maruti,800,2005,96000.0,Petrol,Manual,4,796.0,16.1,40000.0
Volkswagen,Vento,2014,90000.0,Diesel,Manual,1,1598.0,20.54,575000.0
Maruti,Swift,2010,135000.0,Diesel,Manual,2,1248.0,17.8,300000.0
Tata,Tiago,2018,90000.0,Diesel,Manual,1,1047.0,27.28,450000.0
Maruti,800,2003,90000.0,Petrol,Manual,4,796.0,16.1,45000.0
Toyota,Innova,2010,426000.0,Diesel,Manual,1,2494.0,12.8,950000.0
Maruti,Swift,2017,35000.0,Diesel,Manual,1,1248.0,28.4,745000.0
Hyundai,Xcent,2016,120000.0,Diesel,Manual,1,1120.0,24.4,509999.0
Hyundai,i10,2009,110000.0,Petrol,Manual,1,1197.0,20.36,142000.0
Maruti,A-Star,2009,50000.0,Petrol,Manual,1,998.0,19.0,185000.0
Fiat,Linea,2012,77000.0,Diesel,Manual,1,1248.0,20.4,300000.0
Honda,City,2007,120000.0,Petrol,Manual,2,1497.0,17.7,210000.0
Hyundai,Verna,2008,120000.0,Petrol,Manual,2,1599.0,13.9,260000.0
Maruti,Swift,2013,190000.0,Diesel,Manual,2,1248.0,23.4,430000.0
Mahindra,Scorpio,2013,110000.0,Diesel,Manual,2,2179.0,12.05,600000.0
Ford,Figo,2010,30000.0,Petrol,Manual,1,1196.0,15.6,400000.0
Hyundai,Verna,2012,182000.0,Diesel,Manual,2,1396.0,24.8,400000.0
Maruti,Swift,2017,60000.0,Diesel,Manual,1,1248.0,28.4,669000.0
Hyundai,Xcent,2019,40000.0,Petrol,Manual,1,1197.0,20.14,509999.0
Hyundai,i20,2016,112000.0,Diesel,Manual,1,1396.0,22.54,616000.0
Mahindra,Scorpio,2013,80000.0,Diesel,Manual,2,2179.0,12.05,530000.0
Hyundai,Verna,2010,90000.0,Diesel,Manual,2,1493.0,16.8,190000.0
Honda,City,2015,140000.0,Diesel,Manual,2,1498.0,25.1,700000.0
Tata,Sumo,2012,188000.0,Diesel,Manual,2,2179.0,14.0,250000.0
Hyundai,i10,2014,60000.0,Petrol,Manual,2,1197.0,20.36,225000.0
Hyundai,Grand,2017,30000.0,Petrol,Manual,1,1197.0,18.9,470000.0
Maruti,Vitara,2019,40000.0,Diesel,Manual,1,1248.0,24.3,900000.0
Chevrolet,Beat,2013,70000.0,Diesel,Manual,1,936.0,25.44,170000.0
Tata,Indigo,2013,100000.0,Diesel,Manual,1,1396.0,19.09,140000.0
Chevrolet,Spark,2011,44000.0,Petrol,Manual,2,995.0,16.0,95000.0
Maruti,Ritz,2016,110000.0,Petrol,Manual,2,1197.0,18.5,280000.0
Mahindra,Scorpio,2012,215000.0,Diesel,Manual,1,2179.0,12.05,470000.0
Hyundai,EON,2011,80000.0,Petrol,Manual,2,814.0,21.1,129000.0
Chevrolet,Beat,2012,70000.0,Diesel,Manual,2,936.0,25.44,165000.0
Hyundai,i20,2016,25000.0,Petrol,Manual,1,1197.0,17.19,600000.0
Maruti,Wagon,2012,31000.0,Petrol,Manual,1,998.0,18.9,260000.0
Maruti,Wagon,2005,50000.0,Petrol,Manual,3,998.0,18.9,70000.0
Hyundai,i20,2015,120000.0,Petrol,Manual,2,1197.0,18.6,515000.0
Ford,Figo,2012,60000.0,Diesel,Manual,1,1399.0,20.0,225000.0
Maruti,Swift,2011,60000.0,Diesel,Manual,2,1248.0,19.3,270000.0
Tata,Safari,2011,110000.0,Diesel,Manual,3,2179.0,13.93,225000.0
Hyundai,Verna,2012,70000.0,Diesel,Manual,1,1582.0,22.32,459999.0
Maruti,Alto,2009,110000.0,Petrol,Manual,2,796.0,19.7,115999.0
Skoda,Rapid,2013,77300.0,Diesel,Manual,1,1498.0,21.14,475000.0
Mercedes-Benz,E-Class,2013,91500.0,Diesel,Automatic,1,2148.0,10.0,1925000.0
Tata,Indica,2011,75000.0,Diesel,Manual,2,1396.0,25.0,165000.0
Maruti,Swift,2015,45000.0,Diesel,Manual,1,1248.0,28.4,550000.0
Maruti,Vitara,2017,61260.0,Diesel,Manual,1,1248.0,24.3,861000.0
Ford,EcoSport,2019,26000.0,Diesel,Manual,1,1498.0,23.0,1050000.0
Skoda,Kodiaq,2018,17601.0,Diesel,Automatic,1,1968.0,16.25,3251000.0
Hyundai,i20,2017,43000.0,Diesel,Manual,1,1396.0,22.54,750000.0
Maruti,Swift,2018,4773.0,Petrol,Manual,1,1197.0,22.0,730000.0
Skoda,Rapid,2017,31000.0,Diesel,Automatic,1,1498.0,21.66,860000.0
Honda,BRV,2017,57900.0,Diesel,Manual,1,1498.0,21.9,940000.0
Mahindra,Marazzo,2019,8600.0,Diesel,Manual,1,1497.0,17.3,1075000.0
Maruti,SX4,2016,52000.0,Diesel,Manual,1,1248.0,23.65,775000.0
Maruti,Swift,2013,62000.0,Petrol,Manual,1,1197.0,22.0,411000.0
Toyota,Innova,2012,155000.0,Diesel,Manual,1,2494.0,12.8,911000.0
Volkswagen,Polo,2016,66000.0,Diesel,Manual,1,1498.0,20.14,540000.0
Skoda,Rapid,2016,78010.0,Diesel,Automatic,1,1498.0,21.66,660000.0
Maruti,Ertiga,2018,83844.0,Diesel,Manual,1,1248.0,24.52,875000.0
Maruti,Celerio,2015,23999.0,Petrol,Automatic,1,998.0,23.1,411000.0
Maruti,Baleno,2016,52000.0,Diesel,Manual,1,1248.0,27.39,635000.0
Maruti,Swift,2012,145000.0,Diesel,Manual,3,1248.0,22.9,350000.0
Mahindra,TUV,2018,70000.0,Diesel,Manual,2,1493.0,18.49,800000.0
Maruti,Omni,2015,25000.0,Petrol,Manual,2,796.0,16.8,180000.0
Jaguar,XF,2014,51000.0,Diesel,Automatic,1,2993.0,14.74,2000000.0
Honda,Mobilio,2014,120000.0,Diesel,Manual,1,1498.0,24.2,490000.0
Maruti,Zen,2010,55000.0,Petrol,Manual,1,998.0,19.0,180000.0
Nissan,Micra,2013,91400.0,Petrol,Automatic,2,1198.0,19.34,310000.0
Hyundai,Accent,2012,48000.0,CNG,Manual,1,1495.0,13.2,275000.0
Chevrolet,Enjoy,2014,80000.0,Diesel,Manual,2,1248.0,18.2,450000.0
Mahindra,KUV,2017,50000.0,Diesel,Manual,1,1198.0,25.32,500000.0
Hyundai,Verna,2010,185000.0,Diesel,Automatic,4,1493.0,16.2,245000.0
Volkswagen,Vento,2011,125000.0,Diesel,Manual,4,1598.0,20.54,275000.0
Honda,City,2006,178500.0,Petrol,Manual,3,1497.0,17.7,200000.0
Mahindra,XUV500,2017,66953.0,Diesel,Manual,1,2179.0,16.0,1500000.0
Nissan,Micra,2012,166000.0,Diesel,Manual,2,1461.0,23.08,229999.0
Volkswagen,Vento,2011,131000.0,Diesel,Manual,4,1598.0,20.54,280000.0
Maruti,Wagon,2009,50000.0,Petrol,Manual,2,1061.0,18.9,125000.0
Maruti,Swift,2015,25000.0,Diesel,Manual,1,1248.0,25.2,600000.0
Honda,Jazz,2018,20000.0,Petrol,Manual,1,1199.0,18.2,600000.0
Honda,Brio,2016,60000.0,Petrol,Manual,2,1198.0,18.5,411000.0
Maruti,Eeco,2010,170000.0,Petrol,Manual,3,1196.0,15.37,150000.0
Maruti,Ciaz,2015,70000.0,Diesel,Manual,1,1248.0,26.21,630000.0
Audi,A4,2013,110000.0,Diesel,Automatic,1,1968.0,17.11,1200000.0
Maruti,Swift,2019,45000.0,Petrol,Automatic,1,1197.0,22.0,700000.0
Mahindra,Xylo,2010,60000.0,Diesel,Manual,2,2498.0,14.0,250000.0
Chevrolet,Enjoy,2016,32000.0,Diesel,Manual,1,1248.0,18.2,535000.0
Mahindra,TUV,2016,60000.0,Diesel,Manual,1,1493.0,18.49,600000.0
Hyundai,Accent,2003,120000.0,Diesel,Manual,4,1493.0,13.1,145000.0
Ford,Figo,2015,143000.0,Diesel,Manual,1,1498.0,25.83,400000.0
Maruti,Swift,2015,100000.0,Diesel,Manual,1,1248.0,26.59,600000.0
Maruti,Celerio,2018,50000.0,Petrol,Manual,1,998.0,21.63,459999.0
Hyundai,i20,2018,30000.0,Diesel,Manual,1,1396.0,22.54,800000.0
Maruti,Eeco,2017,25000.0,CNG,Manual,1,1196.0,21.94,370000.0
Toyota,Innova,2012,102000.0,Diesel,Manual,2,2494.0,12.8,800000.0
Renault,Pulse,2013,90000.0,Diesel,Manual,1,1461.0,23.08,290000.0
Maruti,Swift,2018,62000.0,Diesel,Manual,1,1248.0,28.4,671000.0
Tata,Indigo,2012,80000.0,Diesel,Manual,4,1396.0,19.09,140000.0
Maruti,Alto,2011,15000.0,Petrol,Manual,3,796.0,19.7,141000.0
Maruti,Alto,2009,70000.0,Petrol,Manual,2,796.0,19.7,125000.0
Tata,Indica,2013,90000.0,Diesel,Manual,2,1405.0,19.4,150000.0
Maruti,Wagon,2007,100000.0,Petrol,Manual,3,1061.0,18.9,125000.0
Hyundai,Grand,2018,25000.0,Petrol,Manual,2,1197.0,18.9,600000.0
Hyundai,i20,2017,40000.0,Diesel,Manual,1,1396.0,22.54,700000.0
Hyundai,i20,2017,70000.0,Diesel,Manual,1,1396.0,22.54,700000.0
Maruti,Swift,2017,40000.0,Diesel,Manual,1,1248.0,28.4,740000.0
Tata,Indica,2011,200000.0,Diesel,Manual,2,1405.0,17.0,140000.0
Hyundai,Verna,2018,35000.0,Diesel,Manual,1,1582.0,22.0,1150000.0
Skoda,Octavia,2007,155000.0,Diesel,Manual,1,1896.0,18.7,300000.0
Toyota,Etios,2011,110000.0,Petrol,Manual,1,1496.0,17.6,300000.0
Renault,Scala,2015,110000.0,Diesel,Manual,1,1461.0,21.64,530000.0
Hyundai,Grand,2017,80000.0,Diesel,Manual,2,1186.0,24.0,530000.0
Hyundai,Santro,2011,50000.0,Petrol,Manual,2,1086.0,17.92,210000.0
Maruti,Alto,2007,90000.0,Petrol,Manual,2,796.0,19.7,130000.0
Maruti,Wagon,2008,80000.0,LPG,Manual,2,1061.0,17.3,148000.0
Volkswagen,Passat,2008,120000.0,Diesel,Automatic,1,1968.0,14.3,585000.0
Hyundai,i20,2011,105000.0,Diesel,Manual,2,1396.0,21.9,270000.0
Hyundai,i10,2013,40000.0,Petrol,Manual,1,1197.0,20.36,375000.0
Mahindra,XUV500,2014,141000.0,Diesel,Manual,2,2179.0,15.1,725000.0
Mahindra,Bolero,2005,15000.0,Diesel,Manual,2,2179.0,15.96,350000.0
Hyundai,Verna,2007,150000.0,Diesel,Manual,2,1493.0,18.1,180000.0
Maruti,Ritz,2014,80000.0,Diesel,Manual,2,1248.0,23.2,425000.0
Ford,EcoSport,2018,25000.0,Diesel,Manual,1,1498.0,23.0,900000.0
Tata,Sumo,2017,51000.0,Diesel,Manual,1,2956.0,14.07,570000.0
Tata,Indica,2017,40000.0,Diesel,Manual,1,1396.0,25.0,290000.0
Ford,Figo,2011,40000.0,Diesel,Manual,2,1399.0,20.0,229999.0
Ford,Figo,2012,70000.0,Diesel,Manual,1,1399.0,20.0,300000.0
Maruti,Ritz,2010,110000.0,Diesel,Manual,3,1248.0,21.1,220000.0
Chevrolet,Cruze,2011,80000.0,Diesel,Manual,2,1991.0,18.3,409999.0
Chevrolet,Enjoy,2013,136000.0,Diesel,Manual,2,1248.0,18.2,355000.0
Renault,Duster,2013,120000.0,Diesel,Manual,1,1461.0,19.01,695000.0
Maruti,Swift,2010,120000.0,Diesel,Manual,2,1248.0,19.3,320000.0
Mahindra,TUV,2017,120000.0,Diesel,Manual,1,1493.0,18.49,710000.0
Tata,Indica,2004,120000.0,Diesel,Manual,2,1405.0,16.8,85000.0
Chevrolet,Tavera,2010,210000.0,Diesel,Manual,4,1994.0,12.2,409999.0
Volkswagen,Polo,2015,90000.0,Diesel,Manual,1,1498.0,20.14,550000.0
Maruti,Swift,2007,100750.0,Petrol,Manual,2,1298.0,16.1,215000.0
Hyundai,Accent,2006,140000.0,Petrol,Manual,2,1599.0,14.4,110000.0
Honda,City,2007,110000.0,Petrol,Manual,3,1497.0,17.7,170000.0
Tata,Nexon,2018,40000.0,Petrol,Manual,2,1198.0,17.0,850000.0
Hyundai,i20,2010,148000.0,Diesel,Manual,2,1396.0,23.0,350000.0
Hyundai,Santro,2005,190000.0,Petrol,Automatic,2,1197.0,19.81,120000.0
Tata,Indica,2015,155000.0,Diesel,Manual,2,1248.0,22.3,250000.0
Ford,Figo,2015,70000.0,Diesel,Manual,1,1498.0,25.83,433000.0
Toyota,Fortuner,2010,100000.0,Diesel,Manual,1,2982.0,11.5,1200000.0
Hyundai,EON,2015,45000.0,Petrol,Manual,1,814.0,21.1,300000.0
Maruti,Zen,1998,40000.0,Petrol,Manual,2,993.0,17.3,70000.0
Mahindra,Bolero,2017,90000.0,Diesel,Manual,2,2523.0,15.96,760000.0
Hyundai,EON,2014,20000.0,Petrol,Manual,1,814.0,21.1,250000.0
Hyundai,Santro,2013,120000.0,Petrol,Manual,2,1086.0,17.92,187000.0
Jaguar,XE,2017,9000.0,Diesel,Automatic,1,1999.0,13.6,2711000.0
Lexus,ES,2019,20000.0,Petrol,Automatic,1,2487.0,22.37,5150000.0
Jaguar,XF,2017,45000.0,Diesel,Automatic,1,1999.0,19.33,3200000.0
Tata,Safari,2015,110000.0,Diesel,Manual,1,2179.0,14.1,503000.0
Volvo,XC40,2019,20000.0,Diesel,Automatic,1,1969.0,18.0,3800000.0
Toyota,Camry,2016,68089.0,Petrol,Automatic,1,2494.0,19.16,2000000.0
Maruti,Wagon,2013,58343.0,Petrol,Manual,1,998.0,21.79,225000.0
Maruti,Baleno,2018,38817.0,Diesel,Manual,1,1248.0,27.39,740000.0
Honda,Jazz,2016,56494.0,Petrol,Manual,1,1199.0,18.2,550000.0
Toyota,Innova,2013,79328.0,Diesel,Manual,2,2494.0,12.99,750000.0
Maruti,Swift,2019,5621.0,Petrol,Automatic,1,1197.0,22.0,650000.0
Toyota,Etios,2017,25538.0,Petrol,Manual,1,1496.0,16.78,625000.0
Maruti,Swift,2018,69779.0,Petrol,Automatic,1,1197.0,22.0,600000.0
Hyundai,Grand,2017,56290.0,Diesel,Manual,1,1186.0,24.0,450000.0
BMW,X4,2019,7500.0,Diesel,Automatic,1,1995.0,16.78,5400000.0
BMW,X4,2019,8500.0,Diesel,Automatic,1,1995.0,16.78,5500000.0
Honda,Amaze,2019,7032.0,Petrol,Automatic,1,1199.0,19.0,779000.0
Skoda,Rapid,2016,11000.0,Petrol,Automatic,1,1598.0,14.3,645000.0
Volvo,V40,2018,2000.0,Diesel,Automatic,1,1984.0,16.8,2475000.0
Maruti,Swift,2013,90000.0,Diesel,Manual,2,1248.0,22.9,335000.0
Maruti,Swift,2016,80000.0,Petrol,Manual,2,1197.0,20.85,488000.0
Maruti,SX4,2008,110000.0,Petrol,Manual,3,1586.0,15.6,111000.0
Maruti,Ciaz,2015,70000.0,Diesel,Manual,1,1248.0,26.21,600000.0
Maruti,Swift,2020,5000.0,Petrol,Manual,1,1197.0,21.21,570000.0
Hyundai,Santro,2007,75000.0,Petrol,Manual,2,1086.0,17.8,110000.0
Maruti,Swift,2014,50000.0,Petrol,Manual,1,1197.0,18.6,434999.0
Hyundai,EON,2014,70000.0,Petrol,Manual,1,814.0,21.1,229999.0
Nissan,Terrano,2014,90000.0,Diesel,Manual,2,1461.0,20.45,490000.0
Maruti,Swift,2011,100000.0,Petrol,Manual,2,1298.0,17.5,300000.0
Chevrolet,Beat,2017,90000.0,Petrol,Manual,1,1199.0,17.8,350000.0
Honda,WR-V,2019,35000.0,Petrol,Manual,1,1199.0,17.5,580000.0
Tata,Indigo,2017,155000.0,Diesel,Manual,1,1396.0,25.0,385000.0
Hyundai,Santro,2019,19500.0,Petrol,Manual,1,1086.0,20.3,434999.0
Toyota,Fortuner,2018,50000.0,Diesel,Manual,1,2755.0,14.24,3200000.0
Hyundai,i20,2015,30000.0,Petrol,Manual,1,1197.0,18.6,495000.0
Hyundai,i20,2016,53000.0,Diesel,Manual,1,1396.0,22.54,575000.0
Tata,Indigo,2013,120000.0,Diesel,Manual,2,1405.0,19.09,200000.0
Mahindra,Verito,2012,120000.0,Diesel,Manual,2,1461.0,21.03,140000.0
Ford,Fiesta,2012,64000.0,Diesel,Manual,2,1399.0,17.8,300000.0
Chevrolet,Sail,2015,50000.0,Petrol,Manual,1,1199.0,18.2,350000.0
Tata,Indigo,2015,80000.0,Diesel,Manual,2,1405.0,19.09,250000.0
Tata,Manza,2013,80000.0,Diesel,Manual,1,1248.0,21.02,280000.0
Hyundai,Xcent,2017,5000.0,Petrol,Manual,1,1197.0,20.14,600000.0
Hyundai,Verna,2015,25000.0,Petrol,Manual,1,1591.0,17.01,700000.0
Honda,City,2014,72000.0,Diesel,Manual,1,1498.0,26.0,560000.0
Maruti,Swift,2016,72000.0,Diesel,Manual,1,1197.0,21.21,565000.0
Renault,Lodgy,2017,65000.0,Diesel,Manual,1,1461.0,19.98,880000.0
Mahindra,Bolero,2005,80000.0,Diesel,Manual,1,2523.0,13.6,250000.0
Mahindra,Bolero,2016,120000.0,Diesel,Manual,1,2523.0,15.96,550000.0
Hyundai,Xcent,2018,60000.0,Diesel,Manual,1,1186.0,25.4,530000.0
Mahindra,XUV500,2013,110000.0,Diesel,Manual,2,2179.0,15.1,750000.0
Maruti,Alto,2017,35000.0,Petrol,Manual,1,796.0,24.7,310000.0
Maruti,Ertiga,2014,130000.0,Diesel,Manual,1,1248.0,20.77,620000.0
Maruti,Swift,2013,188000.0,Diesel,Manual,2,1248.0,22.9,400000.0
Tata,Indica,2008,80000.0,Diesel,Manual,2,1396.0,17.2,67000.0
Ford,Figo,2015,80000.0,Diesel,Manual,1,1498.0,25.83,480000.0
Maruti,Omni,2008,48676.0,Petrol,Manual,1,796.0,19.7,110000.0
Hyundai,Santro,2006,60000.0,Petrol,Manual,3,1197.0,19.81,105000.0
Datsun,GO,2018,40000.0,Petrol,Manual,1,1198.0,20.62,475000.0
Toyota,Etios,2012,120000.0,Diesel,Manual,2,2494.0,12.99,275000.0
Tata,Indica,2003,70000.0,Diesel,Manual,1,1396.0,18.8,40000.0
Maruti,Alto,2018,15000.0,Petrol,Manual,2,796.0,24.7,300000.0
Maruti,Alto,2007,70000.0,Petrol,Manual,1,796.0,19.7,100000.0
Tata,Indica,2011,80000.0,Diesel,Manual,2,1405.0,17.0,70000.0
Ford,EcoSport,2017,60000.0,Diesel,Manual,1,1498.0,22.77,900000.0
Toyota,Etios,2017,120000.0,Diesel,Manual,2,1364.0,23.59,650000.0
Hyundai,Santro,2003,120000.0,Petrol,Manual,3,1197.0,19.81,55000.0
Maruti,Zen,2000,180000.0,Petrol,Manual,4,993.0,17.3,50000.0
Hyundai,Grand,2016,70000.0,Petrol,Manual,1,1197.0,18.9,550000.0
Renault,Duster,2013,250000.0,Diesel,Manual,1,1461.0,20.46,475000.0
Hyundai,Santro,2019,15000.0,Petrol,Manual,1,1086.0,20.3,425000.0
Maruti,Ciaz,2017,65000.0,Diesel,Manual,1,1248.0,28.09,900000.0
Hyundai,i20,2015,90000.0,Petrol,Manual,1,1197.0,18.6,516000.0
Tata,Indica,2011,70000.0,Petrol,Manual,2,1172.0,16.5,150000.0
Maruti,Wagon,2016,30000.0,Petrol,Manual,1,998.0,20.51,400000.0
Mahindra,Scorpio,2016,79500.0,Diesel,Manual,1,2179.0,15.4,800000.0
Hyundai,Santro,2007,90000.0,Petrol,Manual,3,1086.0,17.8,165000.0
Nissan,Terrano,2015,110000.0,Diesel,Manual,1,1461.0,20.45,1000000.0
Maruti,Swift,2015,110000.0,Diesel,Manual,1,1248.0,26.59,440000.0
Hyundai,Verna,2011,153000.0,Diesel,Manual,1,1582.0,22.32,390000.0
Ford,Fiesta,2008,200185.0,Petrol,Manual,1,1388.0,16.6,136000.0
Maruti,Swift,2013,149000.0,Diesel,Manual,1,1248.0,23.4,475000.0
Ford,Figo,2016,100000.0,Diesel,Manual,1,1498.0,25.83,515000.0
Tata,Venture,2012,90000.0,Diesel,Manual,2,1405.0,15.42,175000.0
Maruti,SX4,2012,80000.0,Diesel,Manual,4,1248.0,21.5,380000.0
Toyota,Etios,2012,150000.0,Diesel,Manual,1,2494.0,12.99,405000.0
Maruti,Ignis,2018,12000.0,Petrol,Manual,1,1197.0,20.89,535000.0
Hyundai,i10,2011,40000.0,Petrol,Manual,2,1197.0,20.36,215000.0
Maruti,Zen,1997,100000.0,Petrol,Manual,2,993.0,17.3,70000.0
Hyundai,Grand,2017,27000.0,Petrol,Manual,1,1197.0,18.9,445000.0
Maruti,Wagon,2015,120000.0,Petrol,Manual,1,998.0,20.51,335000.0
Mahindra,Bolero,2015,80000.0,Diesel,Manual,1,2523.0,15.96,600000.0
Maruti,Eeco,2014,49025.0,Petrol,Manual,1,1196.0,15.37,300000.0
Tata,Nano,2015,15000.0,Petrol,Manual,1,624.0,25.4,110000.0
Maruti,Alto,2014,90000.0,Petrol,Manual,2,998.0,23.95,240000.0
Tata,Tiago,2016,90000.0,Petrol,Manual,1,1199.0,23.84,300000.0
BMW,7,2010,90000.0,Diesel,Automatic,2,2993.0,14.49,2000000.0
Tata,Indica,2007,80000.0,Diesel,Manual,3,1396.0,17.2,50000.0
Chevrolet,Tavera,2009,195000.0,Diesel,Manual,2,2499.0,14.8,295000.0
Mahindra,Scorpio,2006,90000.0,Diesel,Manual,3,2179.0,10.5,310000.0
Maruti,800,1997,80000.0,Petrol,Manual,3,796.0,16.1,29999.0
Honda,City,2016,22000.0,Petrol,Manual,1,1497.0,17.8,925000.0
Maruti,Vitara,2016,70000.0,Diesel,Manual,1,1248.0,24.3,640000.0
Maruti,Swift,2012,35000.0,Petrol,Manual,1,1197.0,17.5,350000.0
Maruti,Swift,2013,120000.0,Petrol,Manual,1,1197.0,19.1,385000.0
Maruti,Swift,2013,100000.0,Diesel,Manual,2,1248.0,23.4,409999.0
Mahindra,XUV500,2016,40000.0,Diesel,Automatic,1,2179.0,16.0,1300000.0
Ford,Fiesta,2009,60000.0,Petrol,Manual,3,1596.0,15.3,210000.0
Mahindra,Scorpio,2007,110000.0,Diesel,Manual,1,2179.0,10.5,300000.0
Mahindra,Scorpio,2008,112000.0,Diesel,Manual,1,2609.0,10.5,450000.0
Ford,Figo,2011,70000.0,Diesel,Manual,2,1399.0,20.0,170000.0
Honda,City,2014,140000.0,Diesel,Manual,1,1498.0,25.1,650000.0
Maruti,Esteem,1997,94000.0,Petrol,Automatic,4,1298.0,15.9,125000.0
Maruti,Alto,2012,70000.0,Petrol,Manual,1,796.0,19.7,145000.0
Volkswagen,Polo,2018,27000.0,Diesel,Manual,1,1498.0,20.14,681000.0
Honda,City,2015,173000.0,Diesel,Manual,1,1498.0,25.1,635000.0
Maruti,Alto,2010,80000.0,Petrol,Manual,2,796.0,19.7,140000.0
Honda,City,2016,86000.0,Diesel,Manual,3,1498.0,26.0,750000.0
Honda,City,2015,80000.0,Diesel,Manual,2,1498.0,26.0,611000.0
Maruti,Alto,2007,120000.0,Petrol,Manual,3,796.0,19.7,110000.0
Maruti,Wagon,2006,100000.0,Petrol,Automatic,2,1061.0,16.0,100000.0
Tata,Indica,2014,120000.0,Diesel,Manual,1,1248.0,22.3,225000.0
Hyundai,Verna,2010,190000.0,Diesel,Manual,3,1493.0,16.2,250000.0
Mahindra,Scorpio,2011,120000.0,Diesel,Manual,2,2523.0,14.0,385000.0
Maruti,Alto,2012,70000.0,Petrol,Manual,1,796.0,19.7,135000.0
Maruti,Alto,2006,100000.0,Petrol,Manual,2,796.0,19.7,65000.0
Maruti,Alto,2016,120000.0,Petrol,Manual,1,998.0,23.95,260000.0
Maruti,Swift,2014,120000.0,Diesel,Manual,2,1248.0,23.4,465000.0
Maruti,Swift,2007,80000.0,Petrol,Manual,4,1197.0,21.21,150000.0
Mahindra,KUV,2017,20000.0,Petrol,Manual,2,1198.0,18.15,430000.0
Hyundai,i20,2009,81000.0,Petrol,Manual,4,1197.0,17.0,200000.0
Chevrolet,Beat,2011,90000.0,Petrol,Manual,2,1199.0,18.6,125000.0
Maruti,800,2001,60000.0,Petrol,Manual,2,796.0,16.1,45000.0
Chevrolet,Beat,2012,40000.0,Petrol,Manual,2,1199.0,18.6,124000.0
Tata,Indica,2007,80000.0,Petrol,Manual,3,1193.0,15.3,80000.0
Maruti,Ertiga,2014,35000.0,CNG,Manual,1,1373.0,22.8,545000.0
Maruti,Ertiga,2019,20000.0,Diesel,Manual,1,1248.0,25.47,1050000.0
Chevrolet,Sail,2015,50000.0,Petrol,Manual,1,1199.0,18.2,200000.0
Mahindra,XUV500,2015,77000.0,Diesel,Automatic,2,2179.0,16.0,1100000.0
Mahindra,XUV500,2014,50000.0,Diesel,Manual,1,2179.0,15.1,750000.0
Tata,Tiago,2016,13500.0,Petrol,Manual,1,1199.0,23.84,425000.0
Maruti,Alto,2016,38000.0,Petrol,Manual,1,796.0,24.7,300000.0
Maruti,Ertiga,2019,14000.0,Diesel,Manual,1,1248.0,25.47,1200000.0
Honda,Civic,2009,70000.0,Petrol,Manual,1,1799.0,13.5,240000.0
Mahindra,KUV,2016,55000.0,Diesel,Manual,2,1198.0,25.32,450000.0
Maruti,Wagon,2006,150000.0,Petrol,Manual,4,998.0,18.9,80000.0
Mahindra,Bolero,2013,160000.0,Diesel,Manual,1,2523.0,15.96,500000.0
Chevrolet,Sail,2013,50000.0,Diesel,Manual,1,1248.0,22.1,295000.0
Tata,Indigo,2008,120000.0,Diesel,Manual,3,1396.0,19.09,100000.0
Hyundai,Verna,2013,76460.0,Diesel,Manual,1,1582.0,22.32,700000.0
Ford,Figo,2011,125000.0,Diesel,Manual,2,1399.0,20.0,180000.0
Mahindra,Verito,2012,110000.0,Diesel,Manual,2,1461.0,20.8,225000.0
Hyundai,EON,2017,25000.0,Petrol,Manual,1,814.0,21.1,310000.0
Honda,City,2015,30000.0,Diesel,Manual,1,1498.0,26.0,625000.0
Hyundai,i10,2013,70000.0,LPG,Manual,2,1086.0,19.2,275000.0
Hyundai,i10,2013,110000.0,Petrol,Manual,2,1086.0,19.81,245000.0
Maruti,Zen,2010,200000.0,Petrol,Manual,1,998.0,19.0,160000.0
Hyundai,EON,2014,80000.0,Petrol,Manual,1,814.0,21.1,250000.0
Honda,Amaze,2014,76000.0,Diesel,Manual,1,1498.0,25.8,450000.0
Tata,Indica,2007,150000.0,Diesel,Manual,2,1396.0,17.2,85000.0
Toyota,Innova,2018,35000.0,Diesel,Manual,1,2393.0,13.68,1938000.0
Hyundai,i20,2016,40000.0,Petrol,Manual,1,1197.0,18.6,550000.0
Ford,EcoSport,2015,110000.0,Diesel,Manual,1,1498.0,22.77,551000.0
Hyundai,Xcent,2019,60000.0,Petrol,Manual,1,1197.0,20.14,500000.0
Honda,Amaze,2018,15000.0,Petrol,Manual,1,1198.0,17.8,585000.0
Hyundai,Accent,2013,120000.0,Petrol,Manual,1,1495.0,16.36,172000.0
Hyundai,Verna,2012,100000.0,Diesel,Manual,2,1582.0,22.32,360000.0
Tata,Tiago,2017,24000.0,Diesel,Manual,2,1047.0,27.28,350000.0
Ford,EcoSport,2018,53000.0,Diesel,Manual,1,1498.0,23.0,700000.0
Maruti,Alto,2011,40000.0,Petrol,Manual,3,796.0,19.7,148000.0
Maruti,Eeco,2016,47370.0,CNG,Manual,1,1196.0,21.94,330000.0
Skoda,Octavia,2007,120000.0,Diesel,Manual,2,1896.0,18.7,110000.0
Maruti,Swift,2015,100000.0,Diesel,Manual,1,1248.0,25.2,450000.0
Chevrolet,Captiva,2009,80000.0,Diesel,Manual,2,1991.0,11.5,260000.0
Hyundai,i10,2011,91000.0,Petrol,Manual,2,1197.0,20.36,200000.0
Maruti,Alto,2019,20000.0,CNG,Manual,1,998.0,32.26,430000.0
Mahindra,Scorpio,2013,80000.0,Diesel,Manual,2,2179.0,12.05,550000.0
Maruti,Ritz,2013,80000.0,Diesel,Manual,1,1248.0,23.2,245000.0
Maruti,Eeco,2016,80000.0,CNG,Manual,1,1196.0,21.94,320000.0
Hyundai,Accent,2008,110000.0,CNG,Manual,3,1495.0,13.2,120000.0
Hyundai,Elantra,2013,120000.0,Diesel,Manual,1,1582.0,22.7,615000.0
Skoda,Superb,2013,90000.0,Diesel,Automatic,1,1968.0,17.2,600000.0
Volkswagen,Passat,2010,120000.0,Petrol,Manual,2,1798.0,14.3,300000.0
Ford,Figo,2016,45217.0,Diesel,Manual,1,1498.0,25.83,400000.0
Hyundai,Creta,2017,60000.0,Diesel,Automatic,2,1582.0,17.01,1000000.0
Hyundai,Sonata,2012,70000.0,Petrol,Manual,2,2359.0,13.44,525000.0
Fiat,Grande,2013,133000.0,Diesel,Manual,1,1248.0,20.3,300000.0
Fiat,Grande,2011,117000.0,Diesel,Manual,2,1248.0,20.3,220000.0
Mahindra,XUV500,2015,173000.0,Diesel,Manual,1,2179.0,16.0,850000.0
Honda,City,2011,35000.0,Petrol,Manual,1,1497.0,17.0,500000.0
Hyundai,Accent,2003,70000.0,Petrol,Manual,2,1495.0,13.2,59000.0
Maruti,Alto,2011,60000.0,Petrol,Manual,3,796.0,19.7,130000.0
Volkswagen,Polo,2016,120000.0,Petrol,Manual,2,1199.0,16.2,375000.0
Ford,Fiesta,2009,163000.0,Diesel,Manual,1,1497.0,20.0,180000.0
Volkswagen,Polo,2011,222300.0,Diesel,Manual,1,1199.0,22.07,220000.0
Toyota,Innova,2013,100000.0,Diesel,Manual,2,2494.0,12.99,625000.0
Maruti,Ritz,2013,120000.0,Diesel,Manual,1,1248.0,23.2,295000.0
Maruti,Swift,2011,160000.0,Diesel,Manual,1,1197.0,21.21,350000.0
Tata,Sumo,2010,90000.0,Diesel,Manual,1,1948.0,14.0,235000.0
Hyundai,Sonata,2012,330000.0,Petrol,Manual,2,2359.0,13.44,500000.0
Maruti,Swift,2017,20000.0,Petrol,Manual,1,1197.0,22.0,509999.0
Maruti,Alto,2020,16000.0,CNG,Manual,1,796.0,33.0,370000.0
Hyundai,Grand,2016,30000.0,Petrol,Manual,2,1197.0,18.9,370000.0
Maruti,Swift,2009,50000.0,Petrol,Manual,1,1197.0,21.21,180000.0
Mahindra,Quanto,2012,210000.0,Diesel,Manual,1,1493.0,17.21,300000.0
Hyundai,i10,2015,20000.0,Petrol,Manual,1,1086.0,19.81,350000.0
Renault,KWID,2018,20000.0,Petrol,Manual,1,999.0,23.01,395000.0
Toyota,Innova,2015,100000.0,Diesel,Manual,1,2494.0,12.99,850000.0
Toyota,Innova,2015,40000.0,Diesel,Manual,1,2494.0,12.99,1150000.0
Jaguar,XF,2016,35000.0,Diesel,Automatic,1,2993.0,14.74,3500000.0
Volkswagen,Vento,2012,120000.0,Diesel,Manual,2,1598.0,20.54,280000.0
Mahindra,TUV,2018,50000.0,Diesel,Manual,2,1493.0,18.49,775000.0
Hyundai,Verna,2012,100000.0,Diesel,Manual,2,1582.0,22.32,420000.0
Honda,City,2010,91000.0,Petrol,Manual,2,1497.0,17.0,310000.0
Jeep,Compass,2017,50000.0,Diesel,Manual,1,1956.0,17.1,1550000.0
Fiat,Linea,2015,67000.0,Diesel,Manual,1,1248.0,20.4,375000.0
Hyundai,Grand,2015,40000.0,Petrol,Manual,1,1197.0,18.9,500000.0
Maruti,Ritz,2013,100000.0,Diesel,Manual,2,1248.0,23.2,300000.0
Honda,City,2008,120000.0,Petrol,Manual,2,1497.0,17.7,155000.0
Maruti,Swift,2013,185000.0,Diesel,Manual,1,1248.0,23.4,350000.0
Mahindra,XUV500,2016,75000.0,Diesel,Automatic,3,2179.0,16.0,950000.0
Hyundai,Grand,2015,80000.0,Diesel,Manual,3,1120.0,24.0,350000.0
Isuzu,D-Max,2019,30000.0,Diesel,Automatic,1,1999.0,12.4,1900000.0
Tata,Nexon,2020,5000.0,Petrol,Manual,1,1198.0,17.0,537000.0
Volkswagen,Polo,2019,10000.0,Petrol,Manual,1,999.0,18.78,585000.0
Hyundai,Santro,2002,60000.0,Petrol,Manual,1,1197.0,19.81,56000.0
Maruti,Ertiga,2012,140000.0,Diesel,Manual,1,1248.0,20.77,350000.0
Hyundai,Elite,2019,19000.0,Petrol,Manual,1,1197.0,18.6,700000.0
Maruti,Ertiga,2017,44600.0,Diesel,Manual,1,1248.0,24.52,849000.0
Volkswagen,Polo,2014,28080.0,Petrol,Automatic,1,1197.0,0.0,574000.0
Hyundai,i20,2014,28800.0,Petrol,Manual,1,1197.0,18.6,484999.0
Renault,KWID,2018,21900.0,Petrol,Manual,1,799.0,20.71,360000.0
Volkswagen,Polo,2014,28100.0,Petrol,Automatic,1,1197.0,0.0,575000.0
Honda,City,2014,110000.0,Diesel,Manual,2,1498.0,26.0,550000.0
Hyundai,i20,2016,100000.0,Diesel,Manual,1,1396.0,22.54,700000.0
Maruti,Swift,2019,7673.0,Diesel,Automatic,1,1248.0,28.4,825000.0
Maruti,Wagon,2008,100000.0,Petrol,Manual,2,1061.0,18.9,114999.0
Tata,Manza,2009,75000.0,Petrol,Manual,2,1368.0,15.0,150000.0
Maruti,Swift,2018,50000.0,Diesel,Automatic,1,1248.0,28.4,851000.0
Hyundai,Verna,2014,40000.0,Petrol,Manual,1,1396.0,17.43,550000.0
Maruti,Ertiga,2016,40000.0,Diesel,Manual,1,1248.0,24.52,890000.0
Hyundai,i20,2012,100000.0,Petrol,Manual,2,1197.0,18.5,265000.0
Mahindra,Scorpio,2014,110000.0,Diesel,Manual,1,1997.0,15.4,900000.0
Chevrolet,Beat,2013,96272.0,Diesel,Manual,1,936.0,25.44,210000.0
BMW,3,2015,74000.0,Diesel,Automatic,1,1995.0,18.88,1650000.0
Toyota,Innova,2011,168000.0,Diesel,Manual,2,2494.0,12.8,750000.0
Ford,Aspire,2019,7000.0,Petrol,Manual,1,1194.0,19.4,675000.0
Hyundai,i20,2017,60000.0,Diesel,Manual,1,1396.0,21.19,715000.0
Tata,Indigo,2013,60000.0,Diesel,Manual,2,1396.0,25.0,227999.0
Maruti,Wagon,2015,22500.0,Petrol,Manual,1,998.0,20.51,400000.0
Maruti,Vitara,2020,7400.0,Diesel,Automatic,1,1248.0,24.3,925000.0
Maruti,Swift,2011,70000.0,Petrol,Manual,3,1298.0,17.5,275000.0
Maruti,Wagon,2009,67000.0,Petrol,Manual,1,1061.0,18.9,175000.0
Ford,Fusion,2009,110000.0,Diesel,Manual,3,1399.0,17.7,155000.0
Maruti,SX4,2012,175000.0,Diesel,Manual,2,1248.0,21.5,325000.0
Mahindra,Scorpio,2014,120000.0,Diesel,Manual,1,2179.0,12.05,700000.0
Tata,Indica,2008,120000.0,Diesel,Manual,3,1396.0,17.5,50000.0
Mahindra,Scorpio,2012,370000.0,Diesel,Manual,1,2179.0,12.05,450000.0
Hyundai,Verna,2014,150360.0,Diesel,Manual,1,1582.0,22.32,645000.0
Tata,Tigor,2017,15000.0,Diesel,Manual,1,1047.0,24.7,597000.0
Renault,KWID,2018,30000.0,Petrol,Automatic,2,999.0,24.04,400000.0
Maruti,Swift,2009,150000.0,Diesel,Manual,1,1248.0,17.8,300000.0
Maruti,Swift,2015,100000.0,Diesel,Manual,2,1248.0,25.2,573000.0
Maruti,Alto,2011,70000.0,Petrol,Manual,1,998.0,20.92,180000.0
Tata,Nano,2011,40000.0,Petrol,Manual,1,624.0,26.0,70000.0
Toyota,Innova,2008,154000.0,Diesel,Manual,3,2494.0,12.8,500000.0
Hyundai,Accent,2004,110000.0,Petrol,Manual,2,1599.0,14.4,110000.0
Maruti,Ertiga,2013,120000.0,Diesel,Manual,2,1248.0,20.77,450000.0
Tata,Sumo,2013,145000.0,Diesel,Manual,1,2956.0,15.3,310000.0
Mahindra,KUV,2017,30000.0,Diesel,Manual,1,1198.0,25.32,400000.0
Maruti,Swift,2014,90000.0,Diesel,Manual,2,1248.0,22.9,390000.0
Maruti,Alto,2011,110000.0,Petrol,Manual,4,796.0,19.7,122000.0
Mahindra,Scorpio,2016,70000.0,Diesel,Manual,1,1997.0,15.4,741000.0
Hyundai,i20,2012,40000.0,Diesel,Manual,2,1396.0,23.0,330000.0
Mahindra,Scorpio,2010,166000.0,Diesel,Manual,3,2179.0,12.05,300000.0
Hyundai,i10,2011,100000.0,Petrol,Manual,3,1197.0,20.36,215000.0
Maruti,Wagon,2009,75000.0,Petrol,Manual,3,1061.0,18.9,150000.0
Hyundai,EON,2013,42130.0,Petrol,Manual,1,814.0,21.1,250000.0
Maruti,Ritz,2010,53000.0,Petrol,Manual,2,1197.0,21.1,180000.0
Maruti,Zen,2006,106000.0,Petrol,Manual,2,993.0,17.3,150000.0
Toyota,Corolla,2005,96000.0,Petrol,Manual,2,1794.0,13.4,275000.0
Maruti,Baleno,2019,10000.0,Petrol,Manual,1,1197.0,21.01,556000.0
Maruti,Swift,2016,37000.0,Petrol,Manual,1,1197.0,20.85,550000.0
Mahindra,XUV500,2018,20000.0,Diesel,Automatic,1,2179.0,16.0,1500000.0
Toyota,Etios,2017,35000.0,Petrol,Manual,1,1197.0,17.71,549000.0
Hyundai,i20,2016,50000.0,Petrol,Manual,1,1197.0,18.6,630000.0
Mahindra,Bolero,2020,5000.0,Diesel,Manual,1,2523.0,0.0,679000.0
Maruti,Swift,2011,85000.0,Petrol,Manual,1,1197.0,21.21,320000.0
Hyundai,Creta,2017,47000.0,Diesel,Manual,2,1582.0,19.67,1125000.0
Maruti,Baleno,2017,71000.0,Diesel,Manual,1,1248.0,27.39,680000.0
Honda,City,2017,50000.0,Diesel,Manual,1,1498.0,25.6,1050000.0
Tata,Zest,2015,57000.0,Diesel,Manual,1,1248.0,23.0,450000.0
Maruti,Wagon,2010,43000.0,Petrol,Manual,1,998.0,18.9,210000.0
Maruti,Swift,2014,60000.0,Diesel,Manual,1,1248.0,23.4,470000.0
Maruti,Swift,2014,60000.0,Petrol,Manual,1,1197.0,19.1,470000.0
Hyundai,i20,2015,40000.0,Diesel,Manual,1,1396.0,22.54,550000.0
Maruti,A-Star,2011,60000.0,Petrol,Manual,1,998.0,19.0,204999.0
Honda,City,2015,30000.0,Petrol,Automatic,1,1497.0,18.0,950000.0
Hyundai,i20,2015,160000.0,Diesel,Manual,2,1396.0,22.54,550000.0
Toyota,Innova,2007,147500.0,Diesel,Manual,2,2494.0,12.8,270000.0
Volkswagen,Polo,2013,90000.0,Diesel,Manual,3,1199.0,22.07,280000.0
Maruti,Ciaz,2015,70000.0,Diesel,Manual,2,1248.0,28.09,630000.0
Honda,City,2007,70000.0,Petrol,Manual,1,1497.0,17.7,220000.0
Mahindra,Xylo,2014,120000.0,Diesel,Manual,1,2489.0,14.95,320000.0
Hyundai,EON,2013,75000.0,Petrol,Manual,2,814.0,21.1,225000.0
Honda,City,2010,85000.0,Petrol,Manual,2,1497.0,17.0,380000.0
Maruti,Swift,2012,70000.0,Diesel,Manual,3,1248.0,19.3,380000.0
Volkswagen,Ameo,2017,29000.0,Diesel,Manual,1,1498.0,22.0,600000.0
Ford,Endeavour,2014,40000.0,Diesel,Manual,2,2499.0,13.1,620000.0
Hyundai,Verna,2012,90000.0,Diesel,Automatic,1,1582.0,19.08,500000.0
Mahindra,TUV,2015,40000.0,Diesel,Automatic,1,1493.0,18.49,700000.0
Ford,EcoSport,2015,138000.0,Diesel,Manual,1,1498.0,22.77,550000.0
Maruti,Swift,2016,70000.0,Diesel,Manual,1,1248.0,25.2,600000.0
Volkswagen,Ameo,2019,30000.0,Petrol,Manual,2,999.0,19.44,550000.0
Hyundai,Verna,2013,125000.0,Diesel,Manual,3,1582.0,22.32,475000.0
Honda,City,2015,120000.0,Diesel,Manual,2,1498.0,26.0,615000.0
Maruti,Swift,2013,180000.0,Diesel,Manual,2,1248.0,23.4,385000.0
Tata,Zest,2015,20000.0,Petrol,Manual,1,1193.0,17.57,500000.0
Renault,Duster,2012,80000.0,Diesel,Manual,1,1461.0,19.87,450000.0
Toyota,Innova,2014,110000.0,Diesel,Manual,2,2494.0,12.99,969999.0
Hyundai,Verna,2013,80000.0,Diesel,Manual,2,1582.0,22.32,580000.0
Toyota,Platinum,2017,40000.0,Diesel,Manual,1,1364.0,23.59,550000.0
Honda,WR-V,2018,30000.0,Petrol,Manual,1,1199.0,17.5,780000.0
Ford,Fiesta,2014,80000.0,Diesel,Manual,1,1498.0,25.01,500000.0
Skoda,Laura,2011,140000.0,Diesel,Manual,2,1968.0,20.0,270000.0
Maruti,Alto,2017,25000.0,Petrol,Manual,1,998.0,23.95,335000.0
Maruti,Swift,2017,20000.0,Diesel,Manual,1,1248.0,28.4,755000.0
Hyundai,i20,2016,42323.0,Diesel,Manual,1,1396.0,21.19,651000.0
BMW,X1,2011,42545.0,Diesel,Automatic,1,1998.0,19.62,1075000.0
Maruti,S-Cross,2016,32000.0,Diesel,Manual,1,1248.0,25.1,690000.0
Maruti,Swift,2017,41232.0,Diesel,Manual,1,1248.0,26.59,589000.0
Mahindra,Bolero,2015,40200.0,Diesel,Manual,1,1498.0,21.0,445000.0
Ford,Ecosport,2013,48000.0,Diesel,Manual,2,1498.0,21.7,475000.0
Honda,Amaze,2014,27233.0,Diesel,Manual,1,1498.0,27.4,465000.0
Tata,Manza,2011,35000.0,Petrol,Manual,1,1368.0,15.0,225000.0
Toyota,Innova,2005,200000.0,Diesel,Manual,2,2494.0,12.8,310000.0
Tata,Sumo,2016,63000.0,Diesel,Manual,1,2956.0,15.3,445000.0
Mahindra,Bolero,2015,62000.0,Diesel,Manual,1,1498.0,21.0,445000.0
Tata,New,2012,68240.0,Diesel,Manual,1,2956.0,13.93,450000.0
Mahindra,Scorpio,2008,78000.0,Diesel,Manual,1,1997.0,15.4,450000.0
Maruti,Swift,2017,38000.0,Diesel,Manual,2,1197.0,21.21,525000.0
Maruti,Wagon,2010,35000.0,Petrol,Manual,1,998.0,18.9,200000.0
Maruti,Swift,2018,9000.0,Petrol,Manual,1,1197.0,19.1,611000.0
Hyundai,Creta,2016,39000.0,Diesel,Manual,1,1582.0,19.67,819999.0
Hyundai,Creta,2016,39000.0,Diesel,Manual,1,1396.0,21.38,825000.0
Ford,Ecosport,2015,92651.0,Diesel,Manual,1,1498.0,21.7,599000.0
Maruti,Swift,2018,28000.0,Petrol,Manual,1,1197.0,16.1,490000.0
Hyundai,EON,2017,30000.0,Petrol,Manual,1,814.0,21.1,340000.0
Mercedes-Benz,E-Class,2009,80000.0,Petrol,Automatic,3,3498.0,10.93,1000000.0
Hyundai,Creta,2018,46000.0,Diesel,Manual,1,1582.0,19.67,1237000.0
Volkswagen,Polo,2013,70000.0,Diesel,Manual,2,1199.0,22.07,350000.0
Maruti,800,2000,56194.0,Petrol,Manual,4,796.0,16.1,31000.0
Maruti,Swift,2018,40000.0,Petrol,Manual,1,1197.0,22.0,695000.0
Maruti,Alto,2015,40000.0,Petrol,Manual,1,796.0,22.74,270000.0
Maruti,Ertiga,2016,120000.0,Diesel,Manual,1,1248.0,24.52,790000.0
Maruti,Swift,2016,120000.0,Diesel,Manual,1,1248.0,25.2,590000.0
Maruti,Swift,2017,120000.0,Petrol,Automatic,1,1197.0,21.21,635000.0
Mahindra,Bolero,2015,110000.0,Diesel,Manual,2,2523.0,15.96,540000.0
Renault,Pulse,2012,67000.0,Diesel,Manual,2,1461.0,23.08,265000.0
Maruti,Swift,2014,50000.0,Diesel,Manual,1,1248.0,23.4,600000.0
Hyundai,Verna,2012,100000.0,Diesel,Manual,2,1582.0,22.32,409999.0
Toyota,Etios,2015,80000.0,Diesel,Manual,2,1364.0,23.59,525000.0
Ford,Figo,2011,50000.0,Diesel,Manual,1,1399.0,18.5,150000.0
Maruti,Esteem,2007,70000.0,Petrol,Manual,3,1298.0,15.9,55000.0
Maruti,Omni,2011,70000.0,Petrol,Manual,2,796.0,14.0,130000.0
Maruti,Vitara,2017,50000.0,Diesel,Manual,1,1248.0,24.3,925000.0
Renault,Lodgy,2017,65000.0,Diesel,Manual,2,1461.0,21.04,690000.0
Maruti,Ertiga,2012,200000.0,Diesel,Manual,2,1248.0,20.77,560000.0
Maruti,Ciaz,2018,7500.0,Diesel,Manual,1,1248.0,28.09,950000.0
Renault,Lodgy,2017,65000.0,Diesel,Manual,2,1461.0,21.04,695000.0
Maruti,Swift,2013,35000.0,Petrol,Manual,2,1197.0,18.6,450000.0
BMW,5,2013,60000.0,Diesel,Automatic,1,2993.0,16.2,2000000.0
Maruti,Swift,2009,71000.0,Petrol,Manual,1,1197.0,16.1,229999.0
Maruti,Alto,2017,30000.0,Petrol,Manual,1,998.0,23.95,300000.0
Maruti,Alto,2012,50000.0,Petrol,Manual,2,796.0,19.7,200000.0
Mercedes-Benz,New,2008,80000.0,Diesel,Automatic,2,2143.0,14.84,725000.0
Nissan,Micra,2011,90000.0,Petrol,Manual,2,1198.0,18.06,235000.0
Hyundai,i20,2017,13000.0,Petrol,Manual,1,1197.0,18.6,666000.0
Maruti,800,2000,100000.0,Petrol,Manual,3,796.0,16.1,65000.0
Hyundai,Santro,2004,80000.0,Petrol,Manual,3,1197.0,19.81,85000.0
Honda,WR-V,2018,30000.0,Diesel,Manual,1,1498.0,25.5,834000.0
Mahindra,Bolero,2012,120000.0,Diesel,Manual,1,2523.0,15.96,430000.0
Maruti,Swift,2010,120000.0,Diesel,Manual,2,1248.0,17.8,360000.0
Hyundai,EON,2014,70000.0,Petrol,Manual,1,814.0,21.1,240000.0
Maruti,Swift,2016,210000.0,Diesel,Manual,1,1248.0,25.2,210000.0
Tata,Indigo,2010,148000.0,Diesel,Manual,2,1396.0,19.09,135000.0
Mahindra,TUV,2017,54188.0,Diesel,Manual,1,1493.0,18.49,700000.0
Mahindra,TUV,2017,60000.0,Diesel,Manual,1,1493.0,18.49,750000.0
Skoda,Rapid,2012,90000.0,Diesel,Manual,1,1598.0,20.5,425000.0
Chevrolet,Beat,2011,100000.0,Petrol,Manual,3,1199.0,18.6,150000.0
Hyundai,EON,2014,40000.0,Petrol,Manual,1,814.0,21.1,215000.0
Datsun,GO,2014,35000.0,Petrol,Manual,1,1198.0,20.63,225000.0
Renault,KWID,2017,20000.0,Petrol,Manual,1,999.0,23.01,330000.0
Maruti,Omni,2007,144000.0,LPG,Manual,2,796.0,10.9,54000.0
Hyundai,Grand,2014,54043.0,Petrol,Automatic,1,1197.0,18.9,374000.0
Hyundai,Verna,2012,66657.0,Diesel,Automatic,1,1582.0,22.32,549000.0
Tata,Indigo,2016,42000.0,Diesel,Manual,2,1405.0,19.09,390000.0
Hyundai,i20,2013,35582.0,Petrol,Manual,1,1197.0,18.5,455999.0
Volkswagen,Polo,2013,54327.0,Petrol,Automatic,2,1197.0,17.2,453000.0
Volkswagen,Ameo,2016,7949.0,Petrol,Manual,1,1198.0,17.0,579000.0
Hyundai,i10,2010,59734.0,Petrol,Automatic,1,1197.0,16.95,258000.0
Honda,City,2012,49185.0,Petrol,Manual,1,1497.0,16.8,428000.0
Hyundai,i10,2011,56389.0,Petrol,Manual,1,1197.0,20.36,262000.0
Volkswagen,Polo,2013,58245.0,Petrol,Manual,1,1198.0,16.47,389000.0
Nissan,Micra,2015,36422.0,Petrol,Manual,1,1198.0,18.44,346000.0
Honda,Jazz,2011,42535.0,Petrol,Manual,1,1198.0,16.7,339000.0
Hyundai,i10,2011,40736.0,Petrol,Automatic,1,1197.0,16.95,272000.0
Maruti,Swift,2012,56246.0,Petrol,Manual,1,1197.0,18.6,369000.0
Maruti,Swift,2011,55403.0,Petrol,Manual,1,1197.0,18.6,277000.0
Tata,Tigor,2018,30000.0,Petrol,Manual,1,1199.0,20.3,535000.0
Maruti,Alto,2015,67000.0,Petrol,Manual,1,998.0,23.95,265000.0
Hyundai,Verna,2013,70000.0,Petrol,Manual,1,1591.0,17.01,400000.0
Hyundai,Grand,2014,90000.0,Diesel,Manual,2,1120.0,24.0,459999.0
Hyundai,Elite,2019,7500.0,Petrol,Manual,1,1197.0,18.6,667000.0
Tata,New,2011,80000.0,Diesel,Manual,2,2179.0,11.57,300000.0
Tata,Indigo,2012,186000.0,Diesel,Manual,1,1396.0,23.57,229999.0
Tata,Indica,2016,110000.0,Diesel,Manual,2,1396.0,25.0,200000.0
Ford,Fiesta,2005,120000.0,Diesel,Manual,3,1399.0,17.8,150000.0
Ford,Fiesta,2012,105358.0,Diesel,Manual,3,1399.0,17.8,280000.0
Hyundai,i20,2014,70000.0,Petrol,Manual,2,1197.0,18.6,590000.0
Hyundai,i10,2010,49200.0,Petrol,Manual,2,1086.0,19.81,142000.0
Honda,City,2017,40000.0,Petrol,Manual,1,1497.0,17.4,850000.0
Honda,Mobilio,2014,40000.0,Diesel,Manual,2,1498.0,24.2,600000.0
Mahindra,TUV,2017,40000.0,Diesel,Manual,1,1493.0,18.49,700000.0
Chevrolet,Beat,2013,70000.0,Petrol,Manual,1,1199.0,18.6,200000.0
Hyundai,Creta,2016,110000.0,Diesel,Manual,1,1582.0,19.67,900000.0
Maruti,Alto,2014,100000.0,Petrol,Manual,1,998.0,23.95,220000.0
Hyundai,Grand,2018,10000.0,Petrol,Automatic,2,1197.0,18.9,650000.0
Toyota,Fortuner,2017,70000.0,Diesel,Automatic,1,2755.0,15.04,3100000.0
Toyota,Innova,2016,100600.0,Diesel,Manual,2,2393.0,13.68,1500000.0
BMW,X3,2012,50000.0,Diesel,Automatic,1,1995.0,16.09,1800000.0
Mahindra,XUV500,2014,136000.0,Diesel,Manual,1,2179.0,15.1,800000.0
Mercedes-Benz,GLA,2017,48000.0,Diesel,Automatic,2,2143.0,17.9,2100000.0
Ford,Fiesta,2010,110000.0,Diesel,Manual,3,1399.0,17.8,250000.0
Renault,Duster,2012,86000.0,Diesel,Manual,1,1461.0,19.01,550000.0
Maruti,Alto,2009,141000.0,Petrol,Manual,2,796.0,19.7,125000.0
Honda,City,2011,80000.0,Petrol,Manual,3,1497.0,17.0,450000.0
Mahindra,XUV500,2015,140000.0,Diesel,Manual,1,2179.0,16.0,850000.0
Maruti,Swift,2014,65000.0,Diesel,Manual,2,1248.0,23.4,459999.0
Maruti,Swift,2014,110000.0,Diesel,Manual,2,1248.0,23.4,434999.0
Tata,Indigo,2008,100000.0,Diesel,Manual,2,1405.0,17.0,120000.0
Maruti,Swift,2015,80000.0,Diesel,Manual,1,1248.0,25.2,600000.0
Maruti,Wagon,2008,90000.0,Petrol,Manual,2,998.0,18.9,135000.0
Ford,Figo,2016,44000.0,Petrol,Manual,1,1196.0,18.16,550000.0
Maruti,Celerio,2014,25000.0,Petrol,Manual,1,998.0,23.1,385000.0
Hyundai,Creta,2016,25000.0,Petrol,Manual,1,1591.0,15.29,800000.0
Hyundai,i20,2016,35000.0,Diesel,Manual,1,1396.0,22.54,780000.0
Maruti,Alto,2008,195000.0,Petrol,Manual,2,796.0,19.7,100000.0
Hyundai,i20,2017,60000.0,Diesel,Manual,1,1396.0,22.54,650000.0
Maruti,800,2004,50000.0,Petrol,Manual,1,796.0,16.1,50000.0
Hyundai,Verna,2012,100000.0,Diesel,Manual,2,1582.0,22.32,425000.0
Fiat,Linea,2015,70000.0,Diesel,Manual,1,1248.0,20.4,500000.0
Maruti,Swift,2017,30000.0,Diesel,Manual,1,1248.0,25.2,590000.0
Maruti,Celerio,2016,27000.0,Petrol,Manual,1,998.0,23.1,459999.0
Maruti,Swift,2020,5000.0,Petrol,Manual,1,1197.0,21.21,578000.0
Maruti,Ertiga,2012,110000.0,Diesel,Manual,2,1248.0,20.77,550000.0
Honda,City,2013,80000.0,Petrol,Manual,2,1497.0,16.8,465000.0
Mahindra,Bolero,2018,80000.0,Diesel,Manual,1,1493.0,16.5,890000.0
Mahindra,Verito,2014,110000.0,Diesel,Manual,1,1461.0,20.8,250000.0
Maruti,Wagon,2018,35000.0,Petrol,Automatic,1,998.0,20.51,420000.0
Maruti,Swift,2017,20000.0,Petrol,Manual,1,1197.0,21.21,550000.0
Maruti,Alto,2018,20000.0,Petrol,Manual,1,796.0,24.7,270000.0
Maruti,Swift,2018,7800.0,Petrol,Automatic,1,1197.0,22.0,700000.0
Maruti,Swift,2017,20000.0,Petrol,Manual,1,1197.0,20.4,500000.0
Tata,Hexa,2019,15000.0,Diesel,Manual,1,2179.0,17.6,1250000.0
Hyundai,i20,2013,31377.0,Petrol,Manual,2,1197.0,18.5,320000.0
Maruti,Swift,2018,50000.0,Diesel,Manual,1,1248.0,28.4,700000.0
Maruti,Wagon,2015,60000.0,Petrol,Manual,1,998.0,20.51,290000.0
Toyota,Corolla,2012,100000.0,Petrol,Automatic,1,1794.0,14.53,550000.0
Honda,Brio,2012,60000.0,Petrol,Manual,1,1198.0,19.4,265000.0
Maruti,Baleno,2018,5000.0,Petrol,Automatic,1,1197.0,21.4,830000.0
Tata,Safari,2017,60000.0,Diesel,Manual,1,2179.0,14.1,800000.0
Maruti,Alto,2011,25000.0,Petrol,Manual,2,796.0,19.7,160000.0
Renault,KWID,2018,30000.0,Petrol,Manual,1,799.0,25.17,335000.0
Datsun,GO,2017,80000.0,Petrol,Manual,2,1198.0,20.63,329000.0
Maruti,Vitara,2017,75000.0,Diesel,Manual,1,1248.0,24.3,775000.0
Hyundai,Xcent,2020,32000.0,Petrol,Manual,1,1197.0,20.14,524000.0
Maruti,Alto,2015,40000.0,Petrol,Manual,1,796.0,22.74,245000.0
Hyundai,i20,2012,93000.0,Petrol,Manual,2,1197.0,17.0,275000.0
Hyundai,i20,2015,50000.0,Diesel,Manual,2,1396.0,21.19,610000.0
Maruti,Swift,2015,60000.0,Diesel,Manual,1,1248.0,26.59,615000.0
Maruti,Ertiga,2014,60000.0,Diesel,Manual,2,1248.0,20.77,684000.0
Maruti,Ertiga,2014,64000.0,Diesel,Manual,2,1248.0,20.77,680000.0
Renault,Duster,2014,120000.0,Diesel,Manual,1,1461.0,20.45,500000.0
Renault,Duster,2014,120000.0,Diesel,Manual,1,1461.0,20.45,520000.0
Toyota,Etios,2012,140000.0,Diesel,Manual,2,2494.0,12.99,390000.0
Toyota,Etios,2012,135000.0,Diesel,Manual,3,2494.0,12.99,434999.0
Maruti,Swift,2010,166000.0,Diesel,Manual,2,1197.0,21.21,350000.0
Ford,Freestyle,2018,60000.0,Diesel,Manual,1,1498.0,24.4,675000.0
Mercedes-Benz,New,2011,81500.0,Diesel,Automatic,2,2143.0,14.84,1350000.0
Mercedes-Benz,New,2011,80000.0,Diesel,Automatic,1,2148.0,15.8,1350000.0
Maruti,Swift,2019,5000.0,Petrol,Manual,1,1197.0,21.21,675000.0
Ford,Ecosport,2016,30000.0,Diesel,Manual,1,1498.0,21.7,725000.0
Mahindra,XUV300,2019,15000.0,Diesel,Manual,1,1497.0,20.0,1200000.0
Volkswagen,Polo,2018,40000.0,Diesel,Manual,1,1498.0,20.14,650000.0
Mahindra,XUV300,2019,16500.0,Petrol,Manual,1,1197.0,17.0,1090000.0
Hyundai,Creta,2017,67000.0,Diesel,Automatic,1,1582.0,17.01,1100000.0
Hyundai,i20,2017,48000.0,Diesel,Manual,1,1396.0,22.54,670000.0
Hyundai,i20,2018,35000.0,Diesel,Manual,1,1396.0,22.54,780000.0
Maruti,Ciaz,2017,60000.0,Diesel,Manual,1,1248.0,28.09,720000.0
Maruti,Swift,2018,52000.0,Petrol,Manual,1,1197.0,22.0,610000.0
Volkswagen,Ameo,2017,29000.0,Diesel,Manual,1,1498.0,22.0,600000.0
Renault,Duster,2016,50000.0,Diesel,Manual,1,1461.0,19.87,535000.0
Hyundai,i10,2009,110000.0,Petrol,Manual,1,1197.0,20.36,142000.0
Maruti,Baleno,2017,23000.0,Petrol,Manual,1,1197.0,21.4,515000.0
Datsun,GO,2016,40000.0,Petrol,Manual,1,1198.0,20.63,335000.0
Hyundai,Creta,2017,60000.0,Diesel,Manual,1,1396.0,21.38,957000.0
Maruti,Swift,2017,127000.0,Diesel,Manual,1,1248.0,28.4,605000.0
Tata,Manza,2013,140000.0,Diesel,Manual,1,1248.0,21.02,316000.0
Renault,Triber,2019,5000.0,Petrol,Manual,1,999.0,20.0,675000.0
Maruti,Swift,2015,70000.0,Diesel,Manual,1,1248.0,26.59,520000.0
Maruti,Swift,2011,60000.0,Diesel,Manual,1,1248.0,19.3,265000.0
Volkswagen,Polo,2016,40000.0,Petrol,Manual,2,1199.0,16.2,395000.0
Volkswagen,Polo,2016,40000.0,Petrol,Manual,2,1199.0,16.2,385000.0
Maruti,Wagon,2009,70000.0,Petrol,Manual,2,1061.0,18.9,142000.0
Hyundai,i10,2009,35000.0,Petrol,Manual,1,1086.0,19.81,160000.0
Tata,Indigo,2012,50000.0,Diesel,Manual,3,1396.0,19.09,180000.0
Honda,City,2013,42462.0,Petrol,Manual,1,1497.0,16.8,480000.0
Maruti,Swift,2015,54723.0,Diesel,Manual,1,1248.0,25.2,470000.0
Maruti,Ignis,2018,20375.0,Petrol,Manual,1,1197.0,20.89,480000.0
Maruti,Swift,2013,43978.0,Diesel,Manual,2,1248.0,28.4,450000.0
Maruti,Swift,2017,28832.0,Diesel,Manual,1,1248.0,23.4,520000.0
Ford,Figo,2019,3177.0,Petrol,Manual,1,1194.0,18.5,700000.0
Hyundai,Grand,2015,39414.0,Petrol,Manual,1,1197.0,18.9,400000.0
Tata,Indica,2012,30078.0,Petrol,Manual,1,1396.0,15.3,200000.0
Hyundai,EON,2012,44588.0,Petrol,Manual,1,814.0,21.1,250000.0
Maruti,Celerio,2015,49907.0,Petrol,Manual,1,998.0,21.63,400000.0
Maruti,Swift,2013,67082.0,Petrol,Manual,2,1197.0,21.21,371000.0
Hyundai,Grand,2016,40000.0,Petrol,Manual,1,1197.0,18.9,450000.0
Ford,EcoSport,2016,112879.0,Diesel,Manual,2,1498.0,23.0,570000.0
Honda,Brio,2013,80000.0,Petrol,Manual,2,1198.0,19.4,300000.0
Hyundai,i20,2017,25000.0,Petrol,Manual,1,1197.0,18.6,620000.0
Honda,City,2018,10200.0,Petrol,Manual,1,1497.0,17.4,949000.0
Mahindra,Bolero,2018,60000.0,Diesel,Manual,1,1493.0,16.5,750000.0
Maruti,Celerio,2017,20000.0,Petrol,Manual,2,998.0,23.1,350000.0
Mahindra,XUV500,2017,60000.0,Diesel,Manual,1,2179.0,16.0,1250000.0
Renault,KWID,2016,30000.0,Petrol,Manual,3,999.0,23.01,270000.0
Hyundai,EON,2013,40000.0,Petrol,Manual,2,814.0,21.1,235000.0
Maruti,Swift,2016,60000.0,Petrol,Manual,1,1197.0,20.4,500000.0
Maruti,Alto,2012,111000.0,Petrol,Manual,1,796.0,19.7,220000.0
Maruti,Swift,2014,70000.0,Diesel,Manual,2,1248.0,23.4,380000.0
Maruti,Alto,2010,100000.0,Petrol,Manual,3,998.0,20.92,160000.0
Maruti,Alto,2010,100000.0,Petrol,Manual,3,998.0,20.92,160000.0
Hyundai,EON,2017,25000.0,Petrol,Manual,1,998.0,20.3,339000.0
Ford,Fiesta,2011,100000.0,Petrol,Manual,1,1596.0,15.3,229999.0
Mahindra,KUV,2016,35000.0,Diesel,Manual,1,1198.0,25.32,400000.0
Hyundai,Xcent,2018,25000.0,Diesel,Manual,1,1186.0,25.4,470000.0
Maruti,800,2003,58000.0,Petrol,Manual,1,796.0,16.1,45000.0
Ford,Aspire,2019,20000.0,Petrol,Manual,1,1194.0,19.4,575000.0
Datsun,RediGO,2019,1300.0,Petrol,Manual,1,999.0,22.5,325000.0
Maruti,800,1997,120000.0,Petrol,Manual,2,796.0,16.1,50000.0
Maruti,Wagon,2014,15000.0,Petrol,Manual,1,998.0,20.51,350000.0
Jaguar,XE,2017,9000.0,Diesel,Automatic,1,1999.0,13.6,2711000.0
Lexus,ES,2019,20000.0,Petrol,Automatic,1,2487.0,22.37,5150000.0
Jaguar,XF,2017,45000.0,Diesel,Automatic,1,1999.0,19.33,3200000.0
Tata,Safari,2015,110000.0,Diesel,Manual,1,2179.0,14.1,503000.0
Volvo,XC40,2019,20000.0,Diesel,Automatic,1,1969.0,18.0,3800000.0
Toyota,Camry,2016,68089.0,Petrol,Automatic,1,2494.0,19.16,2000000.0
Maruti,Wagon,2013,58343.0,Petrol,Manual,1,998.0,21.79,225000.0
Maruti,Baleno,2018,38817.0,Diesel,Manual,1,1248.0,27.39,740000.0
Honda,Jazz,2016,56494.0,Petrol,Manual,1,1199.0,18.2,550000.0
Toyota,Innova,2013,79328.0,Diesel,Manual,2,2494.0,12.99,750000.0
Maruti,Swift,2019,5621.0,Petrol,Automatic,1,1197.0,22.0,650000.0
Toyota,Etios,2017,25538.0,Petrol,Manual,1,1496.0,16.78,625000.0
Maruti,Swift,2018,69779.0,Petrol,Automatic,1,1197.0,22.0,600000.0
Hyundai,Grand,2017,56290.0,Diesel,Manual,1,1186.0,24.0,450000.0
BMW,X4,2019,7500.0,Diesel,Automatic,1,1995.0,16.78,5400000.0
BMW,X4,2019,8500.0,Diesel,Automatic,1,1995.0,16.78,5500000.0
Honda,Amaze,2019,7032.0,Petrol,Automatic,1,1199.0,19.0,779000.0
Skoda,Rapid,2016,11000.0,Petrol,Automatic,1,1598.0,14.3,645000.0
Volvo,V40,2018,2000.0,Diesel,Automatic,1,1984.0,16.8,2475000.0
Renault,KWID,2016,25000.0,Petrol,Manual,1,799.0,25.17,300000.0
Nissan,Terrano,2014,150000.0,Diesel,Manual,1,1461.0,19.01,540000.0
Maruti,Celerio,2018,10000.0,Petrol,Manual,1,998.0,23.1,580000.0
Hyundai,Creta,2015,70000.0,Diesel,Manual,1,1582.0,19.67,1000000.0
Tata,Zest,2017,80000.0,Diesel,Manual,1,1248.0,22.95,459999.0
Maruti,Swift,2015,50000.0,Diesel,Manual,1,1248.0,25.2,635000.0
Hyundai,Verna,2014,83000.0,Diesel,Manual,3,1582.0,22.32,650000.0
Maruti,Swift,2013,116000.0,Diesel,Manual,2,1248.0,23.4,525000.0
Fiat,Grande,2015,60000.0,Petrol,Manual,3,1172.0,15.8,350000.0
Maruti,Swift,2008,175802.0,Diesel,Manual,3,1248.0,19.3,320000.0
Toyota,Innova,2006,192000.0,Diesel,Manual,4,2494.0,12.8,450000.0
Volkswagen,Vento,2011,73840.0,Petrol,Manual,1,1598.0,15.04,227000.0
Mahindra,Bolero,2011,162000.0,Diesel,Manual,2,2523.0,13.6,325000.0
Datsun,RediGO,2018,20000.0,Petrol,Automatic,1,999.0,23.0,275000.0
Hyundai,Grand,2013,75000.0,Petrol,Manual,3,1197.0,18.9,300000.0
Mahindra,Scorpio,2011,320000.0,Diesel,Manual,3,2179.0,12.05,400000.0
Volkswagen,Vento,2015,120000.0,Diesel,Manual,2,1498.0,20.34,550000.0
Maruti,Swift,2016,20000.0,Petrol,Manual,1,1197.0,20.4,550000.0
Skoda,Rapid,2017,40000.0,Diesel,Automatic,1,1498.0,21.66,900000.0
Maruti,Alto,2010,20000.0,Petrol,Manual,1,796.0,19.7,165000.0
Hyundai,EON,2014,70000.0,Petrol,Manual,1,814.0,21.1,210000.0
Renault,Duster,2016,30000.0,Diesel,Manual,1,1461.0,19.64,650000.0
Mahindra,XUV500,2014,120000.0,Diesel,Manual,1,2179.0,15.1,680000.0
Renault,KWID,2019,25000.0,Petrol,Manual,1,999.0,23.01,390000.0
Renault,KWID,2016,80000.0,Petrol,Manual,1,799.0,25.17,260000.0
Maruti,Swift,2013,67000.0,Petrol,Manual,1,1197.0,19.1,450000.0
Hyundai,i10,2008,120000.0,Petrol,Manual,2,1086.0,19.81,130000.0
Maruti,Vitara,2019,9000.0,Diesel,Manual,1,1248.0,24.3,890000.0
Volvo,XC40,2019,20000.0,Diesel,Automatic,1,1969.0,18.0,3800000.0
Volkswagen,Jetta,2010,80000.0,Petrol,Manual,2,1595.0,14.0,225000.0
Toyota,Fortuner,2018,60000.0,Diesel,Automatic,1,2755.0,15.04,3200000.0
Tata,Manza,2010,120000.0,Diesel,Manual,1,1248.0,21.12,210000.0
Toyota,Land,2014,60000.0,Diesel,Automatic,1,2982.0,11.0,3500000.0
Honda,City,2014,80000.0,Diesel,Manual,2,1498.0,25.1,750000.0
Chevrolet,Tavera,2011,120000.0,Diesel,Manual,2,2499.0,12.2,350000.0
Honda,Civic,2019,24857.0,Petrol,Automatic,0,1799.0,16.5,2000000.0
Hyundai,EON,2017,26442.0,Petrol,Manual,1,998.0,20.3,270000.0
Maruti,Ertiga,2017,35000.0,Petrol,Manual,1,1373.0,17.5,700000.0
Maruti,Alto,2010,28000.0,Petrol,Manual,2,796.0,19.7,130000.0
Maruti,Ertiga,2015,80000.0,Diesel,Manual,1,1248.0,20.77,650000.0
Maruti,Alto,2005,39000.0,Petrol,Manual,1,796.0,19.7,55000.0
Maruti,Wagon,2017,20000.0,Petrol,Automatic,1,998.0,20.51,475000.0
Nissan,Sunny,2013,50000.0,Diesel,Manual,1,1461.0,21.64,325000.0
Honda,Jazz,2017,40000.0,Petrol,Automatic,1,1199.0,19.0,615000.0
Hyundai,Grand,2015,15000.0,Petrol,Manual,1,1197.0,18.9,390000.0
Maruti,Swift,2019,15000.0,Petrol,Automatic,1,1197.0,22.0,650000.0
Maruti,Swift,2015,30000.0,Petrol,Manual,1,1197.0,20.4,440000.0
Honda,City,2014,70000.0,Diesel,Manual,1,1498.0,26.0,600000.0
Chevrolet,Spark,2012,80000.0,Petrol,Manual,1,995.0,16.2,170000.0
Mahindra,Bolero,2013,80000.0,Diesel,Manual,1,2523.0,15.96,499000.0
Hyundai,i20,2012,120000.0,Diesel,Manual,1,1396.0,22.54,525000.0
Nissan,Terrano,2015,90000.0,Diesel,Manual,1,1461.0,20.45,580000.0
Chevrolet,Enjoy,2016,110000.0,Diesel,Manual,2,1248.0,18.2,420000.0
Toyota,Innova,2015,120000.0,Diesel,Manual,1,2494.0,12.99,1300000.0
Hyundai,Verna,2016,80000.0,Diesel,Manual,1,1582.0,23.9,800000.0
Maruti,Swift,2020,5000.0,Petrol,Manual,1,1197.0,21.21,600000.0
Honda,Brio,2017,50000.0,Petrol,Manual,1,1198.0,18.5,400000.0
Maruti,Swift,2017,65000.0,Diesel,Manual,1,1248.0,26.59,700000.0
Maruti,Baleno,2017,35000.0,Diesel,Manual,1,1248.0,27.39,800000.0
Honda,Jazz,2015,90000.0,Diesel,Manual,1,1498.0,27.3,600000.0
Maruti,Swift,2016,100000.0,Diesel,Manual,1,1248.0,25.2,580000.0
Renault,KWID,2016,15000.0,Petrol,Manual,1,799.0,25.17,350000.0
Ford,Figo,2011,147000.0,Diesel,Manual,1,1399.0,20.0,204999.0
Mahindra,XUV500,2017,20000.0,Diesel,Manual,1,2179.0,16.0,1350000.0
Hyundai,i20,2009,120000.0,Diesel,Manual,2,1396.0,23.0,310000.0
Toyota,Innova,2011,250000.0,Diesel,Manual,2,2494.0,12.8,700000.0
Ford,Figo,2016,69000.0,Diesel,Manual,2,1498.0,25.83,459999.0
Maruti,Ciaz,2017,80000.0,Diesel,Manual,1,1248.0,28.09,860000.0
Hyundai,i10,2012,97000.0,LPG,Manual,3,1086.0,19.0,275000.0
Renault,KWID,2016,15000.0,Petrol,Manual,1,799.0,25.17,390000.0
Tata,Hexa,2018,50000.0,Diesel,Manual,1,2179.0,17.6,1525000.0
Maruti,Alto,2005,50800.0,Petrol,Manual,2,796.0,19.7,110000.0
Maruti,Celerio,2017,10000.0,Petrol,Manual,1,998.0,23.1,484999.0
BMW,6,2018,30000.0,Diesel,Automatic,1,2993.0,17.09,5830000.0
Maruti,Alto,2012,60000.0,Petrol,Manual,2,796.0,19.7,185000.0
Hyundai,Xcent,2018,40142.0,Diesel,Manual,1,1120.0,24.4,665000.0
Hyundai,i20,2019,9400.0,Petrol,Manual,1,1197.0,18.6,721000.0
Mahindra,KUV,2016,62000.0,Diesel,Manual,1,1198.0,25.32,390000.0
Tata,Manza,2011,90000.0,Diesel,Manual,1,1248.0,18.8,190000.0
Mahindra,Thar,2019,12584.0,Diesel,Manual,1,2498.0,16.55,975000.0
Datsun,GO,2016,49000.0,Petrol,Manual,1,1198.0,19.02,275000.0
Maruti,Alto,2016,32000.0,Petrol,Manual,1,796.0,24.7,315000.0
Hyundai,Elite,2019,4300.0,Petrol,Manual,1,1197.0,18.6,685000.0
Maruti,Swift,2019,14548.0,Petrol,Manual,1,1197.0,21.21,595000.0
Ford,EcoSport,2018,44772.0,Diesel,Manual,2,1498.0,23.0,900000.0
Maruti,Ertiga,2018,48500.0,Diesel,Manual,1,1248.0,25.47,950000.0
Maruti,Alto,2016,38000.0,Petrol,Manual,1,796.0,24.7,275000.0
Hyundai,i20,2017,28782.0,Petrol,Manual,1,1197.0,18.6,570000.0
Hyundai,i20,2018,28451.0,Petrol,Manual,1,1197.0,18.6,700000.0
Maruti,Vitara,2018,36500.0,Diesel,Manual,1,1248.0,24.3,910000.0
Maruti,Swift,2018,44885.0,Diesel,Manual,1,1248.0,26.59,751000.0
Hyundai,EON,2014,35000.0,Petrol,Manual,1,814.0,21.1,225000.0
Tata,Indica,2009,110000.0,Diesel,Manual,2,1405.0,17.0,135000.0
Maruti,Ertiga,2017,79000.0,Diesel,Manual,1,1248.0,25.47,825000.0
Toyota,Fortuner,2015,91000.0,Diesel,Automatic,2,2982.0,12.55,1650000.0
Maruti,Vitara,2018,50000.0,Diesel,Manual,1,1248.0,24.3,875000.0
Maruti,Ciaz,2016,81000.0,Diesel,Manual,2,1248.0,28.09,650000.0
Jeep,Compass,2019,22000.0,Petrol,Automatic,1,1368.0,16.0,1450000.0
Hyundai,Creta,2017,41000.0,Diesel,Manual,1,1582.0,20.5,975000.0
Maruti,Ertiga,2019,50000.0,Diesel,Manual,1,1248.0,24.52,925000.0
Maruti,Ertiga,2016,66000.0,Diesel,Manual,1,1248.0,20.77,725000.0
Maruti,Ertiga,2013,65000.0,Diesel,Manual,1,1248.0,20.77,550000.0
Hyundai,i20,2014,76000.0,Diesel,Manual,1,1396.0,22.54,550000.0
Toyota,Innova,2013,95000.0,Diesel,Manual,1,2494.0,12.8,750000.0
Honda,City,2013,55000.0,Petrol,Manual,2,1497.0,17.0,475000.0
Datsun,GO,2017,65000.0,Petrol,Manual,1,1198.0,19.02,325000.0
Maruti,Ertiga,2017,76000.0,Diesel,Manual,1,1248.0,25.47,725000.0
Maruti,Ertiga,2018,47000.0,Petrol,Manual,2,1373.0,16.02,775000.0
Maruti,Swift,2017,70000.0,Diesel,Manual,1,1248.0,23.4,625000.0
Hyundai,Santro,2009,56000.0,Petrol,Manual,2,1197.0,19.81,195000.0
Maruti,Swift,2014,89000.0,Diesel,Manual,1,1248.0,22.9,470000.0
Toyota,Innova,2017,98000.0,Diesel,Manual,1,2393.0,13.68,1750000.0
Toyota,Innova,2016,90000.0,Diesel,Manual,1,2393.0,13.68,1650000.0
Hyundai,Creta,2018,70000.0,Diesel,Manual,1,1396.0,21.38,1050000.0
Maruti,Swift,2013,57000.0,Diesel,Manual,1,1248.0,22.9,380000.0
Maruti,Swift,2017,70000.0,Diesel,Manual,1,1248.0,26.59,650000.0
Hyundai,EON,2016,49200.0,Petrol,Manual,1,814.0,21.1,275000.0
Honda,Civic,2009,125000.0,Petrol,Manual,2,1799.0,13.5,220000.0
Hyundai,i10,2008,60000.0,Petrol,Manual,2,1086.0,19.81,200000.0
Maruti,Eeco,2015,120000.0,Petrol,Manual,2,1196.0,15.37,315000.0
Maruti,Alto,2004,110000.0,Petrol,Manual,3,796.0,19.7,90000.0
Maruti,Wagon,2007,70000.0,Petrol,Manual,2,1061.0,18.9,120000.0
Maruti,Wagon,2006,168000.0,Petrol,Manual,2,998.0,18.9,90000.0
Mahindra,XUV500,2018,30000.0,Diesel,Manual,1,2179.0,16.0,1500000.0
Hyundai,Grand,2015,60000.0,Diesel,Manual,1,1120.0,24.0,370000.0
Maruti,Swift,2016,131111.0,Diesel,Manual,1,1248.0,25.2,595000.0
Mahindra,Renault,2007,120000.0,Diesel,Manual,2,1461.0,19.2,150000.0
Maruti,Swift,2012,58400.0,Diesel,Manual,2,1248.0,19.3,400000.0
Maruti,Alto,2016,23400.0,Petrol,Manual,2,998.0,23.95,310000.0
Maruti,Celerio,2018,50000.0,Petrol,Manual,1,998.0,23.1,385000.0
Maruti,Swift,2005,158107.0,Petrol,Manual,2,1197.0,21.21,105000.0
Mahindra,XUV500,2014,90000.0,Diesel,Manual,1,2179.0,15.1,750000.0
Hyundai,Santro,2019,3010.0,Petrol,Automatic,1,1086.0,20.3,521000.0
Tata,Manza,2010,80000.0,Diesel,Manual,1,1248.0,21.12,180000.0
Ford,Fiesta,2011,155000.0,Diesel,Manual,2,1399.0,17.8,220000.0
Maruti,800,1998,70000.0,Petrol,Manual,2,796.0,16.1,40000.0
Hyundai,Grand,2018,4000.0,Petrol,Manual,1,1197.0,18.9,540000.0
Maruti,Alto,2007,35000.0,Petrol,Manual,2,796.0,19.7,140000.0
Maruti,Zen,2003,121000.0,Petrol,Manual,1,993.0,17.3,200000.0
Ford,EcoSport,2015,110000.0,Diesel,Manual,2,1498.0,22.77,650000.0
Ford,Fiesta,2010,170000.0,Diesel,Manual,2,1399.0,17.8,229999.0
Maruti,Swift,2010,175000.0,Diesel,Manual,3,1248.0,17.8,305000.0
Mahindra,XUV500,2018,30000.0,Diesel,Manual,1,1997.0,16.0,1400000.0
Ford,Fiesta,2008,163000.0,Diesel,Manual,1,1399.0,17.8,200000.0
Ford,Fiesta,2008,163000.0,Diesel,Manual,1,1399.0,17.8,200000.0
Mahindra,Xylo,2010,77088.0,Diesel,Manual,1,2489.0,14.0,465000.0
Nissan,Micra,2011,110000.0,Diesel,Manual,3,1461.0,23.08,210000.0
Mahindra,Bolero,2016,136511.0,Diesel,Manual,1,2523.0,15.96,570000.0
Maruti,Ertiga,2015,80000.0,Petrol,Manual,1,1373.0,16.02,570000.0
Maruti,Ertiga,2015,60000.0,Petrol,Manual,1,1373.0,16.02,650000.0
Maruti,Swift,2016,36000.0,Petrol,Manual,1,1197.0,20.85,620000.0
Maruti,Wagon,2012,65000.0,Petrol,Manual,2,998.0,18.9,250000.0
BMW,X1,2011,50000.0,Diesel,Automatic,1,1995.0,17.05,1000000.0
Maruti,Wagon,2012,60000.0,LPG,Manual,1,998.0,26.2,300000.0
Fiat,Grande,2013,82500.0,Diesel,Manual,1,1248.0,20.3,300000.0
Ford,EcoSport,2018,30000.0,Diesel,Manual,2,1498.0,23.0,810000.0
Chevrolet,Cruze,2011,100000.0,Diesel,Manual,3,1991.0,18.3,270000.0
Maruti,Swift,2015,70000.0,Diesel,Manual,2,1248.0,26.59,470000.0
Tata,Zest,2017,85000.0,Diesel,Manual,1,1248.0,20.65,400000.0
Maruti,Wagon,2014,60000.0,Petrol,Manual,2,998.0,20.51,300000.0
Maruti,Alto,2015,20000.0,Petrol,Manual,3,796.0,22.74,170000.0
Renault,Duster,2014,80000.0,Diesel,Manual,1,1461.0,19.01,455999.0
Mahindra,Xylo,2009,100000.0,Diesel,Manual,2,2489.0,13.0,121000.0
Hyundai,Santro,2002,75000.0,Petrol,Manual,2,1197.0,19.81,35000.0
Maruti,Swift,2005,100000.0,Petrol,Manual,1,1197.0,21.21,85000.0
Maruti,Vitara,2016,80000.0,Diesel,Manual,2,1248.0,24.3,650000.0
Tata,Bolt,2017,35000.0,Petrol,Manual,1,1193.0,17.57,350000.0
Chevrolet,Beat,2013,139000.0,Diesel,Manual,1,936.0,25.44,125000.0
Maruti,Alto,2005,90000.0,Petrol,Automatic,2,796.0,19.7,80000.0
Maruti,Omni,2009,120000.0,Petrol,Manual,1,1197.0,21.21,120000.0
Honda,City,2008,100000.0,Petrol,Manual,1,1497.0,17.7,250000.0
Volkswagen,Vento,2011,90000.0,Diesel,Manual,1,1598.0,20.54,225000.0
Mahindra,Bolero,2007,105000.0,Diesel,Manual,2,2523.0,13.6,215000.0
Hyundai,Xcent,2017,40000.0,Diesel,Manual,2,1186.0,25.4,450000.0
Hyundai,Xcent,2017,90000.0,Petrol,Manual,1,1197.0,20.14,509999.0
Maruti,Alto,2015,36710.0,Petrol,Manual,2,796.0,22.74,245000.0
Mahindra,Supro,2018,50000.0,Diesel,Manual,1,909.0,23.5,400000.0
Maruti,SX4,2016,28180.0,Diesel,Manual,1,1248.0,23.65,620000.0
Maruti,SX4,2017,44000.0,Diesel,Manual,1,1248.0,23.65,650000.0
Tata,Harrier,2019,15000.0,Diesel,Manual,1,1956.0,17.0,1700000.0
Datsun,GO,2019,4000.0,Petrol,Manual,1,1198.0,19.72,590000.0
Maruti,Ritz,2014,30000.0,Diesel,Manual,1,1248.0,23.2,370000.0
Maruti,Swift,2013,15000.0,Petrol,Manual,1,1197.0,18.6,350000.0
Maruti,Baleno,2017,20000.0,Petrol,Manual,1,1197.0,21.4,580000.0
Hyundai,Grand,2018,56000.0,Petrol,Manual,1,1197.0,18.9,450000.0
Hyundai,i20,2017,19000.0,Petrol,Manual,1,1197.0,17.19,600000.0
Ford,Endeavour,2016,30000.0,Diesel,Automatic,1,2198.0,12.62,2400000.0
Hyundai,i20,2017,70000.0,Petrol,Manual,1,1197.0,18.6,450000.0
Tata,Indigo,2009,30000.0,Diesel,Manual,1,1396.0,19.09,150000.0
Maruti,Eeco,2019,15000.0,Petrol,Manual,1,1196.0,15.37,400000.0
Maruti,Alto,2013,85000.0,Petrol,Manual,1,796.0,22.74,185000.0
Maruti,Swift,2018,50000.0,Petrol,Automatic,1,1197.0,22.0,625000.0
Hyundai,i20,2019,20000.0,Petrol,Manual,1,1197.0,17.19,700000.0
Maruti,Wagon,2017,25000.0,Petrol,Manual,1,998.0,20.51,390000.0
Tata,Nexon,2018,25000.0,Petrol,Manual,1,1198.0,17.0,625000.0
Maruti,Swift,2014,50000.0,Petrol,Manual,1,1197.0,19.1,400000.0
Hyundai,i20,2011,150000.0,Diesel,Manual,4,1396.0,23.0,380000.0
Toyota,Corolla,2009,90000.0,Petrol,Automatic,1,1794.0,14.53,400000.0
Tata,Zest,2019,100000.0,Petrol,Manual,1,1193.0,17.57,620000.0
Ford,Fiesta,2008,180000.0,Diesel,Manual,2,1399.0,17.8,190000.0
Maruti,Alto,2013,50000.0,Petrol,Manual,2,796.0,22.74,210000.0
Maruti,Ritz,2012,80000.0,Diesel,Manual,3,1248.0,23.2,270000.0
Maruti,Zen,1999,100000.0,Petrol,Manual,3,993.0,17.3,45000.0
Hyundai,EON,2014,93000.0,Petrol,Manual,2,814.0,21.1,220000.0
Mahindra,Bolero,2014,11500.0,Diesel,Manual,1,2523.0,15.96,550000.0
Hyundai,i20,2013,120000.0,Petrol,Manual,1,1197.0,18.5,370000.0
Hyundai,Santro,2006,100000.0,Petrol,Automatic,2,1197.0,19.81,95000.0
Mahindra,Xylo,2015,50000.0,Diesel,Manual,1,2489.0,14.95,650000.0
Honda,City,2012,120000.0,Petrol,Manual,1,1497.0,16.8,550000.0
Ford,Fiesta,2010,100000.0,Diesel,Manual,2,1399.0,17.8,225000.0
Maruti,800,2004,57000.0,Petrol,Manual,2,796.0,16.1,40000.0
Hyundai,EON,2016,60000.0,Petrol,Manual,1,814.0,21.1,280000.0
Ford,Figo,2017,44077.0,Petrol,Automatic,1,1499.0,17.01,570000.0
Maruti,Alto,2017,90000.0,Petrol,Manual,2,796.0,24.7,290000.0
Hyundai,i20,2018,50000.0,Diesel,Manual,2,1396.0,21.19,720000.0
Ford,EcoSport,2017,60000.0,Diesel,Manual,1,1498.0,22.77,800000.0
Hyundai,i10,2012,20000.0,Petrol,Manual,3,1086.0,19.81,265000.0
Maruti,Alto,2010,90000.0,Petrol,Manual,3,796.0,19.7,135000.0
Ford,Figo,2016,70000.0,Diesel,Manual,2,1498.0,25.83,350000.0
Maruti,Swift,2008,80000.0,Petrol,Manual,2,1197.0,21.21,200000.0
Chevrolet,Enjoy,2016,80000.0,Diesel,Manual,1,1248.0,18.2,490000.0
Hyundai,Verna,2012,72000.0,Diesel,Manual,2,1582.0,22.32,450000.0
Mahindra,Scorpio,2016,50000.0,Diesel,Manual,1,1997.0,15.4,950000.0
Maruti,Swift,2012,90000.0,Petrol,Manual,2,1298.0,17.5,355000.0
Hyundai,Elite,2019,17000.0,Petrol,Manual,1,1197.0,18.6,700000.0
Mahindra,Scorpio,2012,70000.0,Diesel,Manual,1,2179.0,12.05,459999.0
Volkswagen,Polo,2012,74000.0,Diesel,Manual,2,1199.0,22.07,350000.0
Maruti,Alto,2006,60000.0,Petrol,Manual,2,796.0,19.7,85000.0
Maruti,Alto,2016,15000.0,Petrol,Manual,1,796.0,22.74,290000.0
Honda,WR-V,2019,72000.0,Diesel,Manual,1,1498.0,25.5,1000000.0
Tata,Indica,2008,25000.0,Petrol,Manual,2,1193.0,16.84,85000.0
Maruti,Alto,2003,114000.0,Petrol,Manual,1,796.0,19.7,65000.0
Honda,City,2005,120000.0,Petrol,Manual,1,1493.0,13.0,75000.0
Skoda,Octavia,2003,250000.0,Diesel,Manual,2,1896.0,18.7,100000.0
Tata,Indica,2009,55768.0,Diesel,Manual,1,1405.0,17.0,170000.0
Hyundai,Grand,2017,40000.0,Petrol,Automatic,1,1197.0,18.9,525000.0
Maruti,Wagon,2020,70000.0,Petrol,Manual,2,998.0,21.79,265000.0
Tata,Tigor,2018,50000.0,Petrol,Manual,1,1199.0,20.3,459999.0
Maruti,Alto,2017,20000.0,Petrol,Manual,1,998.0,23.95,250000.0
Maruti,Swift,2013,70000.0,Diesel,Manual,2,1248.0,23.4,395000.0
Hyundai,Grand,2014,60000.0,Petrol,Manual,1,1197.0,18.9,375000.0
Tata,Indica,2009,120000.0,Diesel,Manual,1,1405.0,17.0,120000.0
Maruti,Ritz,2011,110000.0,Diesel,Manual,2,1248.0,21.1,290000.0
Tata,Tiago,2017,60000.0,Petrol,Manual,1,1199.0,23.84,409999.0
Chevrolet,Spark,2009,30000.0,Petrol,Manual,1,995.0,16.5,200000.0
Skoda,Rapid,2018,35000.0,Diesel,Manual,1,1498.0,21.13,900000.0
Maruti,800,2003,50000.0,Petrol,Manual,3,796.0,16.1,50000.0
Renault,Duster,2012,100000.0,Diesel,Manual,1,1461.0,19.01,450000.0
Mahindra,XUV500,2012,80000.0,Diesel,Manual,3,2179.0,15.1,650000.0
Volkswagen,CrossPolo,2014,84000.0,Diesel,Manual,2,1498.0,20.14,300000.0
Ford,Fiesta,2014,60000.0,Diesel,Manual,1,1498.0,25.01,425000.0
Maruti,Zen,1998,50000.0,Petrol,Manual,2,993.0,17.3,55000.0
Hyundai,i10,2011,60000.0,Petrol,Manual,2,1197.0,20.36,200000.0
Mahindra,XUV500,2015,100000.0,Diesel,Manual,1,2179.0,16.0,975000.0
Mahindra,Bolero,2013,70000.0,Diesel,Manual,1,2523.0,15.96,450000.0
Mahindra,Bolero,2014,82500.0,Diesel,Manual,2,2523.0,15.96,600000.0
Mahindra,Bolero,2014,76000.0,Diesel,Manual,1,2523.0,15.96,550000.0
Tata,Indica,2011,87000.0,Diesel,Manual,1,1248.0,18.0,180000.0
Mahindra,Xylo,2010,120000.0,Diesel,Manual,1,2498.0,14.0,300000.0
Tata,Zest,2016,70000.0,Petrol,Manual,2,1193.0,17.57,350000.0
Maruti,Swift,2014,90000.0,Diesel,Manual,1,1248.0,23.4,465000.0
Tata,Manza,2010,188000.0,Diesel,Manual,2,1248.0,21.12,200000.0
Chevrolet,Enjoy,2014,120000.0,Diesel,Manual,2,1248.0,18.2,350000.0
Honda,City,2015,80000.0,Petrol,Manual,1,1497.0,17.4,650000.0
Hyundai,i10,2010,123278.0,Petrol,Manual,2,1197.0,20.36,150000.0
Honda,City,2014,100000.0,Diesel,Manual,2,1498.0,26.0,560000.0
Hyundai,i20,2015,90000.0,Diesel,Manual,1,1396.0,21.19,625000.0
Ford,Figo,2012,110000.0,Diesel,Manual,1,1399.0,20.0,220000.0
Ford,Figo,2013,110000.0,Diesel,Manual,1,1399.0,20.0,250000.0
Tata,Zest,2018,70000.0,Diesel,Manual,1,1248.0,20.65,575000.0
Mahindra,XUV500,2015,65000.0,Diesel,Manual,1,2179.0,15.1,1050000.0
Jaguar,XF,2015,70000.0,Diesel,Automatic,2,2179.0,16.36,3000000.0
Tata,New,2012,90000.0,Diesel,Manual,3,2179.0,11.57,200000.0
Maruti,Alto,2016,50000.0,Petrol,Manual,1,796.0,22.74,262000.0
Hyundai,EON,2018,33000.0,Petrol,Manual,1,814.0,21.1,299000.0
Maruti,Alto,2015,26500.0,Petrol,Manual,1,796.0,22.74,250000.0
Hyundai,Santro,2011,60000.0,Petrol,Manual,4,1086.0,17.92,140000.0
Maruti,Swift,2013,70000.0,Diesel,Manual,3,1248.0,23.4,360000.0
Datsun,GO,2015,80000.0,Petrol,Manual,1,1198.0,20.63,210000.0
Hyundai,i20,2017,60000.0,Diesel,Manual,1,1396.0,22.54,600000.0
Skoda,Fabia,2011,100000.0,Diesel,Manual,1,1199.0,19.5,210000.0
Volkswagen,Vento,2011,80000.0,Diesel,Manual,2,1598.0,20.54,300000.0
Hyundai,Grand,2016,35000.0,Petrol,Manual,1,1197.0,18.9,450000.0
Ford,Endeavour,2018,35000.0,Diesel,Automatic,1,3198.0,10.91,3200000.0
Hyundai,Grand,2019,10000.0,Petrol,Manual,1,1197.0,18.9,550000.0
Tata,Indica,2011,80000.0,Diesel,Manual,1,1248.0,18.0,100000.0
Hyundai,EON,2012,50000.0,Petrol,Manual,2,814.0,21.1,185000.0
Maruti,Wagon,2006,90000.0,Petrol,Manual,2,1061.0,17.3,80000.0
Maruti,Alto,2017,80000.0,Petrol,Manual,1,796.0,24.7,295000.0
Renault,KWID,2017,25000.0,Petrol,Manual,1,999.0,23.01,360000.0
Maruti,Alto,2014,70000.0,Petrol,Manual,1,998.0,20.92,210000.0
Hyundai,Elite,2019,80000.0,Petrol,Automatic,1,1197.0,17.4,585000.0
Volkswagen,Polo,2016,50000.0,Diesel,Manual,1,1498.0,20.14,560000.0
Honda,City,2015,70000.0,Diesel,Manual,1,1498.0,26.0,600000.0
Datsun,GO,2017,60000.0,Petrol,Manual,1,1198.0,20.63,330000.0
Hyundai,Verna,2019,15000.0,Petrol,Manual,1,1591.0,17.0,990000.0
Toyota,Etios,2012,90000.0,Diesel,Manual,1,1364.0,23.59,300000.0
Tata,Nexon,2018,28000.0,Petrol,Manual,1,1198.0,17.0,650000.0
Hyundai,Elite,2019,20000.0,Petrol,Automatic,1,1197.0,17.4,695000.0
Hyundai,Grand,2014,60000.0,Diesel,Manual,1,1120.0,24.0,300000.0
Maruti,Alto,2015,22000.0,Petrol,Manual,1,796.0,22.74,270000.0
Tata,New,2010,70000.0,Diesel,Manual,2,2179.0,11.57,185000.0
Chevrolet,Sail,2013,80000.0,Diesel,Manual,1,1248.0,22.1,200000.0
Maruti,Wagon,2019,35000.0,CNG,Manual,1,998.0,26.6,459999.0
Tata,Nexon,2018,60000.0,Diesel,Manual,1,1497.0,21.5,860000.0
Tata,Tiago,2018,20000.0,Petrol,Manual,1,1199.0,23.84,400000.0
Maruti,Ritz,2013,142000.0,Diesel,Manual,2,1248.0,23.2,240000.0
Maruti,Swift,2015,72000.0,Diesel,Manual,1,1248.0,26.59,570000.0
Ford,EcoSport,2018,90000.0,Diesel,Manual,1,1498.0,23.0,850000.0
Ford,Figo,2011,80000.0,Diesel,Manual,3,1399.0,20.0,155000.0
Hyundai,i20,2011,125000.0,Diesel,Manual,1,1396.0,23.0,270000.0
Maruti,Ciaz,2015,33000.0,Petrol,Manual,1,1373.0,20.73,610000.0
Hyundai,Creta,2015,50000.0,Diesel,Manual,1,1582.0,19.67,1000000.0
Mahindra,Scorpio,2012,120000.0,Diesel,Manual,2,2179.0,12.05,450000.0
Hyundai,Xcent,2018,35000.0,Diesel,Manual,1,1186.0,25.4,500000.0
Honda,Amaze,2018,43000.0,Diesel,Manual,1,1498.0,27.4,700000.0
Maruti,Alto,2007,60000.0,Petrol,Manual,1,796.0,19.7,135000.0
Mahindra,Scorpio,2012,148000.0,Diesel,Manual,2,2179.0,12.05,430000.0
Hyundai,Verna,2014,70000.0,Diesel,Manual,2,1582.0,22.32,625000.0
Nissan,Sunny,2011,96000.0,Petrol,Manual,1,1498.0,16.95,280000.0
Mahindra,Scorpio,2015,70000.0,Diesel,Manual,1,1997.0,15.4,800000.0
Maruti,Ritz,2012,70000.0,Diesel,Manual,2,1248.0,23.2,220000.0
Maruti,Ignis,2017,18484.0,Petrol,Manual,1,1197.0,20.89,620000.0
Tata,Safari,2011,70000.0,Diesel,Manual,1,2179.0,13.93,300000.0
Maruti,Alto,2010,25000.0,Petrol,Manual,2,796.0,19.7,180000.0
Volkswagen,Polo,2013,120000.0,Diesel,Manual,3,1199.0,22.07,250000.0
Maruti,Swift,2017,55000.0,Petrol,Manual,1,1197.0,20.85,480000.0
Ford,EcoSport,2019,10000.0,Petrol,Manual,2,1497.0,17.0,885000.0
Mahindra,KUV,2020,60000.0,Diesel,Manual,1,1198.0,25.32,550000.0
Maruti,Swift,2018,30000.0,Diesel,Manual,1,1248.0,28.4,800000.0
Hyundai,Santro,2013,65000.0,Petrol,Manual,1,1086.0,17.92,180000.0
Maruti,Estilo,2010,27000.0,Petrol,Manual,1,1197.0,21.21,200000.0
Hyundai,i20,2012,50000.0,Diesel,Manual,2,1396.0,21.9,380000.0
Tata,Tiago,2019,2560.0,Petrol,Automatic,1,1199.0,24.0,520000.0
Maruti,Alto,2004,60000.0,Petrol,Manual,1,796.0,19.7,90000.0
Maruti,Wagon,2016,80000.0,Petrol,Manual,2,998.0,20.51,330000.0
Maruti,800,1999,50000.0,Petrol,Manual,2,796.0,16.1,40000.0
Chevrolet,Enjoy,2015,120000.0,Diesel,Manual,1,1248.0,18.2,370000.0
Honda,City,2009,120000.0,Petrol,Manual,2,1497.0,16.8,290000.0
Hyundai,EON,2013,47000.0,Petrol,Manual,2,814.0,21.1,215000.0
Tata,Hexa,2017,45000.0,Diesel,Manual,1,2179.0,17.6,1282000.0
Toyota,Innova,2012,90000.0,Diesel,Manual,1,2494.0,12.8,610000.0
Hyundai,i20,2013,110000.0,Diesel,Manual,2,1396.0,21.27,380000.0
Mahindra,Scorpio,2017,95000.0,Diesel,Manual,1,1997.0,15.4,1250000.0
Hyundai,Verna,2012,103655.0,Diesel,Manual,2,1582.0,22.32,400000.0
Hyundai,i20,2018,25000.0,Petrol,Automatic,2,1197.0,17.4,700000.0
Renault,Duster,2014,80000.0,Diesel,Manual,1,1461.0,19.01,650000.0
Tata,Nano,2014,50000.0,Petrol,Manual,2,624.0,25.4,95000.0
Mahindra,XUV500,2015,56975.0,Diesel,Manual,1,2179.0,16.0,1147000.0
Hyundai,Santro,2010,110000.0,Petrol,Manual,1,1086.0,0.0,150000.0
Maruti,Alto,2008,80000.0,Petrol,Manual,3,796.0,19.7,120000.0
Hyundai,Santro,2003,74770.0,CNG,Manual,3,1197.0,19.81,130000.0
Ford,Fiesta,2010,187000.0,Diesel,Manual,2,1399.0,17.8,180000.0
Ford,Fiesta,2013,69000.0,Diesel,Manual,1,1388.0,18.6,325000.0
Ford,EcoSport,2015,206000.0,Diesel,Manual,1,1498.0,22.77,550000.0
Ford,EcoSport,2018,27000.0,Diesel,Manual,1,1498.0,22.77,950000.0
Ford,Ecosport,2014,132000.0,Diesel,Manual,2,1498.0,22.7,500000.0
Ford,Aspire,2017,75000.0,Diesel,Manual,1,1498.0,26.1,725000.0
Ford,Figo,2015,18000.0,Petrol,Manual,2,1194.0,18.5,500000.0
Mahindra,Verito,2011,218000.0,Diesel,Manual,1,1461.0,21.0,180000.0
Hyundai,i20,2016,10000.0,Diesel,Manual,1,1396.0,22.54,650000.0
Maruti,Swift,2010,80000.0,Diesel,Manual,1,1248.0,17.8,285000.0
Mahindra,Verito,2011,215000.0,Diesel,Manual,1,1461.0,21.0,210000.0
Ford,Fiesta,2012,137000.0,Diesel,Manual,1,1399.0,17.8,200000.0
Volkswagen,Vento,2011,65000.0,Diesel,Manual,2,1598.0,20.54,295000.0
Honda,City,2007,120000.0,Petrol,Manual,3,1497.0,17.7,160000.0
Maruti,Celerio,2017,10000.0,Petrol,Automatic,1,998.0,23.1,450000.0
Datsun,GO,2016,20000.0,Petrol,Manual,1,1198.0,20.62,385000.0
Ford,Fiesta,2011,93500.0,Diesel,Manual,2,1388.0,18.6,350000.0
Jaguar,XE,2017,9000.0,Diesel,Automatic,1,1999.0,13.6,2711000.0
Lexus,ES,2019,20000.0,Petrol,Automatic,1,2487.0,22.37,5150000.0
Jaguar,XF,2017,45000.0,Diesel,Automatic,1,1999.0,19.33,3200000.0
Tata,Safari,2015,110000.0,Diesel,Manual,1,2179.0,14.1,503000.0
Volvo,XC40,2019,20000.0,Diesel,Automatic,1,1969.0,18.0,3800000.0
Toyota,Camry,2016,68089.0,Petrol,Automatic,1,2494.0,19.16,2000000.0
Maruti,Wagon,2013,58343.0,Petrol,Manual,1,998.0,21.79,225000.0
Maruti,Baleno,2018,38817.0,Diesel,Manual,1,1248.0,27.39,740000.0
Honda,Jazz,2016,56494.0,Petrol,Manual,1,1199.0,18.2,550000.0
Toyota,Innova,2013,79328.0,Diesel,Manual,2,2494.0,12.99,750000.0
Maruti,Swift,2019,5621.0,Petrol,Automatic,1,1197.0,22.0,650000.0
Toyota,Etios,2017,25538.0,Petrol,Manual,1,1496.0,16.78,625000.0
Maruti,Swift,2018,69779.0,Petrol,Automatic,1,1197.0,22.0,600000.0
Hyundai,Grand,2017,56290.0,Diesel,Manual,1,1186.0,24.0,450000.0
BMW,X4,2019,7500.0,Diesel,Automatic,1,1995.0,16.78,5400000.0
BMW,X4,2019,8500.0,Diesel,Automatic,1,1995.0,16.78,5500000.0
Honda,Amaze,2019,7032.0,Petrol,Automatic,1,1199.0,19.0,779000.0
Skoda,Rapid,2016,11000.0,Petrol,Automatic,1,1598.0,14.3,645000.0
Volvo,V40,2018,2000.0,Diesel,Automatic,1,1984.0,16.8,2475000.0
Jaguar,XE,2017,9000.0,Diesel,Automatic,1,1999.0,13.6,2711000.0
Lexus,ES,2019,20000.0,Petrol,Automatic,1,2487.0,22.37,5150000.0
Jaguar,XF,2017,45000.0,Diesel,Automatic,1,1999.0,19.33,3200000.0
Tata,Safari,2015,110000.0,Diesel,Manual,1,2179.0,14.1,503000.0
Volvo,XC40,2019,20000.0,Diesel,Automatic,1,1969.0,18.0,3800000.0
Toyota,Camry,2016,68089.0,Petrol,Automatic,1,2494.0,19.16,2000000.0
Maruti,Wagon,2013,58343.0,Petrol,Manual,1,998.0,21.79,225000.0
Maruti,Baleno,2018,38817.0,Diesel,Manual,1,1248.0,27.39,740000.0
Honda,Jazz,2016,56494.0,Petrol,Manual,1,1199.0,18.2,550000.0
Toyota,Innova,2013,79328.0,Diesel,Manual,2,2494.0,12.99,750000.0
Maruti,Swift,2019,5621.0,Petrol,Automatic,1,1197.0,22.0,650000.0
Toyota,Etios,2017,25538.0,Petrol,Manual,1,1496.0,16.78,625000.0
Maruti,Swift,2018,69779.0,Petrol,Automatic,1,1197.0,22.0,600000.0
Hyundai,Grand,2017,56290.0,Diesel,Manual,1,1186.0,24.0,450000.0
BMW,X4,2019,7500.0,Diesel,Automatic,1,1995.0,16.78,5400000.0
BMW,X4,2019,8500.0,Diesel,Automatic,1,1995.0,16.78,5500000.0
Honda,Amaze,2019,7032.0,Petrol,Automatic,1,1199.0,19.0,779000.0
Skoda,Rapid,2016,11000.0,Petrol,Automatic,1,1598.0,14.3,645000.0
Volvo,V40,2018,2000.0,Diesel,Automatic,1,1984.0,16.8,2475000.0
Maruti,Swift,2019,70000.0,Diesel,Manual,1,1248.0,28.4,558000.0
Hyundai,Santro,2010,56000.0,Petrol,Manual,3,1086.0,17.92,165000.0
Hyundai,i20,2012,80000.0,Diesel,Manual,2,1396.0,21.9,300000.0
Hyundai,Santro,2019,5000.0,Petrol,Manual,1,1086.0,20.3,500000.0
Mahindra,XUV500,2012,100000.0,Diesel,Manual,1,2179.0,15.1,900000.0
BMW,X5,2008,60000.0,Diesel,Automatic,3,2993.0,11.0,830000.0
BMW,5,2008,70000.0,Diesel,Automatic,3,1995.0,16.78,890000.0
Skoda,Rapid,2014,65000.0,Diesel,Manual,2,1498.0,21.14,640000.0
Mahindra,Scorpio,2015,70000.0,Diesel,Manual,3,2179.0,15.4,900000.0
Chevrolet,Enjoy,2013,60000.0,Diesel,Manual,1,1248.0,18.2,450000.0
Maruti,Ciaz,2018,82000.0,Diesel,Manual,1,1248.0,28.09,825000.0
Tata,Aria,2013,80000.0,Diesel,Manual,2,2179.0,13.7,500000.0
Mahindra,KUV,2017,5000.0,Petrol,Manual,2,1198.0,18.15,325000.0
Renault,Duster,2014,133000.0,Diesel,Manual,1,1461.0,19.01,450000.0
Honda,WR-V,2017,25000.0,Petrol,Manual,2,1199.0,17.5,675000.0
Tata,Zest,2017,15000.0,Petrol,Manual,1,1193.0,17.57,415000.0
Hyundai,Creta,2017,40000.0,Diesel,Manual,1,1396.0,21.38,1100000.0
Volkswagen,Ameo,2016,35000.0,Petrol,Manual,1,1198.0,17.0,500000.0
Mahindra,Bolero,2014,70000.0,Diesel,Manual,2,2523.0,15.96,509999.0
Mahindra,Scorpio,2007,152000.0,Diesel,Manual,4,2609.0,10.5,200000.0
Maruti,800,2007,100000.0,Petrol,Manual,2,796.0,16.1,60000.0
Hyundai,Verna,2013,80000.0,Diesel,Manual,2,1582.0,22.32,500000.0
Tata,Indica,2009,100000.0,Diesel,Manual,2,1396.0,17.2,45000.0
Renault,KWID,2017,50000.0,Petrol,Manual,1,799.0,25.17,270000.0
Hyundai,i20,2017,40000.0,Petrol,Manual,1,1197.0,17.19,550000.0
Renault,KWID,2016,60000.0,Petrol,Manual,1,999.0,23.01,235000.0
Hyundai,i20,2018,40000.0,Petrol,Manual,1,1197.0,18.6,600000.0
Honda,Jazz,2015,60000.0,Diesel,Manual,1,1498.0,27.3,525000.0
Maruti,Swift,2012,90000.0,Diesel,Manual,1,1248.0,22.9,325000.0
Maruti,Swift,2014,90000.0,Diesel,Manual,1,1248.0,23.4,420000.0
Maruti,Alto,2014,60000.0,Petrol,Manual,2,998.0,20.92,229999.0
Maruti,Swift,2013,80000.0,Diesel,Manual,4,1248.0,23.4,375000.0
Mahindra,Scorpio,2012,120000.0,Diesel,Manual,1,2179.0,12.05,750000.0
Tata,Tiago,2018,40000.0,Petrol,Manual,1,1199.0,23.84,400000.0
Mahindra,XUV500,2013,91000.0,Diesel,Manual,1,2179.0,15.1,600000.0
Hyundai,Santro,2008,80000.0,Petrol,Manual,3,1086.0,17.8,110000.0
Maruti,800,2007,73257.0,Petrol,Manual,1,796.0,16.1,45000.0
Mahindra,Bolero,2019,80000.0,Diesel,Manual,1,2523.0,0.0,722000.0
Tata,Tiago,2020,15000.0,Petrol,Manual,1,1199.0,23.84,500000.0
Hyundai,Verna,2007,110000.0,Diesel,Manual,2,1493.0,18.1,250000.0
Skoda,Rapid,2018,40000.0,Diesel,Manual,1,1498.0,21.13,950000.0
Nissan,Sunny,2013,212000.0,Diesel,Manual,1,1461.0,21.64,375000.0
Maruti,Swift,2018,30000.0,Diesel,Manual,1,1248.0,28.4,780000.0
Hyundai,Santro,2018,30000.0,Petrol,Manual,1,1086.0,20.3,575000.0
Hyundai,i20,2017,30000.0,Petrol,Manual,2,1197.0,18.6,563000.0
Tata,Tiago,2017,15000.0,Petrol,Manual,1,1199.0,23.84,450000.0
Toyota,Innova,2020,1000.0,Diesel,Automatic,1,2393.0,13.68,2300000.0
Maruti,800,1999,26320.0,Petrol,Manual,1,796.0,16.1,80000.0
Hyundai,i20,2010,135000.0,Diesel,Manual,2,1396.0,23.0,320000.0
Honda,Civic,2008,100000.0,Petrol,Manual,3,1799.0,13.5,375000.0
Maruti,Eeco,2017,120000.0,Petrol,Manual,1,1196.0,15.37,400000.0
Mahindra,Xylo,2011,230000.0,Diesel,Manual,1,2498.0,14.0,600000.0
Renault,KWID,2016,60000.0,Petrol,Manual,2,999.0,23.01,315000.0
BMW,3,2012,80000.0,Diesel,Automatic,2,1995.0,16.07,1100000.0
Maruti,Swift,2010,190000.0,Diesel,Manual,2,1248.0,19.3,350000.0
Maruti,Eeco,2016,120000.0,Petrol,Manual,1,1196.0,15.37,375000.0
Toyota,Innova,2013,217000.0,Diesel,Manual,2,2494.0,12.99,1050000.0
Ford,Ikon,2005,90000.0,Diesel,Manual,3,1497.0,20.0,130000.0
Maruti,Celerio,2015,29000.0,Petrol,Manual,1,998.0,23.1,350000.0
Hyundai,Santro,2011,120000.0,CNG,Manual,4,1197.0,19.81,170000.0
Maruti,Wagon,2010,120000.0,Petrol,Manual,3,1061.0,18.9,120000.0
Mahindra,XUV500,2015,90000.0,Diesel,Manual,1,2179.0,16.0,819999.0
Hyundai,i20,2018,30000.0,Petrol,Manual,1,1197.0,18.6,700000.0
Maruti,Celerio,2018,30000.0,Petrol,Automatic,2,998.0,23.1,451999.0
Hyundai,Grand,2016,56000.0,Petrol,Manual,3,1197.0,18.9,500000.0
Toyota,Innova,2015,90000.0,Diesel,Manual,1,2494.0,12.99,1250000.0
Mahindra,TUV,2015,120000.0,Diesel,Manual,1,1493.0,18.49,500000.0
Maruti,Swift,2015,60000.0,Diesel,Manual,1,1248.0,25.2,490000.0
Maruti,Swift,2008,147000.0,Diesel,Manual,2,1248.0,19.3,200000.0
Maruti,Wagon,2012,35000.0,Petrol,Manual,1,998.0,18.9,240000.0
Hyundai,i20,2018,19500.0,Petrol,Manual,1,1197.0,18.6,655000.0
Hyundai,i20,2018,38426.0,Petrol,Manual,1,1197.0,17.19,620000.0
Maruti,Swift,2015,35000.0,Petrol,Manual,2,1197.0,20.4,450000.0
Maruti,Wagon,2014,35000.0,Petrol,Manual,2,998.0,20.51,310000.0
Maruti,Alto,2007,50000.0,Petrol,Manual,3,796.0,19.7,150000.0
Chevrolet,Beat,2012,120000.0,Diesel,Manual,1,936.0,25.44,180000.0
Tata,Indica,2011,120000.0,Diesel,Manual,1,1405.0,19.4,150000.0
Ford,Figo,2011,112000.0,Diesel,Manual,2,1399.0,20.0,160000.0
Mahindra,Scorpio,2013,70000.0,Diesel,Manual,3,2523.0,14.0,600000.0
Skoda,Rapid,2012,145000.0,Diesel,Manual,1,1598.0,20.5,380000.0
Tata,Indigo,2007,135000.0,Diesel,Manual,1,1405.0,17.0,120000.0
Toyota,Innova,2011,500000.0,Diesel,Manual,2,2494.0,12.99,350000.0
Tata,Indigo,2012,146000.0,Diesel,Manual,1,1405.0,19.61,135000.0
Hyundai,Grand,2018,10000.0,Petrol,Manual,1,1197.0,18.9,610000.0
Volkswagen,Polo,2020,50000.0,Diesel,Manual,1,1498.0,20.14,260000.0
Hyundai,Xcent,2017,25000.0,Petrol,Manual,1,1197.0,20.14,500000.0
Renault,KWID,2016,20000.0,Petrol,Manual,1,999.0,23.01,220000.0
Honda,Civic,2006,70000.0,Petrol,Manual,2,1799.0,13.5,121000.0
Tata,Indigo,2017,50000.0,Diesel,Manual,1,1396.0,25.0,350000.0
Audi,Q3,2018,25000.0,Diesel,Automatic,2,1968.0,15.17,2200000.0
Hyundai,i20,2011,100000.0,Diesel,Manual,2,1396.0,23.0,280000.0
Tata,Nexon,2020,20000.0,Petrol,Manual,1,1198.0,17.0,919999.0
Hyundai,i20,2011,155000.0,Diesel,Manual,1,1396.0,23.0,320000.0
Ford,Figo,2012,70000.0,Diesel,Manual,4,1399.0,20.0,140000.0
Maruti,SX4,2012,25000.0,Diesel,Manual,2,1248.0,21.5,310000.0
Maruti,800,2006,120000.0,Petrol,Manual,2,796.0,16.1,65000.0
Chevrolet,Enjoy,2013,90000.0,Diesel,Manual,1,1248.0,18.2,300000.0
Jaguar,XE,2017,9000.0,Diesel,Automatic,1,1999.0,13.6,2711000.0
Lexus,ES,2019,20000.0,Petrol,Automatic,1,2487.0,22.37,5150000.0
Jaguar,XF,2017,45000.0,Diesel,Automatic,1,1999.0,19.33,3200000.0
Tata,Safari,2015,110000.0,Diesel,Manual,1,2179.0,14.1,503000.0
Volvo,XC40,2019,20000.0,Diesel,Automatic,1,1969.0,18.0,3800000.0
Toyota,Camry,2016,68089.0,Petrol,Automatic,1,2494.0,19.16,2000000.0
Maruti,Wagon,2013,58343.0,Petrol,Manual,1,998.0,21.79,225000.0
Maruti,Baleno,2018,38817.0,Diesel,Manual,1,1248.0,27.39,740000.0
Honda,Jazz,2016,56494.0,Petrol,Manual,1,1199.0,18.2,550000.0
Toyota,Innova,2013,79328.0,Diesel,Manual,2,2494.0,12.99,750000.0
Maruti,Swift,2019,5621.0,Petrol,Automatic,1,1197.0,22.0,650000.0
Toyota,Etios,2017,25538.0,Petrol,Manual,1,1496.0,16.78,625000.0
Maruti,Swift,2018,69779.0,Petrol,Automatic,1,1197.0,22.0,600000.0
Hyundai,Grand,2017,56290.0,Diesel,Manual,1,1186.0,24.0,450000.0
BMW,X4,2019,7500.0,Diesel,Automatic,1,1995.0,16.78,5400000.0
BMW,X4,2019,8500.0,Diesel,Automatic,1,1995.0,16.78,5500000.0
Honda,Amaze,2019,7032.0,Petrol,Automatic,1,1199.0,19.0,779000.0
Skoda,Rapid,2016,11000.0,Petrol,Automatic,1,1598.0,14.3,645000.0
Volvo,V40,2018,2000.0,Diesel,Automatic,1,1984.0,16.8,2475000.0
Mahindra,XUV500,2011,110000.0,Diesel,Manual,2,2179.0,15.1,575000.0
Tata,Xenon,2014,110000.0,Diesel,Manual,2,2179.0,13.49,440000.0
Maruti,Swift,2012,100000.0,Diesel,Manual,2,1248.0,22.9,380000.0
Tata,Manza,2010,116700.0,Petrol,Manual,4,1368.0,15.0,140000.0
Tata,Zest,2015,25000.0,Diesel,Manual,1,1248.0,22.95,475000.0
Mahindra,Xylo,2011,200000.0,Diesel,Manual,3,2489.0,13.0,200000.0
Maruti,Swift,2010,176062.0,Diesel,Manual,1,1248.0,17.8,400000.0
Toyota,Innova,2008,250000.0,Diesel,Manual,3,2494.0,12.8,425000.0
Hyundai,Santro,2003,70000.0,Petrol,Manual,2,1197.0,19.81,68000.0
Honda,Amaze,2015,82000.0,Diesel,Manual,1,1498.0,25.8,509999.0
Hyundai,i10,2010,80000.0,Petrol,Manual,1,1086.0,19.81,275000.0
Chevrolet,Enjoy,2017,40000.0,Diesel,Manual,2,1248.0,18.2,650000.0
Jeep,Compass,2019,14000.0,Diesel,Manual,1,1956.0,17.1,1850000.0
Renault,Duster,2014,129000.0,Diesel,Manual,1,1461.0,19.72,650000.0
Fiat,Punto,2016,60000.0,Diesel,Manual,2,1248.0,20.5,360000.0
Volkswagen,Ameo,2018,82000.0,Diesel,Automatic,1,1498.0,21.73,650000.0
Land Rover,Range,2013,77500.0,Diesel,Automatic,3,2179.0,12.7,2000000.0
Chevrolet,Enjoy,2017,50000.0,Diesel,Manual,2,1248.0,18.2,675000.0
Maruti,800,2006,40000.0,Petrol,Manual,3,796.0,16.1,50000.0
Maruti,Wagon,2017,39500.0,Petrol,Manual,1,1197.0,20.52,445000.0
Hyundai,Elite,2018,40000.0,Diesel,Manual,1,1396.0,22.54,750000.0
Maruti,Swift,2012,56000.0,Diesel,Manual,2,1248.0,22.9,425000.0
Peugeot,309,1997,110000.0,Diesel,Manual,3,1200.0,18.0,57000.0
Hyundai,i20,2017,54000.0,Diesel,Manual,1,1396.0,22.54,850000.0
Maruti,Wagon,2016,20000.0,Petrol,Manual,2,998.0,20.51,400000.0
Tata,Indica,2014,55896.0,Diesel,Manual,2,1396.0,25.0,200000.0
Honda,Amaze,2016,35000.0,Diesel,Manual,1,1498.0,25.8,550000.0
Honda,Brio,2012,97000.0,Petrol,Manual,2,1198.0,19.4,250000.0
Maruti,Alto,2014,120000.0,Petrol,Manual,2,796.0,22.74,206000.0
Hyundai,EON,2014,50000.0,Petrol,Manual,1,814.0,21.1,290000.0
Tata,Nano,2010,30400.0,Petrol,Manual,4,624.0,26.0,45000.0
Mahindra,XUV300,2019,15000.0,Diesel,Manual,1,1497.0,20.0,1200000.0
Nissan,Sunny,2012,110000.0,Diesel,Manual,3,1461.0,21.64,220000.0
Mercedes-Benz,New,2008,120000.0,Diesel,Automatic,2,2143.0,14.84,515000.0
Maruti,Alto,2010,100000.0,Petrol,Manual,1,796.0,19.7,170000.0
Maruti,Swift,2010,120000.0,Diesel,Manual,2,1248.0,17.8,260000.0
Volkswagen,Vento,2012,130000.0,Diesel,Manual,2,1598.0,20.54,315000.0
Maruti,Alto,2011,76000.0,Petrol,Manual,2,998.0,20.92,225000.0
Volkswagen,Jetta,2012,110000.0,Diesel,Manual,3,1968.0,19.33,420000.0
Mahindra,Scorpio,2011,96000.0,Diesel,Manual,1,2179.0,12.05,525000.0
Maruti,Swift,2018,90000.0,Diesel,Automatic,1,1248.0,28.4,670000.0
Nissan,Sunny,2012,110000.0,Diesel,Manual,3,1461.0,21.64,220000.0
Ford,Figo,2013,25000.0,Diesel,Manual,1,1399.0,20.0,250000.0
Maruti,Swift,2009,90000.0,Diesel,Manual,2,1248.0,19.3,229999.0
Maruti,Swift,2009,164000.0,Diesel,Manual,2,1248.0,19.3,229999.0
Honda,Amaze,2013,120000.0,Petrol,Manual,2,1198.0,18.0,300000.0
Maruti,A-Star,2010,66000.0,Petrol,Manual,2,998.0,19.0,165000.0
Tata,New,2010,250000.0,Diesel,Manual,1,2179.0,13.93,295000.0
Hyundai,Verna,2011,157000.0,Diesel,Manual,2,1582.0,22.32,360000.0
Hyundai,Verna,2011,157000.0,Diesel,Manual,2,1582.0,22.32,380000.0
Renault,KWID,2017,35000.0,Petrol,Manual,1,999.0,23.01,300000.0
Mahindra,Scorpio,2008,100000.0,Diesel,Manual,2,2609.0,12.7,320000.0
Datsun,GO,2016,70000.0,Petrol,Manual,2,1198.0,19.44,325000.0
Tata,Manza,2010,30000.0,Diesel,Manual,2,1248.0,21.12,160000.0
Mahindra,Bolero,2018,40000.0,Diesel,Manual,1,1493.0,16.5,630000.0
Maruti,Swift,2020,5000.0,Petrol,Manual,1,1197.0,21.21,600000.0
Maruti,Alto,2014,30000.0,Petrol,Manual,2,796.0,22.74,229999.0
Maruti,Swift,2014,70000.0,Diesel,Manual,2,1248.0,22.9,440000.0
Chevrolet,Spark,2007,60000.0,Petrol,Manual,2,995.0,18.0,90000.0
Maruti,Ciaz,2017,60000.0,Diesel,Manual,1,1248.0,28.09,750000.0
Honda,City,2012,80000.0,Petrol,Manual,2,1497.0,16.8,330000.0
Maruti,Ciaz,2016,70000.0,Diesel,Manual,2,1248.0,28.09,715000.0
Skoda,Fabia,2013,150000.0,Diesel,Manual,2,1199.0,20.86,250000.0
Maruti,Zen,2007,150000.0,Petrol,Manual,2,1061.0,18.2,120000.0
Ford,Ikon,2004,25000.0,Petrol,Manual,3,1597.0,14.2,100000.0
Skoda,Rapid,2017,35000.0,Diesel,Automatic,2,1498.0,21.72,850000.0
Hyundai,Xcent,2018,48000.0,Diesel,Manual,1,1186.0,25.4,450000.0
Volkswagen,Polo,2012,200000.0,Diesel,Manual,1,1199.0,22.07,240000.0
Hyundai,Santro,2000,90000.0,Petrol,Manual,3,1197.0,19.81,30000.0
Maruti,Swift,2015,135000.0,Diesel,Manual,1,1248.0,26.59,600000.0
Chevrolet,Enjoy,2016,110000.0,Diesel,Manual,2,1248.0,18.2,280000.0
Hyundai,Verna,2012,146000.0,Diesel,Manual,2,1582.0,22.32,465000.0
Maruti,Alto,2018,44000.0,Petrol,Manual,1,796.0,24.7,350000.0
Hyundai,i10,2013,70000.0,Petrol,Manual,1,1197.0,20.36,325000.0
Tata,Indica,2004,271000.0,Diesel,Manual,1,1405.0,16.8,50000.0
Maruti,Alto,2006,120000.0,Petrol,Manual,3,796.0,19.7,110000.0
Tata,Indigo,2013,80000.0,Diesel,Manual,1,1396.0,23.03,220000.0
Mahindra,Bolero,2015,60000.0,Diesel,Manual,1,2523.0,15.96,515000.0
Maruti,Ciaz,2018,40000.0,Petrol,Manual,1,1373.0,20.73,750000.0
Hyundai,EON,2018,25000.0,Petrol,Manual,1,814.0,21.1,350000.0
Hyundai,Grand,2019,15000.0,Petrol,Manual,1,1197.0,18.9,488999.0
Maruti,Alto,2017,27000.0,Petrol,Manual,1,796.0,24.7,300000.0
Maruti,Baleno,2017,35000.0,Diesel,Manual,2,1248.0,27.39,650000.0
Maruti,A-Star,2014,40000.0,Petrol,Manual,1,998.0,19.0,250000.0
Maruti,Alto,2014,40000.0,Petrol,Manual,3,796.0,22.74,200000.0
Mahindra,Scorpio,2015,75262.0,Diesel,Manual,1,2179.0,15.4,950000.0
Tata,Indigo,2012,120000.0,Diesel,Manual,1,1396.0,23.03,200000.0
Hyundai,EON,2016,60000.0,Petrol,Manual,1,998.0,20.3,276000.0
Hyundai,EON,2014,40000.0,Petrol,Manual,1,814.0,21.1,250000.0
Maruti,Alto,2008,80000.0,Petrol,Manual,2,796.0,19.7,95000.0
Tata,Indigo,2011,70000.0,Diesel,Manual,2,1396.0,23.57,200000.0
Hyundai,Verna,2012,100000.0,Diesel,Manual,2,1582.0,22.32,450000.0
Mahindra,XUV500,2013,18000.0,Diesel,Manual,1,2179.0,15.1,900000.0
Tata,Indigo,2010,175000.0,Diesel,Manual,1,1396.0,19.09,200000.0
Hyundai,i10,2010,70000.0,Petrol,Manual,2,1197.0,20.36,200000.0
Mahindra,Bolero,2011,91863.0,Diesel,Manual,2,2523.0,15.96,370000.0
Tata,Indigo,2008,100000.0,Petrol,Manual,1,1193.0,15.2,250000.0
Renault,KWID,2016,10000.0,Petrol,Manual,1,799.0,25.17,290000.0
Maruti,Ertiga,2018,35000.0,Diesel,Manual,1,1248.0,24.52,900000.0
Ford,Figo,2013,120000.0,Diesel,Manual,2,1399.0,20.0,325000.0
Hyundai,Grand,2016,30000.0,Petrol,Manual,1,1197.0,18.9,425000.0
Renault,KWID,2016,60000.0,Petrol,Manual,1,799.0,25.17,315000.0
Maruti,Alto,2014,70000.0,Petrol,Manual,1,998.0,23.95,300000.0
Hyundai,i10,2013,70000.0,Petrol,Manual,2,1197.0,20.36,325000.0
Hyundai,Creta,2016,130000.0,Diesel,Manual,1,1396.0,21.38,900000.0
Hyundai,Creta,2016,133000.0,Diesel,Manual,1,1396.0,21.38,950000.0
Volkswagen,Vento,2010,120000.0,Diesel,Manual,3,1598.0,20.54,320000.0
Volkswagen,Ameo,2019,20000.0,Petrol,Manual,1,999.0,19.44,500000.0
Ford,Figo,2012,25000.0,Petrol,Manual,1,1196.0,15.6,290000.0
Tata,Nano,2012,90000.0,Petrol,Manual,1,624.0,25.4,60000.0
Maruti,A-Star,2009,140000.0,Petrol,Manual,3,998.0,19.0,120000.0
Honda,City,2017,103000.0,Diesel,Manual,1,1498.0,25.6,850000.0
Toyota,Innova,2017,23000.0,Diesel,Manual,1,2393.0,13.68,1750000.0
Honda,City,2015,128000.0,Diesel,Manual,1,1498.0,26.0,600000.0
Volkswagen,Polo,2015,33000.0,Diesel,Manual,1,1498.0,20.14,620000.0
Maruti,Alto,2009,70000.0,Petrol,Manual,2,796.0,19.7,150000.0
Hyundai,Santro,2011,40000.0,Petrol,Manual,4,1086.0,0.0,150000.0
Tata,Indigo,2008,40000.0,Petrol,Manual,4,1396.0,12.85,135000.0
Tata,Indica,2011,80000.0,Diesel,Manual,1,1405.0,17.0,200000.0
Maruti,Ciaz,2015,70000.0,Diesel,Manual,1,1248.0,26.21,730000.0
Toyota,Innova,2013,100000.0,Diesel,Manual,1,2494.0,12.99,800000.0
Mahindra,Xylo,2009,90000.0,Diesel,Manual,2,2498.0,14.0,300000.0
Ford,Figo,2012,112000.0,Diesel,Manual,2,1399.0,20.0,190000.0
Honda,Civic,2011,50000.0,Petrol,Manual,1,1799.0,15.5,350000.0
Hyundai,Xcent,2015,62000.0,Diesel,Manual,2,1120.0,24.4,509999.0
Maruti,Ertiga,2012,90000.0,Diesel,Manual,1,1248.0,20.77,400000.0
Toyota,Innova,2013,80000.0,Diesel,Manual,1,2494.0,12.99,800000.0
Tata,Manza,2013,50000.0,Diesel,Manual,1,1248.0,21.02,250000.0
Hyundai,Creta,2016,47552.0,Diesel,Manual,2,1582.0,19.67,930000.0
Maruti,Vitara,2016,40000.0,Diesel,Manual,2,1248.0,24.3,720000.0
Ford,Figo,2011,15000.0,Petrol,Manual,1,1196.0,15.6,225000.0
Ford,EcoSport,2019,20000.0,Diesel,Manual,1,1498.0,23.0,950000.0
Hyundai,i20,2018,52000.0,Petrol,Manual,1,1197.0,17.19,530000.0
Hyundai,i20,2016,70000.0,Petrol,Manual,1,1197.0,18.6,470000.0
Mahindra,Bolero,2017,110000.0,Diesel,Manual,1,2523.0,15.96,650000.0
Tata,Safari,2014,77500.0,Diesel,Manual,2,2179.0,14.0,540000.0
Maruti,Swift,2015,100000.0,Diesel,Manual,2,1248.0,25.2,459999.0
Renault,KWID,2019,14700.0,Petrol,Manual,1,799.0,25.17,325000.0
Maruti,Omni,2016,40000.0,Petrol,Manual,1,796.0,16.8,240000.0
Mahindra,KUV,2017,32000.0,Petrol,Manual,2,1198.0,18.15,400000.0
Maruti,Alto,2004,70000.0,Petrol,Manual,2,796.0,19.7,70000.0
Maruti,Swift,2009,80000.0,Petrol,Manual,1,1298.0,17.5,250000.0
Toyota,Innova,2014,80000.0,Diesel,Manual,2,2494.0,12.99,910000.0
Maruti,Swift,2018,25000.0,Diesel,Manual,1,1248.0,28.4,720000.0
Maruti,Swift,2015,50000.0,Diesel,Manual,1,1248.0,26.59,590000.0
Chevrolet,Tavera,2015,120000.0,Diesel,Manual,1,2499.0,13.58,434000.0
Mahindra,Bolero,2006,170000.0,Diesel,Manual,1,2523.0,13.6,145000.0
Mahindra,KUV,2018,19700.0,Petrol,Manual,1,1198.0,18.15,445000.0
Hyundai,Santro,2011,70000.0,LPG,Manual,1,1086.0,13.45,191000.0
Ford,Figo,2018,50000.0,Diesel,Manual,4,1498.0,25.83,372000.0
Maruti,Wagon,2005,90000.0,Petrol,Manual,2,998.0,18.9,65000.0
Hyundai,Santro,2007,60000.0,Petrol,Manual,3,1197.0,19.81,150000.0
Ford,Figo,2015,140000.0,Diesel,Manual,1,1399.0,20.0,300000.0
Mahindra,Scorpio,2003,120000.0,Diesel,Manual,3,2609.0,12.7,125000.0
Tata,Tigor,2017,40000.0,Petrol,Manual,1,1199.0,20.3,520000.0
Maruti,Alto,2014,70000.0,Petrol,Manual,3,796.0,22.74,190000.0
Datsun,RediGO,2018,7000.0,Petrol,Manual,1,999.0,22.5,310000.0
Toyota,Innova,2012,90000.0,Diesel,Manual,1,2494.0,12.8,750000.0
Mahindra,TUV,2016,110000.0,Diesel,Automatic,1,1493.0,18.49,750000.0
Maruti,Alto,2019,15000.0,Petrol,Manual,1,998.0,23.95,350000.0
Maruti,Alto,2020,5000.0,Petrol,Manual,1,796.0,22.05,360000.0
Renault,KWID,2017,5000.0,Petrol,Manual,1,799.0,25.17,285000.0
Maruti,Alto,2013,70000.0,Petrol,Manual,2,796.0,22.74,160000.0
Datsun,GO,2015,60000.0,Petrol,Manual,2,1198.0,19.44,229999.0
Maruti,Alto,2007,120000.0,Petrol,Manual,3,796.0,19.7,85000.0
Datsun,RediGO,2018,7000.0,Petrol,Manual,1,999.0,22.5,300000.0
Mahindra,Scorpio,2014,120000.0,Diesel,Manual,1,2179.0,12.05,675000.0
Mahindra,Scorpio,2014,145241.0,Diesel,Manual,1,2179.0,12.05,700000.0
Mahindra,Scorpio,2008,110000.0,Diesel,Manual,1,2609.0,12.7,400000.0
Renault,KWID,2016,30000.0,Petrol,Manual,3,799.0,25.17,254999.0
Mahindra,Scorpio,2015,80000.0,Diesel,Manual,2,2179.0,15.4,1050000.0
Maruti,Swift,2013,100000.0,Diesel,Manual,1,1248.0,23.4,390000.0
Toyota,Etios,2015,80000.0,Diesel,Manual,1,1364.0,23.59,450000.0
Toyota,Innova,2016,40000.0,Diesel,Automatic,2,2755.0,11.36,1630000.0
Maruti,Vitara,2017,50000.0,Diesel,Manual,1,1248.0,24.3,725000.0
Tata,Safari,2013,95500.0,Diesel,Manual,2,2179.0,14.0,466000.0
Ford,Figo,2017,40000.0,Petrol,Manual,2,1196.0,18.16,370000.0
Maruti,Zen,2007,70000.0,Petrol,Manual,3,1061.0,18.2,150000.0
Maruti,Celerio,2017,15000.0,Petrol,Manual,1,998.0,23.1,483000.0
Hyundai,Grand,2016,10000.0,Petrol,Manual,1,1197.0,18.9,470000.0
Maruti,Vitara,2018,25000.0,Diesel,Manual,1,1248.0,24.3,950000.0
Hyundai,Verna,2013,50000.0,Petrol,Manual,3,1591.0,17.01,450000.0
Toyota,Etios,2011,70000.0,Petrol,Manual,1,1496.0,17.6,345000.0
Maruti,A-Star,2009,60000.0,Petrol,Manual,1,998.0,19.0,300000.0
Maruti,Zen,2007,74800.0,Petrol,Manual,2,998.0,18.2,160000.0
Maruti,800,2004,80000.0,Petrol,Manual,2,796.0,16.1,120000.0
Tata,Zest,2020,40000.0,Petrol,Manual,1,1193.0,17.57,500000.0
Mahindra,XUV500,2018,40000.0,Diesel,Manual,1,2179.0,16.0,1350000.0
Hyundai,Grand,2017,50000.0,Diesel,Manual,1,1186.0,24.0,455000.0
Hyundai,EON,2013,45000.0,Petrol,Manual,2,814.0,21.1,165000.0
Maruti,Swift,2016,23700.0,Petrol,Manual,1,1197.0,20.4,470000.0
Maruti,Swift,2016,23700.0,Petrol,Manual,1,1197.0,20.4,470000.0
Jeep,Compass,2019,10000.0,Petrol,Manual,1,1368.0,16.0,1520000.0
Maruti,Alto,2014,53473.0,Petrol,Manual,1,998.0,23.95,229999.0
Mahindra,Bolero,2011,100000.0,Diesel,Manual,2,2523.0,15.96,250000.0
Mahindra,XUV500,2016,25000.0,Diesel,Manual,1,2179.0,16.0,1350000.0
Hyundai,Santro,2013,80000.0,Petrol,Manual,1,1086.0,17.92,220000.0
Hyundai,Xcent,2015,120000.0,Diesel,Manual,1,1120.0,24.4,360000.0
Maruti,Alto,2018,40000.0,Petrol,Manual,1,998.0,23.95,350000.0
Hyundai,Verna,2012,70000.0,Diesel,Manual,1,1582.0,22.32,500000.0
Chevrolet,Beat,2013,90000.0,Diesel,Manual,3,936.0,25.44,145000.0
Chevrolet,Sail,2014,51000.0,Petrol,Manual,1,1199.0,18.2,300000.0
Tata,Indica,2010,87000.0,Diesel,Manual,1,1396.0,18.8,180000.0
Hyundai,Accent,2009,87000.0,Petrol,Manual,2,1495.0,13.2,180000.0
Mahindra,Bolero,2006,120000.0,Diesel,Manual,2,2179.0,15.96,200000.0
Maruti,Swift,2013,40000.0,Diesel,Manual,1,1248.0,23.4,530000.0
Renault,Duster,2014,90000.0,Diesel,Manual,2,1461.0,19.01,620000.0
Toyota,Etios,2015,110000.0,Petrol,Manual,3,1496.0,16.78,360000.0
Hyundai,Santro,2010,86000.0,Petrol,Manual,2,1086.0,17.92,245000.0
Maruti,Swift,2009,120000.0,Diesel,Manual,1,1197.0,21.21,370000.0
Ford,Ikon,2003,80000.0,Petrol,Manual,3,1597.0,14.2,130000.0
Maruti,Esteem,1999,65000.0,Petrol,Manual,4,1298.0,15.9,70000.0
Maruti,Esteem,1999,70000.0,Petrol,Manual,4,1298.0,15.9,70000.0
Ford,Fiesta,2014,140000.0,Diesel,Manual,2,1498.0,25.01,650000.0
Maruti,Swift,2019,18000.0,Petrol,Manual,1,1197.0,21.21,610000.0
Maruti,Alto,2015,24000.0,Petrol,Manual,1,998.0,23.95,300000.0
Hyundai,Grand,2014,60000.0,Diesel,Manual,1,1120.0,24.0,425000.0
Hyundai,Verna,2012,150000.0,Diesel,Manual,3,1582.0,22.32,450000.0
Hyundai,Verna,2011,108000.0,Diesel,Manual,1,1582.0,22.32,450000.0
Hyundai,i10,2011,60000.0,Petrol,Automatic,3,1197.0,16.95,340000.0
Maruti,Ertiga,2013,90000.0,Diesel,Manual,1,1248.0,20.77,650000.0
Tata,Indigo,2009,70000.0,Diesel,Manual,1,1396.0,19.09,160000.0
Tata,Indica,2014,120000.0,Diesel,Manual,1,1405.0,19.1,250000.0
Chevrolet,Beat,2012,100000.0,Diesel,Manual,3,936.0,25.44,225000.0
Tata,Indica,2007,75958.0,Diesel,Manual,2,1396.0,17.88,55000.0
Maruti,800,1996,70000.0,Petrol,Manual,3,796.0,16.1,42000.0
Tata,Indica,2012,100000.0,Diesel,Manual,2,1396.0,18.8,250000.0
Hyundai,Tucson,2006,128000.0,Diesel,Manual,4,1991.0,12.6,282000.0
Tata,Indica,2007,110000.0,Diesel,Manual,3,1405.0,16.8,80000.0
Maruti,Swift,2016,40000.0,Petrol,Manual,1,1197.0,20.85,500000.0
Ford,Figo,2016,70000.0,Diesel,Manual,1,1498.0,25.83,500000.0
Maruti,Swift,2011,60000.0,Diesel,Manual,1,1248.0,22.9,400000.0
Mahindra,Bolero,2013,90000.0,Diesel,Manual,1,2523.0,15.96,550000.0
Tata,New,2007,70000.0,Diesel,Manual,2,2179.0,13.93,200000.0
Hyundai,i10,2012,65000.0,Petrol,Manual,1,1197.0,20.36,280000.0
Maruti,Swift,2014,88000.0,Diesel,Manual,1,1248.0,23.4,580000.0
Tata,Manza,2009,80000.0,Diesel,Manual,3,1248.0,18.8,100000.0
Mahindra,Scorpio,2014,60000.0,Diesel,Manual,1,2523.0,14.0,550000.0
Mahindra,TUV,2017,38000.0,Diesel,Manual,1,1493.0,18.49,700000.0
Tata,Manza,2010,80000.0,Petrol,Manual,3,1368.0,15.0,150000.0
Hyundai,EON,2014,60000.0,Petrol,Manual,2,814.0,21.1,190000.0
Mahindra,Bolero,2013,110000.0,Diesel,Manual,1,2523.0,15.96,500000.0
Maruti,Swift,2017,110000.0,Diesel,Manual,1,1248.0,25.2,640000.0
Skoda,Fabia,2011,145000.0,Diesel,Manual,1,1199.0,20.86,340000.0
Hyundai,Elite,2019,43000.0,Diesel,Manual,1,1396.0,22.54,811000.0
Maruti,Ritz,2016,120000.0,Diesel,Manual,1,1248.0,23.2,409999.0
Maruti,Swift,2007,136000.0,Petrol,Manual,2,1298.0,16.1,220000.0
Tata,Indica,2013,120000.0,Diesel,Manual,2,1405.0,17.88,170000.0
Hyundai,Elite,2018,25000.0,Petrol,Manual,1,1197.0,18.6,700000.0
Mahindra,Scorpio,2015,80000.0,Diesel,Manual,2,2179.0,15.4,950000.0
Hyundai,Accent,2003,40000.0,Petrol,Manual,2,1599.0,14.4,80000.0
Jaguar,XE,2017,9000.0,Diesel,Automatic,1,1999.0,13.6,2711000.0
Lexus,ES,2019,20000.0,Petrol,Automatic,1,2487.0,22.37,5150000.0
Jaguar,XF,2017,45000.0,Diesel,Automatic,1,1999.0,19.33,3200000.0
Tata,Safari,2015,110000.0,Diesel,Manual,1,2179.0,14.1,503000.0
Volvo,XC40,2019,20000.0,Diesel,Automatic,1,1969.0,18.0,3800000.0
Toyota,Camry,2016,68089.0,Petrol,Automatic,1,2494.0,19.16,2000000.0
Maruti,Wagon,2013,58343.0,Petrol,Manual,1,998.0,21.79,225000.0
Maruti,Baleno,2018,38817.0,Diesel,Manual,1,1248.0,27.39,740000.0
Honda,Jazz,2016,56494.0,Petrol,Manual,1,1199.0,18.2,550000.0
Toyota,Innova,2013,79328.0,Diesel,Manual,2,2494.0,12.99,750000.0
Maruti,Swift,2019,5621.0,Petrol,Automatic,1,1197.0,22.0,650000.0
Toyota,Etios,2017,25538.0,Petrol,Manual,1,1496.0,16.78,625000.0
Maruti,Swift,2018,69779.0,Petrol,Automatic,1,1197.0,22.0,600000.0
Hyundai,Grand,2017,56290.0,Diesel,Manual,1,1186.0,24.0,450000.0
BMW,X4,2019,7500.0,Diesel,Automatic,1,1995.0,16.78,5400000.0
BMW,X4,2019,8500.0,Diesel,Automatic,1,1995.0,16.78,5500000.0
Honda,Amaze,2019,7032.0,Petrol,Automatic,1,1199.0,19.0,779000.0
Skoda,Rapid,2016,11000.0,Petrol,Automatic,1,1598.0,14.3,645000.0
Volvo,V40,2018,2000.0,Diesel,Automatic,1,1984.0,16.8,2475000.0
Maruti,Swift,2014,120000.0,Diesel,Manual,2,1248.0,23.4,420000.0
Maruti,S-Cross,2018,35000.0,Diesel,Manual,1,1248.0,25.1,899000.0
Datsun,GO,2019,35000.0,Petrol,Manual,1,1198.0,19.83,459999.0
Hyundai,Verna,2008,120000.0,Diesel,Manual,2,1493.0,18.1,150000.0
Renault,KWID,2017,25000.0,Petrol,Manual,1,999.0,23.01,350000.0
Toyota,Etios,2015,100000.0,Diesel,Manual,2,1364.0,23.59,509999.0
Mahindra,Bolero,2013,120000.0,Diesel,Manual,3,2523.0,15.96,500000.0
Tata,Zest,2017,35000.0,Petrol,Manual,1,1193.0,17.57,370000.0
Maruti,Alto,2013,44000.0,Petrol,Manual,2,998.0,20.92,240000.0
Hyundai,i20,2015,100000.0,Diesel,Manual,2,1396.0,22.54,530000.0
Mahindra,Scorpio,2015,133000.0,Diesel,Manual,2,2179.0,15.4,1000000.0
Toyota,Innova,2018,35000.0,Diesel,Manual,2,2393.0,13.68,1600000.0
Hyundai,i10,2014,64000.0,Petrol,Manual,1,1197.0,20.36,350000.0
Mahindra,XUV500,2015,70000.0,Diesel,Automatic,1,2179.0,16.0,1100000.0
Hyundai,i20,2011,70000.0,Petrol,Manual,1,1197.0,18.5,220000.0
Hyundai,Grand,2015,100000.0,Petrol,Manual,1,1197.0,18.9,350000.0
Maruti,Swift,2013,90000.0,Diesel,Manual,2,1248.0,22.9,370000.0
Maruti,Swift,2014,50000.0,Petrol,Manual,1,1298.0,17.5,220000.0
Chevrolet,Sail,2013,80000.0,Diesel,Manual,1,1248.0,22.1,200000.0
Mahindra,KUV,2017,50000.0,Diesel,Manual,1,1198.0,25.32,400000.0
Fiat,Grande,2009,55000.0,Petrol,Manual,1,1368.0,14.6,150000.0
Toyota,Innova,2020,40000.0,Petrol,Automatic,1,2694.0,10.75,1500000.0
Maruti,Omni,2011,70000.0,Petrol,Manual,2,796.0,14.0,130000.0
Maruti,Alto,2013,80000.0,Petrol,Manual,2,796.0,22.74,185000.0
Hyundai,Santro,2010,80000.0,Petrol,Manual,2,1086.0,0.0,110000.0
Mahindra,Bolero,2012,120000.0,Diesel,Manual,1,2523.0,15.96,450000.0
Hyundai,Grand,2018,20000.0,Petrol,Manual,2,1197.0,18.9,500000.0
Ford,EcoSport,2017,31596.0,Petrol,Manual,1,1497.0,17.0,570000.0
Mahindra,XUV500,2013,85710.0,Diesel,Manual,1,2179.0,15.1,650000.0
Toyota,Fortuner,2012,129627.0,Diesel,Manual,1,2982.0,11.5,1680000.0
Datsun,RediGO,2018,10000.0,Petrol,Manual,1,799.0,22.7,250000.0
Hyundai,i10,2014,15000.0,Petrol,Manual,1,1197.0,20.36,320000.0
Maruti,Wagon,2017,35000.0,Petrol,Automatic,1,998.0,20.51,440000.0
Hyundai,i20,2013,49000.0,Petrol,Manual,2,1197.0,18.5,315000.0
Hyundai,Santro,2007,70000.0,Petrol,Manual,3,1197.0,19.81,100000.0
Tata,Manza,2010,158000.0,Diesel,Manual,1,1248.0,18.8,202999.0
Hyundai,EON,2012,30000.0,Petrol,Manual,2,814.0,21.1,179000.0
Hyundai,i10,2008,60000.0,Petrol,Manual,2,1197.0,20.36,140000.0
Maruti,Zen,2008,40000.0,Petrol,Manual,2,1061.0,18.2,150000.0
Mahindra,Bolero,2011,60000.0,Diesel,Manual,2,2523.0,13.6,440000.0
Ford,Figo,2011,55130.0,Diesel,Manual,2,1399.0,20.0,250000.0
Maruti,Wagon,2014,22000.0,Petrol,Manual,1,998.0,20.51,330000.0
Ford,Figo,2010,48000.0,Petrol,Manual,1,1196.0,15.6,250000.0
Hyundai,i20,2012,45000.0,Petrol,Manual,1,1197.0,18.5,335000.0
Mahindra,XUV500,2016,22522.0,Diesel,Manual,1,2179.0,16.0,1025000.0
Hyundai,i20,2012,51856.0,Petrol,Manual,3,1197.0,18.5,320000.0
Maruti,Ciaz,2015,29434.0,Petrol,Manual,1,1373.0,20.73,550000.0
Honda,WR-V,2018,25000.0,Diesel,Manual,1,1498.0,25.5,800000.0
Tata,Tiago,2017,28000.0,Petrol,Manual,2,1199.0,23.84,380000.0
Renault,Duster,2013,44500.0,Diesel,Manual,2,1461.0,20.46,400000.0
Maruti,Wagon,2016,34500.0,Petrol,Manual,1,998.0,20.51,375000.0
Honda,City,2017,20000.0,Petrol,Automatic,1,1497.0,18.0,1100000.0
Hyundai,i20,2018,15000.0,Petrol,Manual,1,1197.0,18.6,650000.0
Nissan,Micra,2014,26000.0,Petrol,Automatic,1,1198.0,19.34,361000.0
Hyundai,EON,2012,20000.0,Petrol,Manual,1,814.0,21.1,140000.0
Hyundai,Xcent,2019,3000.0,Petrol,Manual,1,1197.0,20.14,550000.0
Honda,Amaze,2019,20000.0,Petrol,Manual,1,1199.0,19.5,670000.0
Maruti,Vitara,2017,25000.0,Diesel,Manual,1,1248.0,24.3,880000.0
Ford,EcoSport,2018,35000.0,Diesel,Manual,1,1498.0,23.0,950000.0
Chevrolet,Cruze,2010,60000.0,Diesel,Manual,1,1991.0,18.3,300000.0
Honda,City,2017,6825.0,Petrol,Automatic,1,1497.0,18.0,1150000.0
Chevrolet,Cruze,2015,155000.0,Diesel,Automatic,1,1998.0,14.81,450000.0
Maruti,Eeco,2018,50000.0,CNG,Manual,1,1196.0,21.94,375000.0
Maruti,Ertiga,2016,13500.0,Petrol,Manual,1,1373.0,17.5,600000.0
Toyota,Innova,2008,260000.0,Diesel,Manual,1,2494.0,12.8,700000.0
Hyundai,Xcent,2018,65000.0,Diesel,Manual,1,1186.0,25.4,600000.0
Mahindra,Xylo,2014,95000.0,Diesel,Manual,2,2179.0,14.02,630000.0
Maruti,Ciaz,2016,40000.0,Petrol,Manual,2,1373.0,20.73,590000.0
Hyundai,Santro,2019,30000.0,Petrol,Manual,1,1086.0,20.3,420000.0
Mitsubishi,Pajero,2016,120000.0,Diesel,Manual,1,2477.0,13.5,1950000.0
Tata,New,2013,112011.0,Diesel,Manual,1,2179.0,13.93,541000.0
Toyota,Innova,2015,125000.0,Diesel,Manual,1,2494.0,12.99,900000.0
Toyota,Innova,2015,125000.0,Diesel,Manual,1,2494.0,12.99,900000.0
Tata,Manza,2009,43000.0,Diesel,Manual,1,1248.0,18.8,250000.0
Mahindra,Bolero,2019,53534.0,Diesel,Manual,1,2523.0,15.96,670000.0
Tata,Tigor,2019,20000.0,Petrol,Manual,1,1199.0,20.3,530000.0
Chevrolet,Beat,2012,70000.0,Diesel,Manual,2,936.0,25.44,150000.0
Mahindra,XUV500,2013,70000.0,Diesel,Manual,3,2179.0,15.1,550000.0
Mahindra,Scorpio,2015,150000.0,Diesel,Manual,1,1997.0,15.4,650000.0
Tata,Indica,2012,100000.0,Diesel,Manual,2,1405.0,19.4,180000.0
Mahindra,Thar,2015,50000.0,Diesel,Manual,1,2498.0,16.55,585000.0
Hyundai,i20,2013,120000.0,Petrol,Manual,2,1197.0,18.5,345000.0
Maruti,Swift,2013,110000.0,Diesel,Manual,3,1248.0,22.9,350000.0
Honda,BRV,2016,140000.0,Petrol,Manual,1,1497.0,15.4,725000.0
Tata,Venture,2012,120000.0,Diesel,Manual,1,1405.0,15.42,250000.0
Maruti,800,2002,70000.0,Petrol,Manual,2,796.0,16.1,45000.0
Toyota,Innova,2007,248119.0,Diesel,Manual,4,2494.0,12.8,409999.0
Renault,KWID,2017,16500.0,Petrol,Manual,2,999.0,23.01,325000.0
Maruti,Alto,2016,9900.0,Petrol,Manual,1,998.0,23.95,350000.0
Maruti,Alto,2012,80000.0,Petrol,Manual,3,796.0,19.7,180000.0
Fiat,Linea,2010,100000.0,Petrol,Manual,2,1368.0,16.0,150000.0
Maruti,Dzire,2020,20000.0,Petrol,Manual,1,1197.0,23.26,700000.0
Maruti,Ciaz,2016,90000.0,Diesel,Manual,1,1248.0,28.09,795000.0
Mahindra,Thar,2019,15000.0,Diesel,Manual,1,2498.0,16.55,950000.0
Volkswagen,Vento,2018,75000.0,Diesel,Automatic,1,1498.0,21.5,885000.0
Maruti,Ritz,2011,140000.0,Diesel,Manual,1,1248.0,21.1,160000.0
Hyundai,i20,2012,120000.0,Diesel,Manual,2,1396.0,23.0,300000.0
Volkswagen,Vento,2018,75000.0,Diesel,Automatic,1,1498.0,21.5,950000.0
Maruti,Ertiga,2015,90000.0,Diesel,Manual,1,1248.0,20.77,549000.0
Audi,A3,2018,20000.0,Diesel,Automatic,1,1968.0,20.38,3000000.0
Toyota,Innova,2015,61000.0,Diesel,Manual,1,2494.0,12.99,1200000.0
Renault,Fluence,2012,100000.0,Diesel,Manual,2,1461.0,21.8,570000.0
Mahindra,Thar,2017,60000.0,Diesel,Manual,2,2498.0,16.55,800000.0
Hyundai,Verna,2009,100000.0,Diesel,Manual,1,1493.0,18.1,375000.0
Mahindra,Bolero,2009,170000.0,Diesel,Manual,3,2523.0,13.6,300000.0
Toyota,Etios,2013,100000.0,Petrol,Manual,2,1496.0,16.78,350000.0
Mahindra,Bolero,2011,120000.0,Diesel,Manual,2,2523.0,13.6,400000.0
Volkswagen,Polo,2015,50000.0,Diesel,Manual,1,1498.0,20.14,434999.0
Toyota,Etios,2012,120000.0,Petrol,Manual,2,2494.0,12.99,200000.0
Maruti,Alto,2015,25000.0,Petrol,Manual,1,796.0,22.74,260000.0
Maruti,Swift,2013,24019.0,Diesel,Manual,1,1248.0,22.9,450000.0
Hyundai,Verna,2013,80000.0,Diesel,Manual,2,1582.0,22.32,459999.0
Maruti,Ritz,2011,100000.0,Diesel,Manual,2,1248.0,21.1,210000.0
Maruti,Swift,2015,93000.0,Petrol,Manual,2,1197.0,20.85,540000.0
Maruti,Ertiga,2017,50000.0,Diesel,Manual,1,1248.0,24.52,710000.0
Maruti,Alto,2018,22000.0,Petrol,Manual,1,796.0,24.7,285000.0
Hyundai,Creta,2019,19600.0,Diesel,Manual,1,1396.0,22.1,990000.0
Tata,Indigo,2017,104000.0,Petrol,Manual,1,1193.0,15.64,362000.0
Ford,EcoSport,2017,33000.0,Diesel,Manual,1,1498.0,23.0,880000.0
Mahindra,TUV,2017,60000.0,Diesel,Manual,1,1493.0,18.49,700000.0
Mahindra,Bolero,2016,60000.0,Diesel,Manual,1,2523.0,15.96,600000.0
Nissan,Terrano,2015,40000.0,Petrol,Manual,1,1598.0,13.24,700000.0
Tata,Tiago,2016,60000.0,Diesel,Manual,1,1047.0,27.28,400000.0
Hyundai,Accent,2010,80000.0,LPG,Manual,1,1495.0,13.2,165000.0
Toyota,Innova,2007,376412.0,Diesel,Manual,2,2494.0,12.8,350000.0
Maruti,Ertiga,2014,80000.0,Petrol,Manual,3,1373.0,16.02,425000.0
Hyundai,Santro,2012,70000.0,Petrol,Manual,1,1086.0,17.92,180000.0
Maruti,Alto,2012,90000.0,Petrol,Manual,3,998.0,20.92,170000.0
Mahindra,Bolero,2014,183000.0,Diesel,Manual,1,2523.0,15.96,370000.0
Maruti,Vitara,2018,27000.0,Diesel,Manual,1,1248.0,24.3,800000.0
Ford,EcoSport,2017,35000.0,Diesel,Manual,1,1498.0,23.0,900000.0
Maruti,Swift,2013,120000.0,Diesel,Manual,1,1248.0,22.9,390000.0
Maruti,Swift,2014,80000.0,Diesel,Manual,2,1248.0,23.4,445000.0
Maruti,Swift,2014,70000.0,Diesel,Manual,4,1248.0,23.4,459999.0
Maruti,Wagon,2013,55000.0,LPG,Manual,1,998.0,14.4,275000.0
Maruti,Ritz,2009,120000.0,Diesel,Manual,2,1248.0,21.1,200000.0
Maruti,Swift,2012,72000.0,Petrol,Manual,2,1197.0,17.5,350000.0
Tata,New,2007,120000.0,Diesel,Manual,2,2092.0,12.0,95000.0
Toyota,Etios,2014,250000.0,Diesel,Manual,1,1364.0,23.59,550000.0
Chevrolet,Tavera,2016,100000.0,Diesel,Manual,1,2499.0,13.58,900000.0
Tata,Sumo,2013,120000.0,Diesel,Manual,2,2956.0,15.3,350000.0
Nissan,Micra,2015,50000.0,Petrol,Automatic,1,1198.0,19.34,325000.0
Hyundai,Grand,2014,32000.0,Petrol,Manual,1,1197.0,18.9,455999.0
Maruti,Alto,2008,60000.0,Petrol,Manual,1,796.0,19.7,129000.0
Maruti,Alto,2017,40000.0,Petrol,Manual,1,796.0,24.7,254000.0
Ford,Ecosport,2014,48000.0,Diesel,Manual,1,1498.0,21.7,570000.0
Nissan,Terrano,2018,30000.0,Diesel,Manual,1,1461.0,19.87,840000.0
Tata,New,2010,100000.0,Diesel,Manual,2,2179.0,13.93,235000.0
Mahindra,TUV,2016,50000.0,Diesel,Manual,1,1493.0,18.49,700000.0
Hyundai,Santro,2010,40000.0,Petrol,Manual,2,1197.0,19.81,140000.0
Hyundai,Grand,2018,5000.0,Petrol,Manual,1,1197.0,18.9,528000.0
Jeep,Compass,2017,12000.0,Diesel,Manual,1,1956.0,17.1,1500000.0
Mahindra,Bolero,2016,72000.0,Diesel,Manual,1,2523.0,15.96,560000.0
Mahindra,Bolero,2016,70000.0,Diesel,Manual,1,2523.0,15.96,600000.0
Chevrolet,Aveo,2007,50000.0,Petrol,Manual,2,1150.0,15.26,102000.0
Mahindra,XUV500,2014,70000.0,Diesel,Manual,2,2179.0,15.1,750000.0
Chevrolet,Aveo,2010,70000.0,Petrol,Manual,3,1150.0,14.7,148000.0
Maruti,Baleno,2015,50000.0,Petrol,Manual,1,1197.0,21.4,650000.0
Volkswagen,Polo,2012,40000.0,Petrol,Manual,1,1198.0,16.47,310000.0
Hyundai,Xcent,2014,30000.0,Petrol,Manual,1,1197.0,19.1,480000.0
Maruti,Alto,2018,15000.0,Petrol,Manual,1,796.0,24.7,320000.0
Honda,City,2015,40000.0,Petrol,Manual,1,1497.0,17.4,750000.0
Nissan,Micra,2017,40000.0,Petrol,Manual,1,1198.0,19.49,370000.0
Maruti,Swift,2013,60000.0,Petrol,Manual,4,1197.0,18.6,320000.0
Maruti,Swift,2013,67000.0,Petrol,Manual,1,1197.0,18.6,420000.0
Maruti,Swift,2010,60000.0,Petrol,Manual,2,1298.0,17.5,240000.0
Datsun,RediGO,2017,60000.0,Petrol,Manual,1,999.0,22.5,220000.0
Tata,Tiago,2016,30000.0,Petrol,Manual,1,1199.0,23.84,350000.0
Honda,Amaze,2018,40000.0,Diesel,Manual,1,1498.0,25.8,675000.0
Toyota,Etios,2016,50000.0,Petrol,Manual,2,1197.0,18.16,434999.0
Honda,CR-V,2006,200000.0,Petrol,Automatic,3,1997.0,13.1,125000.0
Mahindra,KUV,2016,14000.0,Petrol,Manual,2,1198.0,18.15,400000.0
Chevrolet,Tavera,2015,70000.0,Diesel,Manual,1,2499.0,13.58,425000.0
Maruti,Ritz,2010,94000.0,Diesel,Manual,2,1248.0,21.1,311000.0
Chevrolet,Tavera,2015,197000.0,Diesel,Manual,1,2499.0,13.58,509999.0
Ford,Figo,2015,79000.0,Diesel,Manual,2,1498.0,25.83,530000.0
Skoda,Octavia,2008,120000.0,Diesel,Manual,2,1896.0,18.7,210000.0
Mahindra,Marazzo,2019,30000.0,Diesel,Manual,1,1497.0,17.3,977000.0
Maruti,Wagon,2018,20000.0,Petrol,Manual,1,998.0,20.51,440000.0
Maruti,Wagon,2018,17000.0,Petrol,Manual,1,998.0,20.51,440000.0
Hyundai,i20,2018,20000.0,Petrol,Manual,1,1197.0,18.6,655000.0
Renault,KWID,2016,60000.0,Petrol,Manual,1,799.0,25.17,295000.0
Hyundai,i20,2018,20000.0,Petrol,Manual,1,1197.0,18.6,655000.0
Hyundai,Getz,2007,70000.0,Petrol,Manual,3,1086.0,15.0,65000.0
Tata,Hexa,2017,150000.0,Diesel,Manual,1,2179.0,17.6,1200000.0
Tata,Hexa,2017,35000.0,Diesel,Manual,1,2179.0,17.6,1251000.0
Tata,Indigo,2010,60000.0,Diesel,Manual,1,1396.0,23.03,200000.0
Hyundai,i20,2016,40000.0,Diesel,Manual,1,1396.0,21.19,750000.0
Maruti,Wagon,2018,60000.0,CNG,Manual,1,998.0,26.6,400000.0
Honda,Amaze,2017,57000.0,Petrol,Manual,1,1198.0,17.8,475000.0
Tata,Indigo,2012,120000.0,Diesel,Manual,2,1405.0,17.8,110000.0
Renault,KWID,2017,30000.0,Petrol,Manual,1,999.0,23.01,350000.0
Maruti,Swift,2016,175000.0,Diesel,Manual,1,1248.0,23.4,450000.0
Tata,Indigo,2010,90000.0,Diesel,Manual,1,1405.0,17.0,150000.0
Tata,Indica,2009,110000.0,Diesel,Manual,2,1396.0,17.2,80000.0
Hyundai,i20,2015,35000.0,Petrol,Manual,2,1197.0,18.6,430000.0
Toyota,Innova,2017,81000.0,Diesel,Manual,1,2393.0,13.68,1450000.0
Chevrolet,Cruze,2011,100000.0,Diesel,Manual,1,1991.0,18.3,360000.0
Tata,Hexa,2017,60000.0,Diesel,Automatic,1,2179.0,17.6,1445000.0
Honda,City,2016,60000.0,Diesel,Manual,1,1498.0,26.0,670000.0
Mercedes-Benz,GLA,2016,70000.0,Petrol,Automatic,1,1991.0,13.7,2000000.0
Maruti,Swift,2010,83000.0,Petrol,Manual,2,1197.0,21.21,175000.0
Honda,Amaze,2015,50000.0,Diesel,Manual,1,1498.0,25.8,440000.0
Hyundai,i20,2012,90000.0,Diesel,Manual,1,1396.0,23.0,254999.0
Datsun,GO,2018,65000.0,Petrol,Manual,1,1198.0,19.02,530000.0
Mahindra,XUV500,2016,40000.0,Diesel,Manual,2,1997.0,16.0,890000.0
Volkswagen,Polo,2013,80000.0,Diesel,Manual,2,1199.0,22.07,280000.0
Maruti,Swift,2017,35000.0,Petrol,Automatic,1,1197.0,21.21,725000.0
Mahindra,TUV,2016,30000.0,Diesel,Manual,1,1493.0,18.49,700000.0
Maruti,Zen,2007,70000.0,Petrol,Manual,1,998.0,18.2,90000.0
Hyundai,i10,2015,100000.0,Petrol,Manual,2,1086.0,19.81,287000.0
Hyundai,Creta,2018,55000.0,Petrol,Automatic,1,1591.0,14.8,1380000.0
Toyota,Innova,2013,80000.0,Diesel,Manual,2,2494.0,12.99,750000.0
Hyundai,Verna,2016,40000.0,Petrol,Manual,1,1396.0,17.43,650000.0
Maruti,Wagon,2013,108916.0,Petrol,Manual,2,998.0,20.51,240000.0
Hyundai,EON,2013,40000.0,Petrol,Manual,2,814.0,21.1,290000.0
Hyundai,EON,2014,80000.0,Petrol,Manual,1,814.0,21.1,229999.0
Honda,City,2016,50000.0,Diesel,Manual,2,1498.0,26.0,1000000.0
Hyundai,Santro,2012,90000.0,Petrol,Manual,2,1086.0,17.92,200000.0
Maruti,Alto,2004,70000.0,Petrol,Manual,4,796.0,19.7,90000.0
Hyundai,i20,2012,90000.0,Diesel,Manual,1,1396.0,23.0,330000.0
Maruti,Ritz,2009,70000.0,Diesel,Manual,1,1248.0,21.1,200000.0
Mahindra,KUV,2018,31000.0,Diesel,Manual,1,1198.0,25.32,420000.0
Maruti,Swift,2009,120000.0,Diesel,Manual,2,1248.0,19.3,260000.0
Hyundai,i20,2016,40000.0,Petrol,Manual,1,1197.0,18.6,590000.0
Maruti,Swift,2015,180000.0,Diesel,Manual,1,1248.0,25.2,545000.0
Maruti,Wagon,2011,90000.0,Petrol,Manual,2,998.0,18.9,210000.0
Honda,City,2008,110000.0,Petrol,Manual,2,1497.0,17.7,185000.0
Maruti,Wagon,2006,59000.0,Petrol,Manual,2,998.0,18.9,125000.0
Hyundai,EON,2014,60000.0,Petrol,Manual,2,814.0,21.1,280000.0
Hyundai,Santro,2005,89500.0,Petrol,Manual,1,1197.0,19.81,99000.0
Maruti,Wagon,2005,70000.0,Petrol,Manual,2,998.0,18.9,98000.0
Tata,Indica,2009,190000.0,Diesel,Manual,1,1405.0,17.0,100000.0
Mahindra,Verito,2013,180000.0,Diesel,Manual,1,1461.0,20.8,250000.0
Toyota,Fortuner,2010,150000.0,Diesel,Manual,2,2982.0,11.5,750000.0
Chevrolet,Optra,2007,130000.0,Diesel,Manual,2,1991.0,16.52,160000.0
Hyundai,Verna,2013,120000.0,Diesel,Automatic,2,1582.0,22.32,509999.0
Tata,Indica,2009,80000.0,Diesel,Manual,2,1396.0,17.88,95000.0
Hyundai,Verna,2014,80000.0,Diesel,Manual,2,1582.0,22.32,525000.0
Datsun,RediGO,2017,20000.0,Petrol,Manual,1,999.0,22.5,278000.0
Maruti,800,1997,60000.0,Petrol,Manual,2,796.0,16.1,50000.0
Volkswagen,Polo,2011,120000.0,Diesel,Manual,3,1199.0,22.07,254999.0
Maruti,Swift,2019,10000.0,Petrol,Manual,1,1197.0,21.21,675000.0
Maruti,Swift,2016,147000.0,Diesel,Manual,2,1248.0,26.59,600000.0
Maruti,S-Cross,2018,51000.0,Diesel,Manual,1,1248.0,25.1,950000.0
Honda,City,2007,60000.0,Petrol,Manual,3,1497.0,17.7,229999.0
Toyota,Innova,2009,220000.0,Diesel,Manual,1,2494.0,12.8,600000.0
Maruti,Alto,2017,20000.0,Petrol,Manual,1,796.0,24.7,330000.0
Maruti,Alto,2017,40000.0,Petrol,Manual,1,998.0,23.95,350000.0
Volkswagen,Polo,2016,35000.0,Petrol,Manual,1,1199.0,16.2,560000.0
Maruti,Wagon,2017,30000.0,Petrol,Manual,1,998.0,20.51,440000.0
Maruti,A-Star,2011,90000.0,Petrol,Manual,2,998.0,19.0,220000.0
Maruti,Swift,2017,110000.0,Diesel,Manual,2,1248.0,28.4,750000.0
Mahindra,XUV500,2015,140000.0,Diesel,Manual,1,2179.0,15.1,800000.0
Tata,Indica,2007,104000.0,Diesel,Manual,2,1396.0,17.2,59259.0
Maruti,Baleno,2018,9000.0,Petrol,Automatic,1,1197.0,21.4,740000.0
Maruti,Ignis,2019,19000.0,Petrol,Automatic,2,1197.0,20.89,570000.0
Maruti,Wagon,2017,20000.0,Petrol,Automatic,1,998.0,20.51,430000.0
Maruti,Vitara,2016,70000.0,Diesel,Manual,1,1248.0,24.3,800000.0
Hyundai,Grand,2015,53000.0,Diesel,Manual,1,1120.0,24.0,450000.0
Maruti,Swift,2013,105000.0,Diesel,Manual,2,1248.0,23.4,420000.0
Mahindra,Thar,2015,16000.0,Diesel,Manual,1,2523.0,18.06,750000.0
Maruti,Baleno,2019,7200.0,Petrol,Manual,1,998.0,21.1,780000.0
Volkswagen,Polo,2011,77000.0,Diesel,Manual,2,1199.0,22.07,320000.0
Mahindra,KUV,2017,40000.0,Diesel,Manual,1,1198.0,25.32,690000.0
Maruti,Swift,2012,70000.0,Diesel,Manual,2,1248.0,19.3,375000.0
Ford,Figo,2017,50000.0,Petrol,Manual,1,1196.0,18.12,620000.0
Hyundai,Santro,2015,85000.0,LPG,Manual,1,1086.0,13.45,300000.0
Maruti,Eeco,2016,58000.0,Petrol,Manual,2,1196.0,15.37,370000.0
Mahindra,Thar,2013,85000.0,Diesel,Manual,1,2498.0,16.55,770000.0
Hyundai,Xcent,2014,65000.0,Petrol,Manual,1,1197.0,19.1,500000.0
Mahindra,KUV,2017,120000.0,Diesel,Manual,1,1198.0,25.32,450000.0
Hyundai,Santro,2013,50000.0,Petrol,Manual,2,1086.0,17.92,195000.0
Maruti,Wagon,2018,30000.0,Petrol,Automatic,1,998.0,20.51,472000.0
Maruti,Alto,2014,58000.0,Petrol,Manual,2,998.0,23.95,250000.0
Chevrolet,Beat,2011,70000.0,Diesel,Manual,2,936.0,25.44,165000.0
Tata,Zest,2018,110000.0,Diesel,Manual,2,1248.0,20.65,525000.0
Maruti,Wagon,2003,65000.0,Petrol,Manual,3,998.0,18.9,145000.0
Tata,Indica,2013,100000.0,Diesel,Manual,1,1248.0,22.3,325000.0
Mahindra,Bolero,2017,60000.0,Diesel,Manual,2,1493.0,16.5,660000.0
Ford,Classic,2014,90000.0,Diesel,Manual,2,1399.0,19.68,310000.0
Mahindra,Bolero,2008,200000.0,Diesel,Manual,1,2523.0,13.6,250000.0
Ford,Classic,2014,100000.0,Diesel,Manual,2,1399.0,19.68,330000.0
Ford,Figo,2012,80000.0,Diesel,Manual,2,1399.0,20.0,250000.0
Mahindra,NuvoSport,2017,60000.0,Diesel,Automatic,1,1493.0,17.45,650000.0
Maruti,Alto,2016,40000.0,Petrol,Manual,1,998.0,23.95,305000.0
Maruti,Ciaz,2015,50000.0,Diesel,Manual,1,1248.0,26.21,600000.0
Maruti,Wagon,2015,110000.0,Petrol,Manual,1,998.0,20.51,280000.0
Tata,Indigo,2011,50000.0,Diesel,Manual,2,1396.0,23.57,153000.0
Mahindra,TUV,2018,30000.0,Diesel,Manual,1,1493.0,18.49,700000.0
Renault,KWID,2017,40000.0,Petrol,Manual,1,799.0,25.17,325000.0
Maruti,Alto,2016,40000.0,Petrol,Manual,1,998.0,23.95,305000.0
Maruti,800,2006,70000.0,Petrol,Manual,2,796.0,16.1,155000.0
Maruti,Alto,2012,80000.0,Petrol,Manual,3,998.0,20.92,235000.0
Tata,Indica,2005,100000.0,Diesel,Manual,4,1396.0,18.8,60000.0
Maruti,Swift,2016,15000.0,Petrol,Manual,1,1197.0,20.4,500000.0
Mahindra,Bolero,2004,150000.0,Diesel,Manual,2,2523.0,13.6,120000.0
Maruti,Estilo,2009,63000.0,Petrol,Manual,3,1197.0,21.21,155000.0
Skoda,Rapid,2016,88000.0,Diesel,Automatic,1,1498.0,21.66,675000.0
Toyota,Innova,2014,80000.0,Diesel,Manual,1,2494.0,12.99,950000.0
Mahindra,XUV500,2018,59865.0,Diesel,Manual,1,2179.0,15.1,1051000.0
Volkswagen,Polo,2016,60000.0,Diesel,Manual,1,1498.0,21.49,591000.0
Hyundai,i20,2015,72000.0,Diesel,Manual,1,1396.0,22.54,585000.0
Honda,City,2017,68140.0,Petrol,Automatic,1,1497.0,18.0,1025000.0
Maruti,Swift,2014,53190.0,Diesel,Manual,1,1248.0,28.4,450000.0
Hyundai,i20,2014,70100.0,Diesel,Manual,1,1396.0,22.54,484999.0
Honda,Jazz,2018,47725.0,Diesel,Manual,1,1498.0,27.3,650000.0
Maruti,Swift,2014,70195.0,Diesel,Manual,2,1248.0,28.4,434999.0
Ford,Figo,2011,77395.0,Diesel,Manual,2,1399.0,20.0,195000.0
Mahindra,Marazzo,2019,17000.0,Diesel,Manual,1,1497.0,17.3,1000000.0
Hyundai,Elantra,2013,64000.0,Diesel,Automatic,1,1498.0,14.62,650000.0
Chevrolet,Beat,2014,74321.0,Diesel,Manual,1,936.0,25.44,190000.0
Maruti,Swift,2013,80235.0,Diesel,Manual,2,1248.0,28.4,409999.0
Hyundai,Creta,2016,77150.0,Diesel,Automatic,1,1582.0,17.01,1050000.0
Volkswagen,Vento,2015,69000.0,Diesel,Automatic,1,1498.0,22.15,651000.0
Maruti,SX4,2015,57000.0,Diesel,Manual,1,1248.0,23.65,650000.0
Skoda,Rapid,2017,89000.0,Diesel,Manual,1,1498.0,21.14,750000.0
Volkswagen,Passat,2012,61100.0,Diesel,Automatic,1,1968.0,14.3,799000.0
Skoda,Octavia,2010,116000.0,Diesel,Manual,1,1896.0,18.7,355000.0
Hyundai,Verna,2015,80000.0,Diesel,Manual,1,1582.0,23.9,600000.0
Maruti,Swift,2018,26000.0,Diesel,Manual,1,1248.0,28.4,685000.0
Maruti,Swift,2018,100000.0,Diesel,Manual,1,1248.0,28.4,509999.0
Maruti,Alto,2012,82300.0,CNG,Manual,2,796.0,26.83,150000.0
Maruti,Swift,2017,82050.0,Diesel,Manual,1,1248.0,19.3,650000.0
Toyota,Etios,2012,74500.0,Diesel,Manual,1,2494.0,12.99,400000.0
Mahindra,XUV500,2012,120000.0,Diesel,Manual,2,2179.0,15.1,675000.0
Renault,KWID,2018,30000.0,Petrol,Automatic,1,999.0,24.04,319000.0
Honda,Amaze,2019,6000.0,Petrol,Manual,1,1199.0,19.5,640000.0
Hyundai,i20,2017,30000.0,Petrol,Manual,1,1197.0,18.6,650000.0
Maruti,Ertiga,2015,70000.0,Diesel,Manual,1,1248.0,20.77,650000.0
Maruti,Alto,2010,70000.0,CNG,Manual,2,796.0,26.83,155000.0
Maruti,Ertiga,2015,70000.0,Diesel,Manual,1,1248.0,20.77,650000.0
Maruti,Swift,2008,120000.0,Diesel,Manual,1,1248.0,17.8,175000.0
Hyundai,Grand,2014,76000.0,Diesel,Manual,3,1120.0,24.0,375000.0
Hyundai,Grand,2014,80000.0,Diesel,Manual,2,1120.0,24.0,430000.0
Tata,Indica,2008,110000.0,Diesel,Manual,2,1396.0,17.2,65000.0
Hyundai,Accent,2009,70000.0,Petrol,Manual,3,1495.0,13.2,150000.0
Hyundai,i20,2019,13000.0,Petrol,Manual,1,1197.0,17.19,620000.0
Ford,Classic,2013,60000.0,Petrol,Manual,2,1596.0,14.09,250000.0
Maruti,Ritz,2011,165000.0,Diesel,Manual,1,1248.0,21.1,275000.0
Chevrolet,Tavera,2013,120000.0,Diesel,Manual,2,2499.0,13.58,454000.0
Mahindra,TUV,2017,30000.0,Diesel,Manual,2,1493.0,18.49,600000.0
Volkswagen,Vento,2011,100000.0,Diesel,Manual,2,1598.0,20.54,400000.0
Mahindra,Renault,2007,187000.0,Diesel,Manual,2,1461.0,19.2,180000.0
Maruti,Vitara,2016,70000.0,Diesel,Manual,1,1248.0,24.3,750000.0
Maruti,Swift,2016,40000.0,Petrol,Manual,1,1197.0,20.4,500000.0
Audi,Q3,2017,22000.0,Diesel,Automatic,1,1968.0,15.73,2825000.0
Honda,Civic,2020,5500.0,Diesel,Manual,1,1597.0,26.8,2125000.0
BMW,X1,2018,18000.0,Diesel,Automatic,1,1998.0,19.62,3350000.0
Honda,Jazz,2019,1500.0,Petrol,Automatic,1,1199.0,18.2,840000.0
Honda,Mobilio,2015,46000.0,Diesel,Manual,1,1498.0,24.5,1000000.0
Maruti,Baleno,2017,24400.0,Diesel,Manual,1,1248.0,27.39,740000.0
Volkswagen,Vento,2018,29899.0,Diesel,Automatic,1,1498.0,22.15,1290000.0
Toyota,Innova,2018,20000.0,Diesel,Automatic,1,2755.0,11.36,1800000.0
Hyundai,Grand,2020,2000.0,Petrol,Manual,1,1197.0,20.7,775000.0
Renault,Lodgy,2017,34000.0,Diesel,Manual,1,1461.0,21.04,695000.0
Hyundai,Elite,2018,31000.0,Petrol,Automatic,1,1197.0,17.4,730000.0
Chevrolet,Trailblazer,2016,46000.0,Diesel,Automatic,2,2776.0,11.45,1295000.0
Isuzu,MU,2016,121000.0,Diesel,Automatic,1,2999.0,12.08,1160000.0
Mercedes-Benz,GLC,2017,60000.0,Diesel,Automatic,1,1950.0,0.0,3300000.0
Hyundai,Santro,2018,7000.0,Petrol,Manual,1,1086.0,20.3,540000.0
Maruti,Celerio,2016,10000.0,Petrol,Automatic,1,998.0,23.1,434999.0
Mercedes-Benz,GL-Class,2018,6000.0,Diesel,Automatic,1,2143.0,17.9,4600000.0
Force,Gurkha,2018,20000.0,Diesel,Manual,1,2596.0,17.0,910000.0
Hyundai,Creta,2015,59235.0,Diesel,Manual,1,1582.0,19.67,850000.0
BMW,X4,2019,21000.0,Diesel,Automatic,1,1995.0,16.78,5800000.0
Honda,Amaze,2014,48000.0,Diesel,Manual,1,1498.0,25.8,520000.0
Mahindra,Xylo,2018,114000.0,Diesel,Manual,1,2489.0,14.95,650000.0
Maruti,Swift,2011,120000.0,Diesel,Manual,2,1248.0,19.3,430000.0
Hyundai,i20,2013,144000.0,Diesel,Manual,1,1396.0,21.9,360000.0
Hyundai,i20,2013,144000.0,Diesel,Manual,1,1396.0,21.9,350000.0
Maruti,Vitara,2016,190000.0,Diesel,Manual,1,1248.0,24.3,791000.0
Toyota,Innova,2015,190000.0,Diesel,Manual,2,2494.0,12.99,950000.0
Maruti,Swift,2019,20000.0,Diesel,Manual,1,1248.0,28.4,690000.0
Hyundai,Verna,2017,40000.0,Diesel,Manual,2,1582.0,22.0,860000.0
Maruti,Swift,2012,100000.0,Diesel,Manual,1,1248.0,19.3,371000.0
Tata,Indica,2008,60000.0,Diesel,Manual,2,1405.0,16.8,45000.0
Ford,Fiesta,2006,201000.0,Diesel,Manual,1,1399.0,17.8,55000.0
Volkswagen,Vento,2011,110000.0,Diesel,Manual,1,1598.0,20.54,240000.0
Maruti,Swift,2014,77215.0,Diesel,Manual,2,1248.0,25.2,495000.0
Maruti,Swift,2005,50000.0,Petrol,Manual,1,1197.0,21.21,170000.0
Honda,Jazz,2015,48228.0,Petrol,Manual,1,1199.0,18.7,671000.0
Maruti,Swift,2017,58559.0,Diesel,Manual,1,1248.0,25.2,693000.0
Maruti,Swift,2010,72179.0,Diesel,Manual,1,1197.0,21.21,352000.0
Honda,City,2016,50856.0,Diesel,Manual,1,1498.0,26.0,802999.0
Honda,City,2017,18300.0,Petrol,Manual,1,1497.0,17.8,890000.0
Maruti,Swift,2015,59292.0,Diesel,Manual,1,1248.0,28.4,495000.0
Maruti,Celerio,2018,10000.0,Petrol,Automatic,1,998.0,23.1,545000.0
Maruti,Baleno,2018,21147.0,Petrol,Automatic,1,1197.0,21.4,775000.0
Honda,City,2017,69000.0,Diesel,Manual,1,1498.0,25.6,925000.0
Mahindra,Marazzo,2019,10000.0,Diesel,Manual,1,1497.0,17.3,1450000.0
Maruti,Swift,2018,16000.0,Diesel,Automatic,1,1248.0,28.4,790000.0
Toyota,Innova,2017,36000.0,Diesel,Manual,1,2393.0,13.68,1789999.0
Maruti,Baleno,2017,37000.0,Petrol,Manual,1,1197.0,21.01,620000.0
Maruti,Celerio,2016,61173.0,Diesel,Manual,1,793.0,27.62,375000.0
Maruti,Swift,2016,77321.0,Diesel,Manual,1,1197.0,21.21,595000.0
Audi,A4,2016,30000.0,Diesel,Automatic,1,1968.0,18.25,2450000.0
Mahindra,XUV500,2014,75000.0,Diesel,Manual,1,2179.0,15.1,850000.0
Maruti,Baleno,2017,51000.0,Petrol,Automatic,1,1197.0,19.56,750000.0
Maruti,Baleno,2018,17000.0,Petrol,Manual,1,1197.0,21.01,775000.0
Maruti,Swift,2008,100000.0,Diesel,Manual,2,1248.0,17.8,260000.0
Audi,A6,2013,35000.0,Diesel,Automatic,2,1968.0,17.68,2000000.0
Hyundai,EON,2017,10000.0,Petrol,Manual,1,814.0,21.1,300000.0
Mahindra,XUV500,2016,91567.0,Diesel,Automatic,3,2179.0,16.0,1300000.0
Maruti,Celerio,2017,50000.0,Petrol,Manual,1,998.0,23.1,380000.0
Hyundai,Grand,2017,60000.0,Petrol,Manual,1,1197.0,18.9,480000.0
Maruti,Alto,2016,35000.0,Petrol,Manual,2,796.0,22.74,240000.0
Hyundai,Verna,2014,33400.0,Petrol,Manual,1,1396.0,17.43,500000.0
Maruti,Swift,2015,36000.0,Petrol,Manual,1,1197.0,20.4,420000.0
Ford,Figo,2011,180000.0,Diesel,Manual,2,1399.0,20.0,130000.0
Maruti,Alto,2012,80000.0,Petrol,Manual,1,998.0,20.92,110000.0
Maruti,Alto,2007,120000.0,Petrol,Manual,2,796.0,19.7,120000.0
Maruti,Swift,2017,80000.0,Diesel,Automatic,1,1248.0,28.4,700000.0
Maruti,Swift,2018,120000.0,Diesel,Manual,1,1248.0,28.4,550000.0
Tata,Indigo,2014,110000.0,Diesel,Manual,2,1405.0,19.09,190000.0
Toyota,Etios,2018,70000.0,Diesel,Manual,1,1364.0,23.59,665000.0
Mahindra,Xylo,2014,120000.0,Diesel,Manual,2,2489.0,14.95,445000.0
Hyundai,i20,2012,92686.0,Diesel,Manual,2,1396.0,21.9,340000.0
Hyundai,Sonata,2009,180000.0,Diesel,Manual,1,1991.0,13.6,330000.0
Tata,Manza,2012,80000.0,Diesel,Manual,1,1248.0,21.02,270000.0
Mahindra,XUV500,2015,70000.0,Diesel,Automatic,1,2179.0,16.0,1044999.0
Maruti,Swift,2009,117000.0,Diesel,Manual,1,1248.0,17.8,279000.0
Ford,Aspire,2018,15000.0,Petrol,Manual,1,1194.0,20.4,620000.0
Skoda,Octavia,2007,100000.0,Diesel,Manual,2,1896.0,16.6,250000.0
Hyundai,Verna,2012,83000.0,Petrol,Automatic,1,1591.0,15.74,475000.0
Chevrolet,Cruze,2016,67600.0,Diesel,Automatic,1,1998.0,14.81,750000.0
Mitsubishi,Pajero,2015,160000.0,Diesel,Manual,2,2477.0,13.5,1250000.0
Hyundai,EON,2014,80000.0,Petrol,Manual,2,814.0,21.1,250000.0
Honda,Amaze,2013,100000.0,Diesel,Manual,1,1498.0,25.8,445000.0
Volkswagen,Jetta,2010,100000.0,Diesel,Manual,1,1896.0,15.0,400000.0
Hyundai,i20,2010,90000.0,Diesel,Manual,2,1396.0,23.0,350000.0
Skoda,Rapid,2012,140000.0,Diesel,Manual,1,1598.0,20.5,295000.0
Maruti,Swift,2018,25000.0,Petrol,Manual,1,1197.0,21.21,600000.0
Toyota,Innova,2018,20000.0,Diesel,Manual,1,2393.0,13.68,1650000.0
Maruti,800,2012,30000.0,Petrol,Manual,1,796.0,16.1,100000.0
Ford,Aspire,2018,13000.0,Petrol,Manual,1,1194.0,20.4,690000.0
Hyundai,i20,2018,42000.0,Petrol,Manual,1,1197.0,18.6,710000.0
Hyundai,EON,2018,10000.0,Petrol,Manual,2,998.0,20.3,350000.0
Maruti,Alto,2012,13000.0,Petrol,Manual,1,998.0,20.92,220000.0
Renault,Triber,2019,6500.0,Petrol,Manual,1,999.0,20.0,700000.0
Hyundai,EON,2013,49500.0,Petrol,Manual,2,814.0,21.1,198000.0
Hyundai,i20,2011,50000.0,Diesel,Manual,1,1396.0,23.0,350000.0
Tata,Indigo,2011,175000.0,Diesel,Manual,2,1396.0,23.57,210000.0
Tata,Indigo,2011,175000.0,Diesel,Manual,2,1396.0,23.03,210000.0
Hyundai,Accent,2003,120000.0,Petrol,Manual,3,1197.0,19.81,70000.0
Maruti,Ritz,2014,110000.0,Diesel,Manual,3,1248.0,23.2,375000.0
Maruti,Swift,2012,112048.0,Petrol,Manual,2,1298.0,17.5,380000.0
Honda,City,2010,98000.0,Petrol,Manual,3,1497.0,17.0,360000.0
Mahindra,XUV500,2015,41000.0,Diesel,Manual,1,2179.0,15.1,944999.0
Chevrolet,Tavera,2016,120000.0,Diesel,Manual,1,2499.0,13.58,620000.0
Toyota,Platinum,2018,116000.0,Diesel,Manual,1,1364.0,23.59,780000.0
Maruti,Swift,2020,1000.0,Petrol,Manual,1,1197.0,21.21,445000.0
Hyundai,Xcent,2018,15000.0,Petrol,Automatic,1,1197.0,17.36,575000.0
Maruti,S-Cross,2018,5000.0,Diesel,Manual,1,1248.0,25.1,975000.0
Tata,Tiago,2019,3500.0,Petrol,Manual,1,1199.0,23.84,450000.0
Maruti,Swift,2009,91000.0,Petrol,Manual,2,1197.0,21.21,198000.0
Ford,Figo,2017,56000.0,Diesel,Manual,1,1498.0,25.83,495000.0
Toyota,Innova,2013,215000.0,Diesel,Manual,1,2494.0,12.99,830000.0
Mahindra,XUV500,2012,40000.0,Diesel,Manual,1,2179.0,15.1,800000.0
Maruti,Swift,2010,70000.0,Diesel,Manual,3,1197.0,21.21,300000.0
Maruti,Ritz,2013,120000.0,Diesel,Manual,2,1248.0,23.2,300000.0
Mahindra,Scorpio,2003,120000.0,Diesel,Manual,2,2179.0,10.5,200000.0
Honda,Brio,2017,30400.0,Petrol,Manual,1,1198.0,18.5,480000.0
Honda,BR-V,2017,24000.0,Diesel,Manual,1,1498.0,21.9,950000.0
Honda,BR-V,2017,30646.0,Petrol,Manual,1,1497.0,15.4,840000.0
Hyundai,Verna,2017,15000.0,Diesel,Manual,1,1582.0,23.9,800000.0
Volkswagen,Vento,2017,50000.0,Diesel,Manual,1,1498.0,22.27,750000.0
Hyundai,EON,2017,34000.0,Petrol,Manual,1,814.0,21.1,254999.0
Maruti,Ertiga,2016,54000.0,Diesel,Manual,2,1248.0,24.52,725000.0
Mercedes-Benz,B,2016,40000.0,Diesel,Automatic,2,2143.0,19.7,1859000.0
Chevrolet,Beat,2012,120000.0,Petrol,Manual,1,1199.0,18.6,145000.0
Tata,Nexon,2018,15000.0,Petrol,Manual,1,1198.0,17.0,750000.0
Volkswagen,Ameo,2017,50000.0,Diesel,Automatic,1,1498.0,22.0,655000.0
Ford,Figo,2011,84000.0,Diesel,Manual,2,1399.0,20.0,210000.0
Honda,City,2011,50000.0,Petrol,Manual,1,1497.0,17.0,450000.0
Hyundai,Santro,2019,25000.0,Petrol,Automatic,4,1086.0,20.3,466000.0
Ford,Figo,2018,14681.0,Diesel,Manual,1,1497.0,20.0,624000.0
Ford,Figo,2015,52000.0,Diesel,Manual,1,1498.0,25.83,580000.0
Hyundai,Santro,2019,18500.0,Petrol,Manual,1,1086.0,20.3,430000.0
Tata,Indigo,2012,50000.0,Diesel,Manual,1,1396.0,23.03,155000.0
Datsun,RediGO,2017,35000.0,Petrol,Manual,1,999.0,22.5,240000.0
Toyota,Etios,2016,15500.0,Petrol,Manual,1,1496.0,16.78,540000.0
Tata,Indigo,2013,120000.0,Diesel,Manual,1,1396.0,19.09,250000.0
Tata,Indigo,2012,60000.0,Diesel,Manual,1,1396.0,25.0,260000.0
Mahindra,Scorpio,2011,80000.0,Diesel,Manual,2,2179.0,12.05,550000.0
Ford,Ecosport,2014,43011.0,Petrol,Manual,1,999.0,18.88,550000.0
Renault,Duster,2015,136000.0,Diesel,Manual,1,1461.0,19.01,600000.0
Ford,Figo,2017,15000.0,Diesel,Manual,1,1498.0,25.83,550000.0
Mahindra,Bolero,2011,110000.0,Diesel,Manual,2,2523.0,13.6,370000.0
Hyundai,i10,2008,100000.0,Petrol,Manual,2,1086.0,19.81,250000.0
Maruti,Alto,2005,70000.0,Petrol,Manual,4,796.0,19.7,125000.0
Tata,Indica,2010,110000.0,Diesel,Manual,1,1405.0,17.0,200000.0
Honda,WR-V,2017,127991.0,Diesel,Manual,1,1498.0,25.5,675000.0
Mitsubishi,Lancer,1999,198000.0,Diesel,Manual,2,1998.0,14.8,150000.0
Tata,Indigo,2010,65000.0,Petrol,Manual,1,1193.0,15.64,290000.0
Maruti,Esteem,2002,90000.0,Petrol,Manual,3,1197.0,21.21,95000.0
Maruti,Ciaz,2018,20000.0,Diesel,Manual,1,1248.0,28.09,889000.0
Volkswagen,Ameo,2016,60000.0,Petrol,Manual,1,1198.0,17.0,400000.0
Renault,KWID,2018,13120.0,Petrol,Manual,1,799.0,25.17,390000.0
Jeep,Compass,2017,87500.0,Diesel,Manual,1,1956.0,17.1,1550000.0
Hyundai,Verna,2014,125000.0,Diesel,Manual,1,1582.0,22.32,600000.0
Hyundai,Elite,2018,25000.0,Petrol,Automatic,1,1197.0,17.4,800000.0
Maruti,Ertiga,2013,120000.0,Diesel,Manual,3,1248.0,20.77,600000.0
Hyundai,Verna,2015,35000.0,Petrol,Manual,1,1591.0,17.01,795000.0
Hyundai,i20,2016,25000.0,Diesel,Manual,1,1396.0,22.54,735000.0
Skoda,Octavia,2005,120000.0,Diesel,Manual,3,1896.0,16.4,250000.0
Renault,KWID,2018,25000.0,Petrol,Automatic,1,999.0,24.04,400000.0
Hyundai,Accent,2005,79000.0,Diesel,Manual,2,1493.0,13.1,130000.0
Renault,Lodgy,2015,125000.0,Diesel,Manual,1,1461.0,21.04,600000.0
Mahindra,Xylo,2014,140000.0,Diesel,Manual,1,2489.0,14.0,395000.0
Hyundai,i20,2016,80000.0,Diesel,Manual,1,1396.0,21.19,720000.0
Honda,City,2011,110000.0,Petrol,Manual,3,1497.0,16.8,450000.0
Ford,Figo,2018,25000.0,Petrol,Manual,1,1196.0,18.16,700000.0
Honda,Mobilio,2015,46000.0,Diesel,Manual,1,1498.0,24.5,1000000.0
Hyundai,Santro,2020,1000.0,Petrol,Manual,1,1086.0,20.3,500000.0
Maruti,800,2007,60000.0,Petrol,Manual,2,796.0,16.1,125000.0
Renault,Lodgy,2015,80000.0,Diesel,Manual,1,1461.0,21.04,690000.0
Jeep,Compass,2017,120000.0,Diesel,Manual,1,1956.0,17.1,1550000.0
Tata,Indica,2013,110000.0,Petrol,Manual,2,1193.0,15.3,170000.0
Fiat,Linea,2010,110000.0,Diesel,Manual,3,1248.0,20.4,275000.0
Toyota,Innova,2007,200000.0,Diesel,Manual,3,2494.0,12.8,500000.0
Volkswagen,Jetta,2013,80000.0,Diesel,Manual,2,1968.0,19.33,950000.0
Maruti,Swift,2019,24000.0,Diesel,Manual,1,1248.0,28.4,802999.0
Maruti,Swift,2013,150000.0,Diesel,Manual,1,1248.0,23.4,470000.0
Renault,KWID,2015,60000.0,Petrol,Manual,1,799.0,25.17,300000.0
Renault,Duster,2014,116000.0,Diesel,Manual,1,1461.0,19.01,600000.0
Ford,Figo,2013,104300.0,Diesel,Manual,1,1399.0,20.0,275000.0
Mahindra,KUV,2018,30000.0,Diesel,Manual,1,1198.0,25.32,700000.0
Mercedes-Benz,GL-Class,2014,33000.0,Diesel,Automatic,1,2987.0,11.3,3250000.0
Volkswagen,Ameo,2020,25000.0,Diesel,Manual,1,1498.0,21.66,800000.0
Audi,A6,2014,60000.0,Diesel,Automatic,1,1968.0,17.68,2200000.0
Hyundai,Verna,2007,121000.0,Diesel,Manual,2,1493.0,18.1,245000.0
Hyundai,Verna,2010,120000.0,Diesel,Manual,2,1493.0,16.8,310000.0
Hyundai,Verna,2007,120000.0,Diesel,Manual,2,1493.0,18.1,245000.0
Volkswagen,Polo,2011,110000.0,Petrol,Manual,1,1198.0,16.47,450000.0
Volkswagen,Jetta,2013,84000.0,Diesel,Automatic,2,1968.0,16.96,850000.0
Honda,CR-V,2004,120000.0,Petrol,Automatic,3,2354.0,10.1,325000.0
Maruti,Swift,2013,100000.0,Diesel,Manual,3,1248.0,22.9,409999.0
Volvo,XC60,2018,50000.0,Diesel,Automatic,1,1969.0,11.2,5500000.0
Hyundai,Creta,2015,73500.0,Diesel,Manual,1,1582.0,19.67,1000000.0
Hyundai,Xcent,2016,34000.0,Diesel,Manual,2,1120.0,24.4,590000.0
Nissan,Kicks,2019,23000.0,Diesel,Manual,1,1461.0,20.45,1200000.0
Ford,Fiesta,2008,163000.0,Diesel,Manual,3,1399.0,17.8,175000.0
Chevrolet,Optra,2011,119000.0,Diesel,Manual,2,1991.0,16.52,300000.0
Toyota,Innova,2017,50000.0,Diesel,Automatic,1,2755.0,11.36,2175000.0
Honda,City,2019,10500.0,Diesel,Manual,1,1498.0,25.6,1110000.0
Mitsubishi,Lancer,2000,280000.0,Diesel,Manual,2,1998.0,14.8,150000.0
Volkswagen,Vento,2013,155000.0,Diesel,Manual,2,1598.0,20.54,325000.0
Ford,Fiesta,2010,163000.0,Diesel,Manual,1,1399.0,17.8,325000.0
Honda,City,2008,75000.0,Petrol,Manual,1,1497.0,17.7,280000.0
Maruti,Estilo,2008,56000.0,Petrol,Manual,3,1197.0,21.21,160000.0
Honda,City,2016,80000.0,Diesel,Manual,1,1498.0,26.0,765000.0
Honda,City,2014,120000.0,Diesel,Manual,2,1498.0,26.0,640000.0
Tata,Indica,2007,120000.0,Diesel,Manual,3,1396.0,17.88,65000.0
Skoda,Octavia,2007,175000.0,Diesel,Manual,2,1896.0,18.7,195000.0
Maruti,Alto,2017,15000.0,Petrol,Manual,1,796.0,24.7,295000.0
Maruti,Swift,2012,100000.0,Diesel,Manual,2,1248.0,23.4,625000.0
Maruti,Wagon,2009,80000.0,Petrol,Manual,2,998.0,18.9,160000.0
Maruti,Celerio,2015,84000.0,Petrol,Manual,2,998.0,23.1,330000.0
Ford,Figo,2010,50000.0,Petrol,Manual,2,1196.0,15.6,180000.0
Fiat,Palio,2003,50000.0,Petrol,Manual,2,1248.0,20.3,70000.0
Maruti,Omni,2012,35000.0,Petrol,Manual,2,796.0,14.0,150000.0
Hyundai,i10,2011,30000.0,Petrol,Manual,1,1086.0,19.81,300000.0
Hyundai,i20,2018,2388.0,Petrol,Manual,1,1197.0,18.6,730000.0
Maruti,Vitara,2017,16200.0,Diesel,Manual,1,1248.0,24.3,650000.0
Maruti,Alto,2019,10000.0,CNG,Manual,2,796.0,33.44,330000.0
Maruti,Alto,2019,15000.0,Petrol,Manual,1,998.0,23.95,366000.0
Hyundai,Verna,2019,5000.0,Petrol,Manual,1,1591.0,17.0,1149000.0
Datsun,GO,2016,42000.0,Petrol,Manual,1,1198.0,20.63,150000.0
Hyundai,Santro,2013,120000.0,Petrol,Manual,2,1086.0,17.92,187000.0
Tata,Safari,2011,60000.0,Diesel,Manual,2,2179.0,13.93,425000.0
Maruti,800,2012,76000.0,Petrol,Manual,1,796.0,16.1,150000.0
Ford,Aspire,2018,15000.0,Petrol,Manual,1,1194.0,20.4,620000.0
Skoda,Octavia,2007,100000.0,Diesel,Manual,2,1896.0,16.6,250000.0
Hyundai,Verna,2012,83000.0,Petrol,Automatic,1,1591.0,15.74,475000.0
Chevrolet,Cruze,2016,67600.0,Diesel,Automatic,1,1998.0,14.81,750000.0
Mitsubishi,Pajero,2015,160000.0,Diesel,Manual,2,2477.0,13.5,1250000.0
Hyundai,EON,2014,80000.0,Petrol,Manual,2,814.0,21.1,250000.0
Honda,Amaze,2013,100000.0,Diesel,Manual,1,1498.0,25.8,445000.0
Volkswagen,Jetta,2010,100000.0,Diesel,Manual,1,1896.0,15.0,400000.0
Hyundai,i20,2010,90000.0,Diesel,Manual,2,1396.0,23.0,350000.0
Skoda,Rapid,2012,140000.0,Diesel,Manual,1,1598.0,20.5,295000.0
Maruti,Swift,2018,25000.0,Petrol,Manual,1,1197.0,21.21,600000.0
Toyota,Innova,2018,20000.0,Diesel,Manual,1,2393.0,13.68,1650000.0
Maruti,800,2012,30000.0,Petrol,Manual,1,796.0,16.1,100000.0
Ford,Aspire,2018,13000.0,Petrol,Manual,1,1194.0,20.4,690000.0
Hyundai,i20,2018,42000.0,Petrol,Manual,1,1197.0,18.6,710000.0
Hyundai,EON,2018,10000.0,Petrol,Manual,2,998.0,20.3,350000.0
Maruti,Alto,2012,13000.0,Petrol,Manual,1,998.0,20.92,220000.0
Renault,Triber,2019,6500.0,Petrol,Manual,1,999.0,20.0,700000.0
Hyundai,EON,2013,49500.0,Petrol,Manual,2,814.0,21.1,198000.0
Hyundai,i20,2011,50000.0,Diesel,Manual,1,1396.0,23.0,350000.0
Maruti,Baleno,2016,35000.0,Petrol,Manual,2,1197.0,21.4,650000.0
Mahindra,Verito,2015,120000.0,Diesel,Manual,2,1461.0,21.03,380000.0
Tata,Zest,2014,50000.0,Petrol,Manual,2,1193.0,17.57,360000.0
Skoda,Rapid,2012,116000.0,Petrol,Manual,1,1598.0,15.0,385000.0
Hyundai,Verna,2012,110000.0,Diesel,Manual,2,1582.0,22.32,590000.0
Mahindra,XUV500,2013,70000.0,Diesel,Manual,2,2179.0,15.1,750000.0
Fiat,Grande,2011,100000.0,Diesel,Manual,3,1248.0,20.3,254999.0
Hyundai,Grand,2015,20000.0,Petrol,Manual,1,1197.0,18.9,499000.0
Maruti,Swift,2018,60000.0,Diesel,Automatic,1,1248.0,28.4,730000.0
Honda,Jazz,2016,30000.0,Diesel,Manual,2,1498.0,27.3,650000.0
Renault,Pulse,2012,75000.0,Diesel,Manual,1,1461.0,23.08,220000.0
Maruti,Swift,2006,110000.0,Petrol,Manual,3,1197.0,21.21,229999.0
Maruti,Swift,2006,90000.0,Petrol,Manual,4,1197.0,21.21,215000.0
Tata,Indica,2006,110000.0,Diesel,Manual,3,1405.0,16.8,100000.0
Hyundai,Accent,2004,120000.0,Petrol,Manual,4,1599.0,14.4,110000.0
Tata,Indica,2009,48000.0,Diesel,Manual,2,1405.0,17.0,152000.0
Maruti,Ignis,2020,5000.0,Petrol,Automatic,1,1197.0,20.89,600000.0
Chevrolet,Tavera,2016,120000.0,Diesel,Manual,1,2499.0,13.58,620000.0
Toyota,Platinum,2018,116000.0,Diesel,Manual,1,1364.0,23.59,780000.0
Maruti,Swift,2020,1000.0,Petrol,Manual,1,1197.0,21.21,445000.0
Hyundai,Xcent,2018,15000.0,Petrol,Automatic,1,1197.0,17.36,575000.0
Maruti,S-Cross,2018,5000.0,Diesel,Manual,1,1248.0,25.1,975000.0
Tata,Tiago,2019,3500.0,Petrol,Manual,1,1199.0,23.84,450000.0
Ford,Figo,2015,80000.0,Diesel,Manual,1,1498.0,25.83,480000.0
Maruti,Omni,2008,48676.0,Petrol,Manual,1,796.0,19.7,110000.0
Hyundai,Santro,2006,60000.0,Petrol,Manual,3,1197.0,19.81,105000.0
BMW,6,2018,30000.0,Diesel,Automatic,1,2993.0,17.09,5830000.0
Hyundai,i20,2014,72000.0,Petrol,Manual,1,1197.0,18.6,415000.0
Maruti,Swift,2015,51000.0,Petrol,Manual,1,1197.0,22.0,475000.0
Maruti,Ignis,2017,29000.0,Petrol,Manual,1,1197.0,20.89,525000.0
Maruti,Wagon,2015,28000.0,Petrol,Manual,1,1197.0,20.52,365000.0
Maruti,Swift,2011,97000.0,Diesel,Manual,1,1248.0,25.2,375000.0
Maruti,Swift,2018,59000.0,Diesel,Manual,1,1248.0,28.4,765000.0
Maruti,Swift,2019,27000.0,Diesel,Manual,1,1248.0,28.4,770000.0
Renault,KWID,2018,30000.0,Petrol,Manual,1,799.0,25.17,350000.0
Mahindra,Scorpio,2015,70000.0,Diesel,Manual,1,1997.0,15.4,875000.0
Mahindra,XUV500,2014,69000.0,Diesel,Manual,1,2179.0,15.1,780000.0
Maruti,S-Cross,2018,15000.0,Diesel,Manual,1,1248.0,25.1,990000.0
Maruti,Swift,2019,35700.0,Diesel,Manual,1,1248.0,28.4,800000.0
Hyundai,Verna,2012,120000.0,Diesel,Manual,3,1582.0,22.32,350000.0
Volkswagen,Polo,2013,120000.0,Diesel,Manual,1,1199.0,22.07,325000.0
Volkswagen,Polo,2013,80000.0,Diesel,Manual,1,1199.0,22.07,360000.0
Maruti,Alto,2010,120000.0,Petrol,Manual,1,998.0,20.92,148000.0
Maruti,Baleno,2017,36000.0,Diesel,Manual,1,1248.0,27.39,670000.0
Toyota,Etios,2014,120000.0,Diesel,Manual,1,1364.0,23.59,430999.0
Maruti,Omni,2017,9000.0,Petrol,Manual,1,796.0,16.8,260000.0
Tata,Nano,2012,50000.0,Petrol,Manual,2,624.0,25.4,70000.0
Renault,KWID,2019,35000.0,Petrol,Manual,1,999.0,23.01,300000.0
Mahindra,Xylo,2011,130000.0,Diesel,Manual,2,2498.0,14.0,150000.0
Ford,Figo,2010,70000.0,Diesel,Manual,1,1399.0,20.0,260000.0
Maruti,Swift,2012,90000.0,Diesel,Manual,3,1248.0,19.3,320000.0
Tata,Nexon,2018,35000.0,Petrol,Manual,1,1198.0,17.0,700000.0
Volkswagen,Polo,2012,80000.0,Petrol,Manual,1,1198.0,16.47,415000.0
Maruti,Swift,2008,120000.0,Diesel,Manual,2,1248.0,17.8,260000.0
Tata,Nano,2011,80000.0,Petrol,Manual,1,624.0,26.0,70000.0
Toyota,Etios,2015,30000.0,Petrol,Manual,1,1197.0,17.71,515000.0
Hyundai,Verna,2016,60000.0,Diesel,Manual,1,1582.0,23.9,803999.0
Skoda,Octavia,2007,200000.0,Diesel,Manual,2,1896.0,16.6,275000.0
Ford,EcoSport,2017,101000.0,Diesel,Manual,1,1498.0,22.77,934000.0
Ford,Fiesta,2007,110000.0,Diesel,Manual,1,1399.0,17.8,210000.0
Toyota,Innova,2014,136000.0,Diesel,Manual,3,2494.0,12.99,1050000.0
Chevrolet,Tavera,2011,250000.0,Diesel,Manual,2,2499.0,14.8,650000.0
Chevrolet,Cruze,2012,74000.0,Diesel,Manual,4,1998.0,17.3,550000.0
Chevrolet,Tavera,2010,265000.0,Diesel,Manual,4,2499.0,14.8,285000.0
Honda,Jazz,2015,22700.0,Petrol,Manual,1,1199.0,18.7,700000.0
Hyundai,Grand,2016,45000.0,Petrol,Manual,1,1197.0,18.9,525000.0
Maruti,Eeco,2011,36000.0,Petrol,Manual,2,1196.0,15.37,250000.0
Maruti,Swift,2015,57000.0,Diesel,Manual,2,1248.0,26.59,575000.0
Tata,Tiago,2018,33000.0,Diesel,Manual,1,1047.0,27.28,540000.0
Maruti,Ertiga,2012,59000.0,Petrol,Manual,1,1373.0,16.02,560000.0
Volkswagen,Vento,2012,200000.0,Diesel,Manual,1,1598.0,20.54,380000.0
Ford,Figo,2011,80000.0,Petrol,Manual,2,1196.0,15.6,240000.0
Chevrolet,Spark,2012,70000.0,LPG,Manual,1,995.0,13.2,300000.0
Datsun,RediGO,2018,50000.0,Petrol,Manual,1,799.0,22.7,280000.0
Maruti,Ritz,2011,118000.0,Diesel,Manual,2,1248.0,21.1,350000.0
Tata,Indica,2014,250000.0,Diesel,Manual,2,1405.0,19.1,110000.0
Tata,Nexon,2018,20000.0,Diesel,Manual,1,1497.0,21.5,980000.0
Tata,Nexon,2018,21871.0,Diesel,Manual,1,1497.0,21.5,969999.0
Mahindra,KUV,2016,120000.0,Diesel,Manual,1,1198.0,25.32,357000.0
Tata,Indica,2014,100000.0,Diesel,Manual,1,1405.0,19.1,280000.0
Mahindra,Bolero,2012,50000.0,Diesel,Manual,1,2523.0,15.96,430000.0
Maruti,Swift,2014,50000.0,Diesel,Manual,1,1197.0,21.21,217000.0
Maruti,Alto,2015,70000.0,Petrol,Manual,1,796.0,22.74,250000.0
Chevrolet,Enjoy,2016,80000.0,Diesel,Manual,1,1248.0,18.2,525000.0
Tata,Tiago,2018,25000.0,Petrol,Manual,1,1199.0,23.84,500000.0
Mahindra,Scorpio,2019,60000.0,Diesel,Manual,1,2179.0,16.36,1000000.0
Maruti,Alto,2017,25000.0,Petrol,Manual,1,796.0,24.7,316000.0
Maruti,Alto,2018,50000.0,Petrol,Manual,1,796.0,24.7,350000.0
Tata,Nexon,2018,14000.0,Diesel,Manual,1,1497.0,21.5,950000.0
Maruti,800,2005,55425.0,Petrol,Manual,2,796.0,16.1,45000.0
Mahindra,Bolero,2013,76000.0,Diesel,Manual,1,2523.0,15.96,475000.0
Toyota,Fortuner,2020,3000.0,Diesel,Automatic,1,2755.0,15.04,3200000.0
Mahindra,TUV,2016,139000.0,Diesel,Manual,1,1493.0,18.49,600000.0
Volkswagen,Vento,2014,100000.0,Petrol,Manual,1,1598.0,15.04,430000.0
Hyundai,Creta,2015,60000.0,Diesel,Manual,1,1582.0,19.67,965000.0
Skoda,Rapid,2013,35000.0,Petrol,Automatic,2,1598.0,14.3,395000.0
Tata,Sumo,2008,120000.0,Diesel,Manual,1,1948.0,12.2,150000.0
Maruti,Ertiga,2013,37659.0,Diesel,Manual,1,1248.0,20.77,700000.0
Maruti,Ritz,2012,89000.0,Diesel,Manual,2,1248.0,23.2,250000.0
Maruti,Ertiga,2013,37500.0,Diesel,Manual,2,1248.0,20.77,680000.0
Tata,Tiago,2018,5000.0,Petrol,Automatic,1,1199.0,23.84,500000.0
Hyundai,Grand,2013,21000.0,Petrol,Manual,1,1197.0,18.9,420000.0
Maruti,Alto,2017,10000.0,Petrol,Manual,2,998.0,23.95,290000.0
Maruti,Swift,2017,30000.0,Diesel,Manual,1,1248.0,28.4,750000.0
Maruti,Eeco,2015,19800.0,Petrol,Manual,1,1196.0,15.37,300000.0
Maruti,Ritz,2011,90000.0,Diesel,Manual,3,1248.0,21.1,250000.0
Honda,Brio,2014,33033.0,Petrol,Manual,1,1198.0,19.4,335000.0
Hyundai,Grand,2015,63063.0,Petrol,Automatic,1,1197.0,18.9,465000.0
Maruti,Wagon,2007,70000.0,Petrol,Manual,2,1061.0,18.9,100000.0
Maruti,Wagon,2007,80000.0,Petrol,Manual,2,1061.0,17.3,100000.0
Maruti,Ertiga,2013,120000.0,Diesel,Manual,3,1248.0,20.77,550000.0
Maruti,Swift,2012,120000.0,Diesel,Manual,1,1248.0,19.3,341000.0
Hyundai,Grand,2017,50000.0,Diesel,Manual,1,1186.0,24.0,600000.0
Honda,City,2014,167000.0,Diesel,Manual,1,1498.0,25.1,650000.0
Chevrolet,Spark,2008,80000.0,Petrol,Manual,1,995.0,16.0,75527.0
Tata,Indigo,2014,100000.0,Diesel,Manual,2,1396.0,25.0,215000.0
Maruti,Ciaz,2017,60000.0,Diesel,Manual,1,1248.0,28.09,650000.0
Renault,Captur,2017,50000.0,Diesel,Manual,1,1461.0,20.37,900000.0
Hyundai,i20,2014,17000.0,Petrol,Manual,1,1197.0,18.6,500000.0
Maruti,Baleno,2017,46000.0,Petrol,Manual,1,1197.0,21.4,550000.0
Maruti,Swift,2015,60000.0,Diesel,Manual,1,1248.0,25.2,475000.0
Maruti,Wagon,2006,198000.0,Petrol,Manual,2,998.0,18.9,65000.0
Hyundai,Xcent,2015,60000.0,Diesel,Manual,1,1120.0,24.4,425000.0
Toyota,Corolla,2012,90000.0,Diesel,Manual,4,1364.0,21.43,476999.0
Chevrolet,Spark,2011,40000.0,Petrol,Manual,2,995.0,18.0,150000.0
Maruti,Alto,2011,90000.0,Petrol,Manual,1,796.0,19.7,225000.0
Maruti,Alto,2010,80000.0,Petrol,Manual,1,796.0,19.7,190000.0
Maruti,Alto,2003,164000.0,Petrol,Manual,3,796.0,19.7,100000.0
Mahindra,Bolero,2011,70000.0,Diesel,Manual,2,2523.0,13.6,400000.0
Audi,Q5,2018,31800.0,Diesel,Automatic,1,1968.0,17.01,3975000.0
Honda,CR-V,2016,74000.0,Petrol,Automatic,1,1997.0,13.7,1350000.0
Lexus,ES,2019,20000.0,Petrol,Automatic,1,2487.0,22.37,5150000.0
Jaguar,XF,2017,45000.0,Diesel,Automatic,1,1999.0,19.33,3200000.0
Jeep,Wrangler,2017,17000.0,Petrol,Automatic,1,3604.0,9.5,4100000.0
Mahindra,Thar,2018,12000.0,Diesel,Manual,1,2498.0,16.55,900000.0
Toyota,Camry,2016,68089.0,Petrol,Automatic,1,2494.0,19.16,2000000.0
Honda,Jazz,2016,56494.0,Petrol,Manual,1,1199.0,18.2,550000.0
Toyota,Innova,2013,79328.0,Diesel,Manual,2,2494.0,12.99,750000.0
Honda,Amaze,2019,7032.0,Petrol,Automatic,1,1199.0,19.0,779000.0
BMW,5,2018,10000.0,Diesel,Automatic,1,1995.0,22.48,4000000.0
Mercedes-Benz,E-Class,2019,17000.0,Petrol,Automatic,1,1991.0,15.0,5200000.0
Land Rover,Discovery,2019,21000.0,Diesel,Automatic,1,1999.0,12.83,4500000.0
Tata,Hexa,2017,26500.0,Diesel,Manual,1,2179.0,17.6,969999.0
Mercedes-Benz,S-Class,2017,37000.0,Diesel,Automatic,1,2987.0,13.5,6000000.0
Hyundai,Grand,2016,45629.0,Petrol,Automatic,1,1197.0,18.9,475000.0
Hyundai,Venue,2019,3500.0,Petrol,Automatic,1,998.0,18.15,1125000.0
Honda,CR-V,2017,52000.0,Petrol,Automatic,1,2354.0,12.0,1650000.0
Mahindra,Bolero,2019,35000.0,Diesel,Manual,1,1493.0,16.5,740000.0
Mahindra,KUV,2018,15000.0,Petrol,Manual,1,1198.0,18.15,400000.0
Maruti,Wagon,2018,14000.0,Petrol,Manual,1,998.0,20.51,430000.0
Mahindra,XUV300,2019,20000.0,Petrol,Manual,1,1197.0,17.0,1132000.0
Maruti,Wagon,2017,68850.0,Petrol,Manual,1,998.0,18.9,352000.0
Tata,Tiago,2016,45775.0,Petrol,Manual,1,1199.0,23.84,252999.0
Chevrolet,Spark,2012,70000.0,Petrol,Manual,2,995.0,16.2,80000.0
Maruti,Wagon,2015,68203.0,Petrol,Manual,1,998.0,21.79,313000.0
Hyundai,Grand,2014,30000.0,Petrol,Manual,2,1197.0,18.9,380000.0
Renault,KWID,2018,25000.0,Petrol,Manual,1,799.0,25.17,350000.0
Renault,Duster,2016,90000.0,Diesel,Manual,2,1461.0,19.87,600000.0
Tata,Manza,2011,97343.0,Diesel,Manual,1,1248.0,18.8,88000.0
Maruti,Omni,2008,70000.0,Petrol,Manual,4,796.0,19.7,160000.0
Maruti,Omni,2008,70000.0,Petrol,Manual,4,1197.0,21.21,125000.0
Hyundai,i10,2014,31000.0,Petrol,Manual,1,1197.0,20.36,290000.0
Mahindra,Scorpio,2014,70000.0,Diesel,Manual,1,2179.0,15.4,650000.0
Maruti,Eeco,2015,20000.0,CNG,Manual,1,1196.0,21.94,380000.0
Hyundai,EON,2014,62000.0,Petrol,Manual,1,814.0,21.1,180000.0
Maruti,800,2008,29000.0,Petrol,Manual,1,796.0,16.1,75000.0
Tata,Safari,2012,82507.0,Diesel,Manual,1,2179.0,13.93,132000.0
Chevrolet,Beat,2010,60000.0,Petrol,Manual,2,1199.0,18.6,110000.0
Maruti,Alto,2018,10000.0,Petrol,Manual,1,998.0,23.95,390000.0
Hyundai,i20,2015,70000.0,Petrol,Manual,1,1197.0,18.6,550000.0
Hyundai,Santro,2004,70000.0,Petrol,Manual,2,1197.0,19.81,70000.0
Maruti,800,2008,59400.0,Petrol,Manual,4,796.0,16.1,70000.0
Hyundai,EON,2013,20000.0,Petrol,Manual,1,814.0,21.1,275000.0
Maruti,SX4,2009,125876.0,Petrol,Manual,2,1586.0,15.0,250000.0
Jeep,Compass,2019,5000.0,Petrol,Automatic,1,1368.0,16.0,2100000.0
Tata,Sumo,2011,90000.0,Diesel,Manual,2,2179.0,13.55,250000.0
Isuzu,D-Max,2017,56800.0,Diesel,Manual,1,2499.0,12.4,1250000.0
Audi,A4,2014,60000.0,Diesel,Automatic,1,1968.0,16.55,1500000.0
Toyota,Innova,2011,60000.0,Diesel,Manual,1,2494.0,12.8,800000.0
Toyota,Fortuner,2014,150000.0,Diesel,Manual,1,2982.0,13.0,1380000.0
Maruti,Celerio,2014,65204.0,Petrol,Automatic,1,998.0,23.1,325000.0
Hyundai,Venue,2019,2286.0,Petrol,Automatic,1,998.0,18.15,1150000.0
Maruti,Swift,2018,15732.0,Petrol,Automatic,1,1197.0,22.0,655000.0
Mahindra,Thar,2019,13000.0,Diesel,Manual,1,2523.0,18.06,890000.0
Maruti,Ignis,2018,33000.0,Petrol,Manual,1,1197.0,20.89,525000.0
Hyundai,i10,2014,100000.0,Petrol,Manual,1,1086.0,19.81,300000.0
BMW,3,2017,39000.0,Diesel,Automatic,1,1995.0,19.59,2950000.0
BMW,5,2019,10000.0,Diesel,Automatic,1,1995.0,18.12,5200000.0
Honda,City,2018,28900.0,Petrol,Manual,1,1497.0,17.8,925000.0
Honda,City,2017,49523.0,Petrol,Manual,1,1497.0,17.0,675000.0
Maruti,Vitara,2018,48000.0,Diesel,Manual,1,1248.0,24.3,745000.0
Maruti,Vitara,2018,17000.0,Diesel,Manual,1,1248.0,24.3,835000.0
Volkswagen,Polo,2019,36800.0,Diesel,Manual,1,1498.0,20.14,695000.0
Maruti,Vitara,2018,36521.0,Diesel,Manual,1,1248.0,24.3,725000.0
Maruti,Swift,2017,90000.0,Petrol,Manual,1,1197.0,22.0,620000.0
Maruti,Zen,1998,80000.0,Petrol,Manual,3,993.0,17.3,58000.0
Nissan,Sunny,2014,71000.0,Diesel,Manual,1,1461.0,21.64,335000.0
Mahindra,XUV500,2011,108000.0,Diesel,Manual,1,2179.0,16.0,475000.0
Renault,Duster,2015,75000.0,Diesel,Manual,1,1461.0,19.87,484999.0
Maruti,Ciaz,2015,33000.0,Petrol,Manual,1,1373.0,20.73,610000.0
Hyundai,Creta,2015,50000.0,Diesel,Manual,1,1582.0,19.67,1000000.0
Renault,KWID,2019,35000.0,Petrol,Manual,1,999.0,23.01,300000.0
Hyundai,Creta,2018,15000.0,Petrol,Manual,1,1591.0,15.8,1405000.0
Maruti,Ciaz,2018,22000.0,Petrol,Manual,2,1462.0,21.56,650000.0
Hyundai,Creta,2015,108000.0,Diesel,Manual,1,1582.0,19.67,850000.0
Audi,Q5,2014,76131.0,Diesel,Automatic,1,2967.0,13.22,1850000.0
Hyundai,i10,2012,40000.0,Petrol,Manual,1,1197.0,20.36,267000.0
Hyundai,EON,2013,47000.0,Petrol,Manual,2,814.0,21.1,215000.0
Tata,Hexa,2017,45000.0,Diesel,Manual,1,2179.0,17.6,1282000.0
Maruti,Alto,2017,15000.0,Petrol,Manual,1,796.0,24.7,282000.0
Toyota,Innova,2012,90000.0,Diesel,Manual,1,2494.0,12.8,610000.0
Mahindra,Thar,2018,35000.0,Diesel,Manual,1,2498.0,16.55,900000.0
Mahindra,Scorpio,2015,70000.0,Diesel,Manual,1,1997.0,15.4,800000.0
Hyundai,i20,2013,110000.0,Diesel,Manual,2,1396.0,21.27,380000.0
Mahindra,Scorpio,2012,120000.0,Diesel,Manual,2,2179.0,12.05,450000.0
Maruti,SX4,2011,120000.0,Diesel,Manual,1,1248.0,21.5,242000.0
Renault,KWID,2017,35000.0,Petrol,Manual,2,799.0,25.17,350000.0
Tata,Tigor,2018,22000.0,Petrol,Manual,1,1199.0,20.3,400000.0
Maruti,Wagon,2017,70000.0,Petrol,Manual,1,998.0,20.51,400000.0
Chevrolet,Sail,2013,56000.0,Diesel,Manual,1,1248.0,22.1,246000.0
Tata,Indigo,2014,65000.0,Diesel,Manual,1,1405.0,19.09,221000.0
Ford,Endeavour,2013,62000.0,Diesel,Manual,1,2499.0,13.1,700000.0
Toyota,Fortuner,2016,52000.0,Diesel,Automatic,1,2982.0,12.55,1750000.0
Hyundai,Xcent,2017,49000.0,Diesel,Manual,1,1186.0,25.4,550000.0
Maruti,Ciaz,2015,50000.0,Diesel,Manual,2,1248.0,28.09,550000.0
Maruti,Swift,2013,65000.0,Diesel,Manual,1,1248.0,28.4,375000.0
Hyundai,Xcent,2015,55000.0,Diesel,Manual,1,1120.0,24.4,391000.0
Mercedes-Benz,B,2015,35000.0,Diesel,Automatic,2,2143.0,19.7,2051000.0
Tata,Aria,2014,78000.0,Diesel,Manual,2,2179.0,15.05,525000.0
Hyundai,Verna,2007,58000.0,Diesel,Manual,2,1493.0,16.8,212000.0
Chevrolet,Beat,2011,56000.0,Diesel,Manual,2,936.0,25.44,221000.0
Fiat,Linea,2010,61000.0,Diesel,Manual,2,1248.0,20.4,265000.0
Renault,Scala,2013,61000.0,Diesel,Manual,2,1461.0,21.64,399000.0
Hyundai,Getz,2008,61000.0,Diesel,Manual,2,1493.0,17.1,175000.0
Skoda,Rapid,2011,64481.0,Diesel,Manual,2,1598.0,20.5,411000.0
Volkswagen,Vento,2011,65000.0,Diesel,Manual,2,1598.0,20.54,365000.0
BMW,5,2009,80000.0,Diesel,Automatic,2,1995.0,22.48,975000.0
Nissan,Sunny,2015,61000.0,Diesel,Manual,2,1461.0,22.71,499000.0
Mercedes-Benz,M-Class,2014,70000.0,Diesel,Automatic,1,2987.0,11.74,2575000.0
Chevrolet,Spark,2009,30000.0,Petrol,Manual,1,995.0,18.0,145000.0
Tata,Indica,2011,200000.0,Diesel,Manual,2,1405.0,17.0,200000.0
Audi,Q3,2014,230000.0,Diesel,Automatic,1,1968.0,15.73,1200000.0
Hyundai,EON,2016,100000.0,Petrol,Manual,1,998.0,20.3,280000.0
Mahindra,Scorpio,2011,95000.0,Diesel,Automatic,2,2179.0,11.79,450000.0
Honda,City,2006,140000.0,Petrol,Manual,3,1497.0,17.7,150000.0
Honda,Mobilio,2017,70000.0,Petrol,Manual,1,1497.0,17.3,600000.0
Renault,KWID,2016,60000.0,Petrol,Manual,1,799.0,25.17,275000.0
Tata,Manza,2010,88000.0,Diesel,Manual,1,1248.0,18.8,110000.0
Mahindra,XUV500,2012,200000.0,Diesel,Manual,4,2179.0,15.1,500000.0
Mahindra,XUV500,2012,60000.0,Diesel,Manual,2,2179.0,15.1,700000.0
BMW,3,2012,155000.0,Diesel,Automatic,2,1995.0,16.07,900000.0
Maruti,Wagon,2005,80000.0,Petrol,Manual,2,998.0,18.9,150000.0
Nissan,Sunny,2013,80000.0,Petrol,Manual,3,1498.0,16.95,275000.0
Maruti,Swift,2014,40000.0,Diesel,Manual,1,1248.0,28.4,455000.0
Hyundai,Creta,2015,50000.0,Diesel,Manual,1,1582.0,19.67,900000.0
Maruti,Swift,2014,40000.0,Diesel,Manual,1,1248.0,25.2,455000.0
Honda,City,2017,47000.0,Diesel,Manual,2,1498.0,26.0,650000.0
Hyundai,Grand,2018,20000.0,Petrol,Manual,2,1197.0,18.9,551000.0
Volkswagen,Ameo,2017,49060.0,Diesel,Manual,1,1498.0,22.0,650000.0
Hyundai,i20,2015,60000.0,Petrol,Manual,1,1197.0,18.6,600000.0
Maruti,Alto,2013,18000.0,Petrol,Manual,1,796.0,22.74,235000.0
Ford,Ecosport,2018,37161.0,Diesel,Manual,1,1498.0,22.7,800000.0
Hyundai,Creta,2016,80000.0,Diesel,Manual,1,1582.0,19.67,1050000.0
Tata,Nano,2012,28000.0,Petrol,Manual,2,624.0,25.4,45000.0
Hyundai,Verna,2013,100000.0,Petrol,Automatic,2,1591.0,15.74,450000.0
Volkswagen,Polo,2014,120000.0,Diesel,Manual,2,1498.0,20.14,391000.0
Chevrolet,Enjoy,2013,70000.0,Diesel,Manual,2,1248.0,18.2,380000.0
Maruti,Wagon,2010,90000.0,Petrol,Manual,2,1061.0,18.9,170000.0
Tata,Sumo,2011,90000.0,Diesel,Manual,2,2179.0,13.55,250000.0
Toyota,Innova,2011,60000.0,Diesel,Manual,1,2494.0,12.8,800000.0
Toyota,Fortuner,2014,150000.0,Diesel,Manual,1,2982.0,13.0,1380000.0
Mahindra,Thar,2014,24000.0,Diesel,Manual,1,2498.0,16.55,700000.0
Honda,Mobilio,2016,100000.0,Diesel,Manual,2,1498.0,24.2,450000.0
Mahindra,KUV,2018,6000.0,Petrol,Manual,1,1198.0,18.15,650000.0
Mahindra,XUV500,2013,49700.0,Diesel,Manual,1,2179.0,15.1,950000.0
Toyota,Innova,2007,80000.0,Diesel,Manual,2,2494.0,12.8,626000.0
Toyota,Qualis,2000,100000.0,Diesel,Manual,1,2494.0,12.99,200000.0
Maruti,Swift,2019,10000.0,Petrol,Automatic,1,1197.0,21.21,600000.0
Renault,KWID,2019,21000.0,Petrol,Manual,1,799.0,25.17,290000.0
Maruti,Alto,2013,25000.0,Petrol,Manual,1,998.0,20.92,215000.0
Renault,KWID,2016,22000.0,Petrol,Manual,1,799.0,25.17,250000.0
Maruti,Ertiga,2017,50000.0,Diesel,Manual,1,1248.0,24.52,750000.0
Maruti,Alto,2016,20000.0,Petrol,Manual,2,998.0,23.95,250000.0
Honda,BRV,2017,15000.0,Petrol,Automatic,1,1497.0,15.4,950000.0
Ford,Figo,2018,30000.0,Diesel,Manual,1,1498.0,25.83,793000.0
Hyundai,Creta,2015,74000.0,Diesel,Manual,1,1582.0,19.67,750000.0
Honda,Jazz,2017,6550.0,Petrol,Automatic,1,1199.0,18.2,725000.0
Hyundai,Grand,2016,30000.0,Diesel,Manual,1,1120.0,24.0,480000.0
Jaguar,XE,2017,9000.0,Diesel,Automatic,1,1999.0,13.6,2711000.0
Lexus,ES,2019,20000.0,Petrol,Automatic,1,2487.0,22.37,5150000.0
Jaguar,XF,2017,45000.0,Diesel,Automatic,1,1999.0,19.33,3200000.0
Tata,Safari,2015,110000.0,Diesel,Manual,1,2179.0,14.1,503000.0
Volvo,XC40,2019,20000.0,Diesel,Automatic,1,1969.0,18.0,3800000.0
Toyota,Camry,2016,68089.0,Petrol,Automatic,1,2494.0,19.16,2000000.0
Maruti,Wagon,2013,58343.0,Petrol,Manual,1,998.0,21.79,225000.0
Maruti,Baleno,2018,38817.0,Diesel,Manual,1,1248.0,27.39,740000.0
Honda,Jazz,2016,56494.0,Petrol,Manual,1,1199.0,18.2,550000.0
Toyota,Innova,2013,79328.0,Diesel,Manual,2,2494.0,12.99,750000.0
Maruti,Swift,2019,5621.0,Petrol,Automatic,1,1197.0,22.0,650000.0
Toyota,Etios,2017,25538.0,Petrol,Manual,1,1496.0,16.78,625000.0
Maruti,Swift,2018,69779.0,Petrol,Automatic,1,1197.0,22.0,600000.0
Hyundai,Grand,2017,56290.0,Diesel,Manual,1,1186.0,24.0,450000.0
BMW,X4,2019,7500.0,Diesel,Automatic,1,1995.0,16.78,5400000.0
BMW,X4,2019,8500.0,Diesel,Automatic,1,1995.0,16.78,5500000.0
Honda,Amaze,2019,7032.0,Petrol,Automatic,1,1199.0,19.0,779000.0
Skoda,Rapid,2016,11000.0,Petrol,Automatic,1,1598.0,14.3,645000.0
Volvo,V40,2018,2000.0,Diesel,Automatic,1,1984.0,16.8,2475000.0
Hyundai,Verna,2017,20000.0,Petrol,Automatic,1,1591.0,17.0,990000.0
Maruti,Swift,2012,68000.0,Diesel,Manual,1,1248.0,23.4,370000.0
Chevrolet,Sail,2014,60175.0,Petrol,Manual,1,1199.0,18.2,300000.0
Hyundai,EON,2012,25000.0,Petrol,Manual,1,814.0,21.1,250000.0
Ford,Figo,2017,49957.0,Diesel,Manual,1,1498.0,25.83,700000.0
Ford,Figo,2017,43235.0,Diesel,Manual,1,1498.0,24.29,600000.0
Ford,EcoSport,2018,50699.0,Diesel,Manual,1,1498.0,22.77,925000.0
Hyundai,i20,2016,111000.0,Diesel,Manual,2,1396.0,21.19,700000.0
Maruti,Baleno,2018,48000.0,Petrol,Manual,2,998.0,21.1,700000.0
Maruti,Swift,2007,90000.0,Diesel,Manual,4,1248.0,17.8,185000.0
Tata,Sumo,2015,80000.0,Diesel,Manual,1,2956.0,15.3,434999.0
Ford,Figo,2017,100000.0,Petrol,Manual,1,1196.0,18.16,400000.0
Ford,Figo,2011,90000.0,Diesel,Manual,3,1399.0,20.0,180000.0
Maruti,Swift,2015,50000.0,Diesel,Manual,1,1248.0,26.59,600000.0
Toyota,Etios,2014,90000.0,Diesel,Manual,3,1364.0,23.59,320000.0
Toyota,Innova,2016,120000.0,Diesel,Manual,1,2393.0,13.68,1689999.0
Volkswagen,Vento,2011,140000.0,Petrol,Automatic,2,1598.0,14.4,250000.0
Tata,Tigor,2019,20000.0,Petrol,Manual,1,1199.0,20.3,650000.0
Toyota,Corolla,2009,82000.0,Petrol,Manual,2,1798.0,14.53,340000.0
Ambassador,Grand,2008,80000.0,Diesel,Manual,3,1995.0,13.5,200000.0
Maruti,Vitara,2017,40000.0,Diesel,Manual,1,1248.0,24.3,869999.0
Maruti,Ertiga,2017,120000.0,Diesel,Manual,1,1248.0,24.52,795000.0
Maruti,Vitara,2017,60000.0,Diesel,Manual,1,1248.0,24.3,869999.0
Maruti,Ritz,2010,70000.0,Diesel,Manual,2,1248.0,21.1,200000.0
Hyundai,Verna,2017,45500.0,Diesel,Manual,2,1582.0,23.9,800000.0
Toyota,Innova,2014,120000.0,Diesel,Manual,1,2494.0,12.99,1100000.0
Maruti,Alto,2008,100000.0,Petrol,Manual,2,796.0,19.7,114999.0
Maruti,Ertiga,2013,92000.0,Diesel,Manual,3,1248.0,20.77,500000.0
Maruti,Swift,2014,141000.0,Diesel,Manual,4,1248.0,25.2,700000.0
Toyota,Innova,2016,120000.0,Diesel,Automatic,1,2755.0,11.36,1516000.0
Datsun,RediGO,2016,35000.0,Petrol,Manual,1,799.0,22.7,200000.0
Honda,Amaze,2015,50000.0,Petrol,Manual,1,1198.0,17.8,450000.0
Tata,Nexon,2018,9500.0,Diesel,Manual,1,1497.0,21.5,850000.0
Maruti,Eeco,2019,5500.0,Petrol,Manual,1,1196.0,15.37,359000.0
Renault,KWID,2017,28000.0,Petrol,Manual,1,799.0,25.17,320000.0
Tata,Indica,2009,113000.0,Petrol,Manual,1,1193.0,15.3,110000.0
Maruti,Eeco,2011,1.0,CNG,Manual,4,1196.0,15.1,209000.0
Tata,Manza,2010,100000.0,Petrol,Manual,2,1368.0,15.0,169000.0
Hyundai,Grand,2014,50074.0,Diesel,Manual,1,1120.0,24.0,400000.0
Hyundai,i20,2014,100000.0,Diesel,Manual,4,1396.0,22.54,600000.0
Maruti,Eeco,2017,35000.0,Petrol,Manual,1,1196.0,15.37,350000.0
Ford,EcoSport,2018,60000.0,Diesel,Manual,1,1498.0,23.0,990000.0
Mercedes-Benz,E-Class,2011,70000.0,Diesel,Automatic,1,2143.0,14.21,1600000.0
Tata,Hexa,2017,70000.0,Diesel,Manual,1,2179.0,17.6,1400000.0
Maruti,Baleno,2017,10000.0,Petrol,Automatic,1,1197.0,21.4,745000.0
Skoda,Kodiaq,2018,40000.0,Diesel,Automatic,1,1968.0,16.25,2800000.0
Maruti,Swift,2015,35000.0,Diesel,Manual,1,1248.0,25.2,500000.0
Maruti,Wagon,2019,5000.0,Petrol,Automatic,1,1197.0,20.52,540000.0
Toyota,Innova,2016,33000.0,Diesel,Manual,1,2393.0,13.68,1850000.0
Tata,Bolt,2017,27000.0,Diesel,Manual,1,1248.0,22.95,600000.0
Ford,Freestyle,2018,25000.0,Petrol,Manual,1,1194.0,19.0,690000.0
Maruti,Swift,2016,30154.0,Diesel,Manual,1,1248.0,25.2,630000.0
Hyundai,Xcent,2018,20000.0,Petrol,Manual,1,1197.0,20.14,640000.0
Volvo,S90,2019,17000.0,Diesel,Automatic,1,1969.0,18.0,5500000.0
Ford,Endeavour,2016,85000.0,Diesel,Automatic,2,2198.0,12.62,2100000.0
Maruti,Swift,2016,100000.0,Petrol,Manual,1,1197.0,20.4,500000.0
Maruti,Alto,2017,54000.0,Petrol,Manual,1,796.0,24.7,310000.0
Mahindra,TUV,2015,80000.0,Diesel,Manual,1,1493.0,18.49,600000.0
Maruti,800,1999,100000.0,Petrol,Manual,3,796.0,16.1,40000.0
Hyundai,Xcent,2018,70000.0,Diesel,Manual,1,1186.0,25.4,620000.0
Maruti,Baleno,2018,50000.0,Diesel,Manual,1,1248.0,27.39,760000.0
Hyundai,Verna,2018,40000.0,Diesel,Manual,1,1582.0,22.0,1200000.0
Maruti,Baleno,2018,50000.0,Diesel,Manual,1,1248.0,27.39,760000.0
Hyundai,i10,2012,45000.0,Petrol,Manual,1,1197.0,20.36,300000.0
Tata,Tiago,2019,5000.0,Petrol,Manual,1,1199.0,23.84,500000.0
Chevrolet,Beat,2012,70000.0,Petrol,Manual,3,1199.0,18.6,120000.0
Hyundai,EON,2017,26263.0,Petrol,Manual,1,814.0,21.1,350000.0
Mahindra,KUV,2016,100000.0,Petrol,Manual,2,1198.0,18.15,350000.0
Toyota,Innova,2012,250000.0,Diesel,Manual,1,2494.0,12.99,730000.0
Renault,Duster,2018,18000.0,Diesel,Manual,1,1461.0,19.6,1050000.0
Hyundai,Verna,2013,80000.0,Diesel,Manual,1,1493.0,25.0,550000.0
Maruti,SX4,2016,108000.0,Diesel,Manual,1,1248.0,23.65,675000.0
Toyota,Innova,2015,170000.0,Diesel,Manual,1,2494.0,12.99,1400000.0
Maruti,Swift,2017,25000.0,Petrol,Manual,1,1197.0,22.0,625000.0
Hyundai,Creta,2018,11000.0,Petrol,Manual,1,1591.0,15.8,1220000.0
Maruti,S-Presso,2019,5000.0,Petrol,Automatic,1,998.0,21.7,475000.0
Ford,Ecosport,2014,105000.0,Diesel,Manual,1,1498.0,21.7,550000.0
Maruti,Ritz,2012,40000.0,Petrol,Manual,1,1197.0,18.5,320000.0
Maruti,Swift,2014,90000.0,Diesel,Manual,1,1248.0,22.9,530000.0
Maruti,Alto,2018,30000.0,Petrol,Manual,1,796.0,24.7,300000.0
Honda,City,2018,5500.0,Petrol,Manual,1,1497.0,17.4,1180000.0
Maruti,Alto,2000,90000.0,Petrol,Manual,2,796.0,19.7,45957.0
Hyundai,EON,2012,65000.0,Petrol,Manual,1,814.0,21.1,190000.0
Hyundai,Verna,2014,60000.0,Diesel,Manual,1,1582.0,22.32,730000.0
Maruti,Swift,2015,120000.0,Diesel,Manual,1,1248.0,25.2,530000.0
Ford,Figo,2019,9500.0,Petrol,Manual,1,1196.0,18.16,530000.0
Renault,Captur,2018,12000.0,Diesel,Manual,1,1461.0,20.37,1265000.0
Maruti,Ciaz,2019,32000.0,Diesel,Manual,1,1248.0,28.09,1025000.0
Maruti,Alto,2009,60000.0,Petrol,Manual,1,796.0,19.7,130000.0
Mahindra,TUV,2017,70000.0,Diesel,Manual,1,1493.0,18.49,735000.0
BMW,3,2011,84925.0,Diesel,Automatic,1,1995.0,16.07,1500000.0
Hyundai,Santro,2007,120000.0,Petrol,Manual,2,1086.0,17.8,120000.0
Toyota,Innova,2012,250000.0,Diesel,Manual,1,2494.0,12.99,730000.0
Renault,Duster,2018,18000.0,Diesel,Manual,1,1461.0,19.6,1050000.0
Hyundai,Verna,2013,80000.0,Diesel,Manual,1,1493.0,25.0,550000.0
Maruti,SX4,2016,108000.0,Diesel,Manual,1,1248.0,23.65,675000.0
Toyota,Innova,2015,170000.0,Diesel,Manual,1,2494.0,12.99,1400000.0
Maruti,Swift,2017,25000.0,Petrol,Manual,1,1197.0,22.0,625000.0
Hyundai,Creta,2018,11000.0,Petrol,Manual,1,1591.0,15.8,1220000.0
Maruti,S-Presso,2019,5000.0,Petrol,Automatic,1,998.0,21.7,475000.0
Ford,Ecosport,2014,105000.0,Diesel,Manual,1,1498.0,21.7,550000.0
Maruti,Ritz,2012,40000.0,Petrol,Manual,1,1197.0,18.5,320000.0
Maruti,Swift,2014,90000.0,Diesel,Manual,1,1248.0,22.9,530000.0
Maruti,Alto,2018,30000.0,Petrol,Manual,1,796.0,24.7,300000.0
Honda,City,2018,5500.0,Petrol,Manual,1,1497.0,17.4,1180000.0
Maruti,Alto,2000,90000.0,Petrol,Manual,2,796.0,19.7,45957.0
Hyundai,EON,2012,65000.0,Petrol,Manual,1,814.0,21.1,190000.0
Hyundai,Verna,2014,60000.0,Diesel,Manual,1,1582.0,22.32,730000.0
Maruti,Swift,2015,120000.0,Diesel,Manual,1,1248.0,25.2,530000.0
Ford,Figo,2019,9500.0,Petrol,Manual,1,1196.0,18.16,530000.0
Renault,Captur,2018,12000.0,Diesel,Manual,1,1461.0,20.37,1265000.0
Maruti,Ciaz,2019,32000.0,Diesel,Manual,1,1248.0,28.09,1025000.0
Hyundai,Grand,2017,50000.0,Petrol,Manual,1,1197.0,18.9,470000.0
Tata,Indigo,2014,50000.0,Diesel,Manual,2,1396.0,25.0,250000.0
Maruti,Ertiga,2013,90000.0,Petrol,Manual,1,1373.0,16.02,430000.0
Maruti,Ertiga,2012,93000.0,Diesel,Manual,1,1248.0,20.77,550000.0
Maruti,Swift,2015,117000.0,Petrol,Manual,1,1197.0,20.85,500000.0
Honda,City,2008,90000.0,Petrol,Manual,2,1497.0,17.7,240000.0
Maruti,Swift,2008,80000.0,Petrol,Manual,3,1298.0,16.1,170000.0
Hyundai,Santro,2000,50000.0,Petrol,Manual,2,1197.0,19.81,140000.0
Maruti,Alto,2016,30000.0,Petrol,Manual,1,796.0,22.74,252000.0
Maruti,Alto,2017,35000.0,Petrol,Manual,1,796.0,24.7,270000.0
Maruti,Alto,2004,40000.0,Petrol,Manual,1,796.0,19.7,100000.0
Maruti,Wagon,2015,46357.0,Petrol,Manual,2,998.0,20.51,350000.0
Ford,Fiesta,2011,80000.0,Petrol,Manual,2,1388.0,16.6,240000.0
Renault,Lodgy,2016,7000.0,Diesel,Manual,1,1461.0,21.04,620000.0
Renault,Fluence,2011,43000.0,Petrol,Automatic,1,1997.0,13.4,600000.0
Ford,Figo,2016,85000.0,Diesel,Manual,1,1499.0,24.4,650000.0
Hyundai,Verna,2018,70000.0,Diesel,Manual,1,1582.0,22.0,950000.0
Maruti,Swift,2017,56000.0,Diesel,Manual,1,1248.0,25.2,660000.0
Hyundai,i20,2012,90000.0,Diesel,Manual,2,1396.0,21.9,360000.0
Maruti,Alto,2017,40000.0,Petrol,Manual,1,998.0,23.95,382000.0
Hyundai,Santro,2006,80000.0,Petrol,Manual,2,1197.0,19.81,145000.0
Hyundai,i10,2011,60000.0,Petrol,Manual,2,1086.0,19.81,270000.0
Hyundai,i20,2015,70000.0,Diesel,Manual,1,1396.0,22.54,650000.0
Ford,Figo,2011,170000.0,Diesel,Manual,2,1399.0,20.0,200000.0
Maruti,Celerio,2015,95000.0,Diesel,Manual,1,793.0,27.62,400000.0
Maruti,Swift,2012,90000.0,Diesel,Manual,2,1248.0,22.9,416000.0
Maruti,Baleno,2018,35000.0,Diesel,Manual,1,1248.0,27.39,750000.0
Tata,Indica,2013,120000.0,Diesel,Manual,2,1248.0,22.3,190000.0
Tata,Indica,2008,120000.0,Diesel,Manual,4,1396.0,17.88,60000.0
Tata,New,2006,175000.0,Diesel,Manual,2,2179.0,13.93,300000.0
Maruti,Wagon,2013,90000.0,Petrol,Manual,2,998.0,18.9,300000.0
Tata,Indica,2007,120000.0,Diesel,Manual,3,1396.0,17.2,65000.0
Ford,Fiesta,2012,108000.0,Diesel,Manual,2,1399.0,17.8,270000.0
Mahindra,Bolero,2014,70000.0,Diesel,Manual,1,2523.0,15.96,600000.0
Hyundai,Santa,2011,62000.0,Diesel,Automatic,2,2199.0,11.72,1200000.0
Hyundai,EON,2012,35000.0,Petrol,Manual,2,814.0,21.1,195000.0
Maruti,800,1998,40000.0,Petrol,Manual,2,796.0,16.1,35000.0
Tata,Indigo,2008,120000.0,Diesel,Manual,1,1396.0,19.09,100000.0
Hyundai,i10,2012,67000.0,Petrol,Manual,2,1197.0,20.36,220000.0
Maruti,Alto,2016,46737.0,Petrol,Manual,1,796.0,22.74,320000.0
Chevrolet,Beat,2014,30000.0,Petrol,Manual,1,1199.0,18.6,240000.0
Tata,Sumo,2014,300000.0,Diesel,Manual,1,2956.0,15.3,275000.0
Chevrolet,Enjoy,2014,195000.0,Diesel,Manual,1,1248.0,18.2,275000.0
Tata,Indica,2011,70000.0,Petrol,Manual,2,1172.0,16.5,130000.0
Hyundai,Verna,2012,200000.0,Diesel,Manual,2,1582.0,22.32,450000.0
Renault,Duster,2015,160000.0,Diesel,Manual,1,1461.0,19.01,600000.0
Maruti,Alto,2018,20000.0,Petrol,Manual,1,796.0,24.7,310000.0
Maruti,Wagon,2018,30000.0,Petrol,Manual,1,998.0,20.51,432000.0
Tata,Indica,2012,90000.0,Diesel,Manual,3,1405.0,19.4,175000.0
Maruti,Ertiga,2016,100000.0,Diesel,Manual,2,1248.0,24.52,770000.0
Maruti,Alto,2011,110048.0,Petrol,Manual,3,998.0,20.92,135000.0
Hyundai,Xcent,2018,26000.0,Diesel,Manual,1,1186.0,25.4,680000.0
Maruti,Wagon,2007,110000.0,Petrol,Manual,4,1061.0,18.9,90000.0
Maruti,Gypsy,1997,186388.0,Petrol,Manual,2,1298.0,14.8,300000.0
Chevrolet,Aveo,2007,60000.0,Petrol,Manual,3,1150.0,14.7,100000.0
Maruti,Alto,2006,70000.0,Petrol,Manual,3,796.0,19.7,120000.0
Renault,Duster,2017,20171.0,Diesel,Automatic,1,1461.0,19.87,750000.0
Honda,Jazz,2017,37151.0,Diesel,Manual,1,1498.0,27.3,525000.0
Honda,City,2015,39000.0,Petrol,Manual,1,1497.0,17.4,649000.0
Volkswagen,Polo,2010,44500.0,Petrol,Manual,1,1198.0,16.47,210000.0
Honda,Jazz,2016,15000.0,Petrol,Manual,1,1199.0,18.7,526000.0
Ford,Ecosport,2016,39000.0,Petrol,Manual,1,1496.0,15.9,599000.0
Honda,City,2015,58161.0,Petrol,Manual,1,1497.0,17.8,500000.0
Honda,CR-V,2012,50171.0,Petrol,Automatic,1,2354.0,11.1,750000.0
Honda,City,2011,40000.0,Petrol,Manual,1,1497.0,17.4,325000.0
Honda,City,2016,55161.0,Petrol,Manual,1,1497.0,17.8,575000.0
Honda,Brio,2012,30000.0,Petrol,Manual,1,1198.0,18.5,245000.0
Honda,City,2016,55000.0,Petrol,Manual,1,1497.0,17.8,625000.0
Honda,Accord,2013,50000.0,Petrol,Automatic,1,2354.0,11.7,580000.0
Audi,A3,2017,8000.0,Petrol,Automatic,1,1798.0,16.6,1689999.0
Hyundai,Creta,2018,14000.0,Petrol,Manual,1,1591.0,15.8,1175000.0
Honda,City,2015,9599.0,Petrol,Manual,1,1497.0,17.8,575000.0
Hyundai,i20,2017,35000.0,Petrol,Manual,1,1197.0,17.0,600000.0
Honda,City,2016,16151.0,Petrol,Manual,1,1497.0,17.8,750000.0
Hyundai,Creta,2016,40000.0,Petrol,Automatic,1,1591.0,14.8,890000.0
Honda,City,2015,28161.0,Petrol,Manual,1,1497.0,17.8,600000.0
Chevrolet,Spark,2010,60000.0,Petrol,Manual,2,995.0,18.0,114999.0
Chevrolet,Spark,2010,60000.0,Petrol,Manual,2,995.0,18.0,140000.0
Mahindra,Scorpio,2011,100000.0,Diesel,Manual,4,2179.0,13.5,360000.0
Ford,Figo,2017,165000.0,Diesel,Manual,1,1497.0,20.0,580000.0
Maruti,Swift,2017,130000.0,Petrol,Manual,2,1197.0,19.0,500000.0
Honda,Amaze,2015,60000.0,Diesel,Manual,1,1498.0,25.8,409999.0
Toyota,Innova,2010,200000.0,Diesel,Manual,2,2494.0,12.8,425000.0
Nissan,Terrano,2014,82000.0,Diesel,Manual,2,1461.0,20.45,450000.0
Hyundai,Grand,2014,20000.0,Petrol,Manual,1,1197.0,18.9,400000.0
Maruti,SX4,2013,60000.0,Petrol,Manual,3,1586.0,16.51,295000.0
Maruti,Ciaz,2014,90000.0,Diesel,Manual,2,1248.0,26.21,560000.0
Maruti,Wagon,2006,50000.0,Petrol,Manual,3,1061.0,14.0,150000.0
Toyota,Innova,2009,250000.0,Diesel,Manual,1,2494.0,12.8,550000.0
Chevrolet,Spark,2011,100000.0,Petrol,Manual,2,995.0,18.0,114999.0
Tata,Indigo,2007,129000.0,Diesel,Manual,3,1405.0,17.0,90177.0
Tata,New,2010,100000.0,Diesel,Manual,1,2179.0,11.57,300000.0
Honda,City,2005,100000.0,Petrol,Automatic,2,1493.0,12.0,110000.0
Ford,Fiesta,2007,110000.0,Diesel,Manual,3,1399.0,17.8,125000.0
Chevrolet,Captiva,2008,100000.0,Diesel,Manual,2,1991.0,11.5,300000.0
Hyundai,Grand,2017,20000.0,Petrol,Manual,1,1197.0,18.9,450000.0
Chevrolet,Cruze,2011,40000.0,Diesel,Manual,1,1991.0,18.3,300000.0
Maruti,Celerio,2018,30000.0,Petrol,Automatic,1,998.0,23.1,470000.0
Tata,Bolt,2015,25000.0,Petrol,Manual,1,1193.0,17.57,330000.0
Maruti,Wagon,2018,25000.0,Petrol,Manual,2,998.0,20.51,390000.0
Tata,Nano,2011,25000.0,Petrol,Manual,2,624.0,26.0,46000.0
Nissan,Terrano,2013,170000.0,Diesel,Manual,1,1461.0,20.45,509999.0
Fiat,Linea,2010,40000.0,Petrol,Manual,2,1368.0,16.0,125000.0
Hyundai,i20,2017,28000.0,Diesel,Manual,1,1396.0,22.54,780000.0
Hyundai,Verna,2011,100000.0,Diesel,Manual,1,1582.0,22.32,450000.0
Tata,Manza,2012,80868.0,Petrol,Manual,3,1368.0,13.7,200000.0
Ford,Figo,2012,194000.0,Diesel,Manual,1,1399.0,20.0,260000.0
Maruti,Swift,2009,151000.0,Diesel,Manual,2,1248.0,17.8,250000.0
Ford,EcoSport,2018,65000.0,Diesel,Manual,1,1498.0,23.0,880000.0
Maruti,Swift,2009,100000.0,Diesel,Manual,2,1248.0,17.8,307000.0
Mahindra,XUV500,2013,120000.0,Diesel,Manual,1,2179.0,15.1,750000.0
Tata,Nexon,2018,85000.0,Diesel,Manual,2,1497.0,21.5,800000.0
Fiat,Grande,2012,70000.0,Diesel,Manual,1,1248.0,20.3,450000.0
Hyundai,Verna,2011,128000.0,Diesel,Manual,2,1582.0,22.32,450000.0
Maruti,Swift,2006,100000.0,Petrol,Manual,2,1197.0,21.21,130000.0
Honda,City,2006,70000.0,Petrol,Manual,2,1497.0,16.9,160000.0
Honda,City,2004,120000.0,Petrol,Manual,2,1343.0,13.0,135000.0
Hyundai,Verna,2012,128000.0,Diesel,Manual,2,1582.0,22.32,450000.0
Renault,Duster,2013,100000.0,Diesel,Manual,3,1461.0,20.45,325000.0
Kia,Seltos,2019,20000.0,Diesel,Automatic,1,1493.0,17.8,1575000.0
Ford,Freestyle,2018,24000.0,Diesel,Manual,1,1498.0,24.4,750000.0
Maruti,Celerio,2017,12000.0,Petrol,Manual,1,998.0,23.1,425000.0
Toyota,Etios,2014,50000.0,Diesel,Manual,1,1364.0,23.59,425000.0
Ford,Freestyle,2018,24000.0,Diesel,Manual,1,1498.0,24.4,746000.0
Toyota,Innova,2010,129000.0,Diesel,Manual,1,2494.0,12.8,425000.0
Maruti,Alto,2011,73000.0,Petrol,Manual,1,796.0,19.7,200000.0
Maruti,800,1997,120000.0,Petrol,Manual,1,796.0,16.1,40000.0
Maruti,Alto,2017,45000.0,Petrol,Manual,1,998.0,23.95,340000.0
Maruti,Swift,2015,50000.0,Diesel,Manual,1,1248.0,26.59,625000.0
Hyundai,i20,2013,25000.0,Petrol,Manual,1,1197.0,18.5,380000.0
Maruti,Wagon,2017,80000.0,Petrol,Manual,1,998.0,20.51,360000.0
Hyundai,Santro,2008,191000.0,Petrol,Manual,1,1086.0,17.92,120000.0
Maruti,Wagon,2013,50000.0,Petrol,Manual,2,998.0,18.9,260000.0
Hyundai,i20,2014,80000.0,Diesel,Manual,2,1396.0,22.54,475000.0
Hyundai,i20,2013,110000.0,Petrol,Manual,1,1197.0,18.5,320000.0
Hyundai,Verna,2007,119000.0,Diesel,Manual,4,1493.0,16.8,135000.0
Maruti,Swift,2009,120000.0,Diesel,Manual,1,1248.0,19.3,382000.0
Tata,Indigo,2013,25000.0,Diesel,Manual,1,1396.0,23.57,290000.0
Tata,Indigo,2013,25000.0,Diesel,Manual,1,1396.0,23.57,290000.0
